{
"type": "FeatureCollection",
"name": "kecamatan-kbb",
"xy_coordinate_resolution": 1e-07,
"features": [
{ "type": "Feature", "properties": { "kd_propinsi": "32", "kd_dati2": "17", "kd_kecamatan": "001", "nama_kecamatan": "Lembang", "id_kecamatan": 1 }, "geometry": { "type": "MultiPolygon", "coordinates": [ [ [ [ 107.6113929, -6.8500326, 0.0 ], [ 107.6113941, -6.8500086, 0.0 ], [ 107.611419, -6.8498581, 0.0 ], [ 107.6118624, -6.8497779, 0.0 ], [ 107.6118695, -6.8497755, 0.0 ], [ 107.612386, -6.8496031, 0.0 ], [ 107.6125798, -6.8496159, 0.0 ], [ 107.6125799, -6.849616, 0.0 ], [ 107.6125864, -6.8496189, 0.0 ], [ 107.6126917, -6.8496794, 0.0 ], [ 107.6127129, -6.849701, 0.0 ], [ 107.6127332, -6.8497216, 0.0 ], [ 107.6127485, -6.8497304, 0.0 ], [ 107.6127897, -6.849754, 0.0 ], [ 107.6128251, -6.8497352, 0.0 ], [ 107.612854, -6.8497199, 0.0 ], [ 107.6129594, -6.8495931, 0.0 ], [ 107.6130102, -6.8494413, 0.0 ], [ 107.6130105, -6.8494405, 0.0 ], [ 107.6130594, -6.8492536, 0.0 ], [ 107.613118, -6.8491466, 0.0 ], [ 107.6131642, -6.8491165, 0.0 ], [ 107.6132141, -6.849084, 0.0 ], [ 107.6133495, -6.8490513, 0.0 ], [ 107.6133839, -6.849043, 0.0 ], [ 107.6134402, -6.8490615, 0.0 ], [ 107.6134875, -6.8490769, 0.0 ], [ 107.6136021, -6.8491489, 0.0 ], [ 107.6136162, -6.8491578, 0.0 ], [ 107.6136746, -6.8491944, 0.0 ], [ 107.6137054, -6.8492308, 0.0 ], [ 107.6137054, -6.8492308, 0.0 ], [ 107.613742, -6.8492995, 0.0 ], [ 107.6137799, -6.8493266, 0.0 ], [ 107.6138249, -6.8493589, 0.0 ], [ 107.6138309, -6.8493601, 0.0 ], [ 107.613838, -6.8493615, 0.0 ], [ 107.6139221, -6.8493612, 0.0 ], [ 107.6140776, -6.8493633, 0.0 ], [ 107.6141541, -6.8493644, 0.0 ], [ 107.6141988, -6.8493492, 0.0 ], [ 107.6143321, -6.8493038, 0.0 ], [ 107.6144543, -6.8491819, 0.0 ], [ 107.6145883, -6.8490482, 0.0 ], [ 107.6145939, -6.849044, 0.0 ], [ 107.6145965, -6.849042, 0.0 ], [ 107.6146898, -6.8489714, 0.0 ], [ 107.6147708, -6.8489103, 0.0 ], [ 107.6147897, -6.8488592, 0.0 ], [ 107.6148229, -6.8487693, 0.0 ], [ 107.614828, -6.8487555, 0.0 ], [ 107.614834, -6.8487394, 0.0 ], [ 107.6149095, -6.8486278, 0.0 ], [ 107.6149097, -6.8486275, 0.0 ], [ 107.6150098, -6.8485555, 0.0 ], [ 107.6150595, -6.8485198, 0.0 ], [ 107.6151953, -6.8484399, 0.0 ], [ 107.6152391, -6.8484142, 0.0 ], [ 107.6152879, -6.8483854, 0.0 ], [ 107.6153342, -6.8483176, 0.0 ], [ 107.6153694, -6.8482659, 0.0 ], [ 107.6153753, -6.8482548, 0.0 ], [ 107.6155337, -6.8479566, 0.0 ], [ 107.615569, -6.8478902, 0.0 ], [ 107.6156036, -6.8478313, 0.0 ], [ 107.615674, -6.8477116, 0.0 ], [ 107.6157797, -6.8474416, 0.0 ], [ 107.6158234, -6.8473301, 0.0 ], [ 107.6158253, -6.8473223, 0.0 ], [ 107.615834, -6.8472867, 0.0 ], [ 107.6158449, -6.8472424, 0.0 ], [ 107.6158686, -6.8471457, 0.0 ], [ 107.6158939, -6.8471409, 0.0 ], [ 107.6159274, -6.8471344, 0.0 ], [ 107.6159364, -6.8471351, 0.0 ], [ 107.6159894, -6.8471397, 0.0 ], [ 107.6160427, -6.8471442, 0.0 ], [ 107.6160429, -6.8471443, 0.0 ], [ 107.616028, -6.847219, 0.0 ], [ 107.6160296, -6.847275, 0.0 ], [ 107.616031, -6.847321, 0.0 ], [ 107.616056, -6.847337, 0.0 ], [ 107.6159834, -6.8474677, 0.0 ], [ 107.6159615, -6.8475642, 0.0 ], [ 107.6159115, -6.8477474, 0.0 ], [ 107.6158786, -6.8479847, 0.0 ], [ 107.6158692, -6.8480531, 0.0 ], [ 107.6158335, -6.8483029, 0.0 ], [ 107.615812, -6.8484742, 0.0 ], [ 107.6157764, -6.8487169, 0.0 ], [ 107.6157376, -6.848846, 0.0 ], [ 107.6157335, -6.8488597, 0.0 ], [ 107.6156907, -6.849081, 0.0 ], [ 107.6157685, -6.8493006, 0.0 ], [ 107.615783, -6.8493407, 0.0 ], [ 107.6158219, -6.8494484, 0.0 ], [ 107.615884, -6.84957, 0.0 ], [ 107.6160402, -6.8498127, 0.0 ], [ 107.6162686, -6.8500483, 0.0 ], [ 107.6162994, -6.850069, 0.0 ], [ 107.6166612, -6.8503124, 0.0 ], [ 107.6171252, -6.8504694, 0.0 ], [ 107.6175321, -6.8504409, 0.0 ], [ 107.61775, -6.8504444, 0.0 ], [ 107.6180389, -6.850448, 0.0 ], [ 107.6182602, -6.8505194, 0.0 ], [ 107.6186172, -6.8506479, 0.0 ], [ 107.618846, -6.850785, 0.0 ], [ 107.6187858, -6.8508742, 0.0 ], [ 107.6187138, -6.850981, 0.0 ], [ 107.6186576, -6.8511931, 0.0 ], [ 107.6186467, -6.851234, 0.0 ], [ 107.6185932, -6.8514562, 0.0 ], [ 107.6185627, -6.851583, 0.0 ], [ 107.6185447, -6.8516782, 0.0 ], [ 107.6185407, -6.8516995, 0.0 ], [ 107.6185922, -6.8518043, 0.0 ], [ 107.6186321, -6.8518855, 0.0 ], [ 107.6186696, -6.8519615, 0.0 ], [ 107.6187156, -6.852055, 0.0 ], [ 107.6187429, -6.8521338, 0.0 ], [ 107.6187609, -6.8521859, 0.0 ], [ 107.6187669, -6.8522257, 0.0 ], [ 107.6187866, -6.852355, 0.0 ], [ 107.6188014, -6.8525028, 0.0 ], [ 107.6188043, -6.8525318, 0.0 ], [ 107.6188493, -6.8525953, 0.0 ], [ 107.6188767, -6.8526339, 0.0 ], [ 107.6189068, -6.8526764, 0.0 ], [ 107.6190373, -6.8528323, 0.0 ], [ 107.6190957, -6.8529701, 0.0 ], [ 107.6191037, -6.8529888, 0.0 ], [ 107.6191038, -6.8529891, 0.0 ], [ 107.6191347, -6.853062, 0.0 ], [ 107.6191934, -6.8531959, 0.0 ], [ 107.619356, -6.8533318, 0.0 ], [ 107.6194885, -6.8533384, 0.0 ], [ 107.6195001, -6.8533376, 0.0 ], [ 107.6199723, -6.8537067, 0.0 ], [ 107.6200105, -6.8537314, 0.0 ], [ 107.6200884, -6.8537818, 0.0 ], [ 107.6201404, -6.8538161, 0.0 ], [ 107.6201822, -6.8538437, 0.0 ], [ 107.6202389, -6.8538944, 0.0 ], [ 107.6202734, -6.8538729, 0.0 ], [ 107.6203166, -6.853846, 0.0 ], [ 107.620346, -6.8538283, 0.0 ], [ 107.6203788, -6.8538086, 0.0 ], [ 107.6204536, -6.8538721, 0.0 ], [ 107.6204812, -6.8539601, 0.0 ], [ 107.6204805, -6.8539623, 0.0 ], [ 107.6204578, -6.8540293, 0.0 ], [ 107.6204202, -6.8541409, 0.0 ], [ 107.6203822, -6.8542579, 0.0 ], [ 107.6203825, -6.8542705, 0.0 ], [ 107.6203846, -6.8543557, 0.0 ], [ 107.6204377, -6.8544454, 0.0 ], [ 107.6204679, -6.8544964, 0.0 ], [ 107.6205395, -6.8545605, 0.0 ], [ 107.6206038, -6.8545948, 0.0 ], [ 107.6209357, -6.8548098, 0.0 ], [ 107.6209523, -6.854827, 0.0 ], [ 107.6209999, -6.8548765, 0.0 ], [ 107.6210193, -6.8551932, 0.0 ], [ 107.6210231, -6.8552542, 0.0 ], [ 107.6210233, -6.8552578, 0.0 ], [ 107.621052, -6.8553275, 0.0 ], [ 107.6210592, -6.855345, 0.0 ], [ 107.621136, -6.8554821, 0.0 ], [ 107.62117, -6.8555635, 0.0 ], [ 107.6211879, -6.8556064, 0.0 ], [ 107.6212826, -6.8557134, 0.0 ], [ 107.6212964, -6.8557232, 0.0 ], [ 107.6213415, -6.8557556, 0.0 ], [ 107.6216242, -6.8558893, 0.0 ], [ 107.6217584, -6.8559528, 0.0 ], [ 107.621856, -6.8560422, 0.0 ], [ 107.6218576, -6.8560437, 0.0 ], [ 107.6218571, -6.856044, 0.0 ], [ 107.6218508, -6.856048, 0.0 ], [ 107.6218292, -6.8561993, 0.0 ], [ 107.6218288, -6.8562026, 0.0 ], [ 107.6218336, -6.8562317, 0.0 ], [ 107.6218724, -6.8564644, 0.0 ], [ 107.6219438, -6.8566126, 0.0 ], [ 107.6219439, -6.8566128, 0.0 ], [ 107.6220328, -6.8567533, 0.0 ], [ 107.6220501, -6.8568714, 0.0 ], [ 107.6220496, -6.8568725, 0.0 ], [ 107.6220345, -6.8569036, 0.0 ], [ 107.6220114, -6.8569511, 0.0 ], [ 107.6219057, -6.8572561, 0.0 ], [ 107.6218999, -6.8572731, 0.0 ], [ 107.6218997, -6.8572737, 0.0 ], [ 107.6218883, -6.8572829, 0.0 ], [ 107.621814, -6.8573435, 0.0 ], [ 107.6216433, -6.8575253, 0.0 ], [ 107.6215994, -6.8576257, 0.0 ], [ 107.6215994, -6.8576262, 0.0 ], [ 107.6215882, -6.8577364, 0.0 ], [ 107.6215882, -6.8577364, 0.0 ], [ 107.621589, -6.8577379, 0.0 ], [ 107.6216333, -6.8578135, 0.0 ], [ 107.621766, -6.8579241, 0.0 ], [ 107.6218717, -6.8581296, 0.0 ], [ 107.6218719, -6.8581319, 0.0 ], [ 107.6219356, -6.8586672, 0.0 ], [ 107.6221293, -6.8590697, 0.0 ], [ 107.6222003, -6.859199, 0.0 ], [ 107.6222261, -6.8593424, 0.0 ], [ 107.6222265, -6.859345, 0.0 ], [ 107.6222292, -6.8594234, 0.0 ], [ 107.6222318, -6.8594968, 0.0 ], [ 107.6222642, -6.8595507, 0.0 ], [ 107.6222943, -6.8596006, 0.0 ], [ 107.6223342, -6.859651, 0.0 ], [ 107.6223604, -6.8596841, 0.0 ], [ 107.6223749, -6.8597388, 0.0 ], [ 107.6224765, -6.859973, 0.0 ], [ 107.6224805, -6.8599822, 0.0 ], [ 107.6224982, -6.8601013, 0.0 ], [ 107.6225068, -6.8601595, 0.0 ], [ 107.6225067, -6.8601599, 0.0 ], [ 107.6224762, -6.8603011, 0.0 ], [ 107.6224534, -6.8604068, 0.0 ], [ 107.6224138, -6.8605992, 0.0 ], [ 107.6223463, -6.8608062, 0.0 ], [ 107.6223473, -6.8608185, 0.0 ], [ 107.6223536, -6.8608965, 0.0 ], [ 107.6225499, -6.8609954, 0.0 ], [ 107.622586, -6.8610408, 0.0 ], [ 107.6226449, -6.8611148, 0.0 ], [ 107.6226842, -6.8612067, 0.0 ], [ 107.6226835, -6.861208, 0.0 ], [ 107.6225861, -6.8613846, 0.0 ], [ 107.622568, -6.8614174, 0.0 ], [ 107.6225182, -6.8615182, 0.0 ], [ 107.6225176, -6.8615195, 0.0 ], [ 107.6225385, -6.8616506, 0.0 ], [ 107.6225265, -6.861878, 0.0 ], [ 107.6225222, -6.86196, 0.0 ], [ 107.6225154, -6.862055, 0.0 ], [ 107.6225327, -6.862154, 0.0 ], [ 107.6225416, -6.8622053, 0.0 ], [ 107.6225417, -6.8622059, 0.0 ], [ 107.6224987, -6.8623493, 0.0 ], [ 107.6224399, -6.8624673, 0.0 ], [ 107.6224388, -6.8624695, 0.0 ], [ 107.6225809, -6.8626796, 0.0 ], [ 107.6226309, -6.8627536, 0.0 ], [ 107.6227071, -6.8628171, 0.0 ], [ 107.6227178, -6.8628261, 0.0 ], [ 107.6227182, -6.8628263, 0.0 ], [ 107.6227629, -6.8628637, 0.0 ], [ 107.6228008, -6.8628929, 0.0 ], [ 107.6228399, -6.8629232, 0.0 ], [ 107.6228436, -6.86293, 0.0 ], [ 107.6228825, -6.8630026, 0.0 ], [ 107.6229794, -6.8629286, 0.0 ], [ 107.6231453, -6.8627986, 0.0 ], [ 107.6232467, -6.8626789, 0.0 ], [ 107.6234421, -6.8624483, 0.0 ], [ 107.6234565, -6.8624375, 0.0 ], [ 107.6234597, -6.8624351, 0.0 ], [ 107.62346, -6.8624349, 0.0 ], [ 107.6234933, -6.8624101, 0.0 ], [ 107.6235493, -6.8623695, 0.0 ], [ 107.6237805, -6.8620433, 0.0 ], [ 107.6239328, -6.8618863, 0.0 ], [ 107.6240137, -6.8618006, 0.0 ], [ 107.6240867, -6.8617183, 0.0 ], [ 107.6241749, -6.8616189, 0.0 ], [ 107.6241824, -6.8616103, 0.0 ], [ 107.6241889, -6.8616031, 0.0 ], [ 107.6242984, -6.8614698, 0.0 ], [ 107.6243709, -6.8614051, 0.0 ], [ 107.6244268, -6.8613551, 0.0 ], [ 107.6244316, -6.8613508, 0.0 ], [ 107.6245363, -6.8612604, 0.0 ], [ 107.6247613, -6.8610255, 0.0 ], [ 107.624999, -6.860753, 0.0 ], [ 107.625006, -6.860726, 0.0 ], [ 107.625013, -6.860211, 0.0 ], [ 107.624999, -6.860193, 0.0 ], [ 107.624847, -6.859914, 0.0 ], [ 107.624723, -6.859662, 0.0 ], [ 107.624689, -6.859463, 0.0 ], [ 107.624691, -6.859418, 0.0 ], [ 107.624705, -6.85911, 0.0 ], [ 107.624732, -6.858857, 0.0 ], [ 107.624852, -6.858423, 0.0 ], [ 107.624953, -6.858242, 0.0 ], [ 107.625, -6.858196, 0.0 ], [ 107.625063, -6.858141, 0.0 ], [ 107.625198, -6.858086, 0.0 ], [ 107.625257, -6.858077, 0.0 ], [ 107.625284, -6.858077, 0.0 ], [ 107.625746, -6.858065, 0.0 ], [ 107.626017, -6.858127, 0.0 ], [ 107.62625, -6.858162, 0.0 ], [ 107.626348, -6.858143, 0.0 ], [ 107.626518, -6.858079, 0.0 ], [ 107.627046, -6.857914, 0.0 ], [ 107.627172, -6.857778, 0.0 ], [ 107.627287, -6.857578, 0.0 ], [ 107.627399, -6.857352, 0.0 ], [ 107.627508, -6.856989, 0.0 ], [ 107.6276, -6.856691, 0.0 ], [ 107.627889, -6.856255, 0.0 ], [ 107.628002, -6.856083, 0.0 ], [ 107.628054, -6.855992, 0.0 ], [ 107.628285, -6.855684, 0.0 ], [ 107.6283372, -6.8556888, 0.0 ], [ 107.629404, -6.855786, 0.0 ], [ 107.629808, -6.855829, 0.0 ], [ 107.630441, -6.855988, 0.0 ], [ 107.630872, -6.856085, 0.0 ], [ 107.63088, -6.856085, 0.0 ], [ 107.630881, -6.856085, 0.0 ], [ 107.631054, -6.856093, 0.0 ], [ 107.6311231, -6.8560831, 0.0 ], [ 107.63118, -6.856075, 0.0 ], [ 107.6311836, -6.856072, 0.0 ], [ 107.631268, -6.856002, 0.0 ], [ 107.63153, -6.855648, 0.0 ], [ 107.631691, -6.855512, 0.0 ], [ 107.631897, -6.855393, 0.0 ], [ 107.6321, -6.855338, 0.0 ], [ 107.632349, -6.855318, 0.0 ], [ 107.6324938, -6.8553574, 0.0 ], [ 107.632838, -6.855451, 0.0 ], [ 107.6332009, -6.8554674, 0.0 ], [ 107.633546, -6.855483, 0.0 ], [ 107.6338044, -6.855482, 0.0 ], [ 107.633805, -6.855482, 0.0 ], [ 107.633905, -6.855481, 0.0 ], [ 107.634027, -6.855481, 0.0 ], [ 107.634029, -6.85548, 0.0 ], [ 107.63419, -6.855398, 0.0 ], [ 107.634443, -6.855126, 0.0 ], [ 107.634707, -6.854853, 0.0 ], [ 107.6348374, -6.854768, 0.0 ], [ 107.634888, -6.854735, 0.0 ], [ 107.635041, -6.85468, 0.0 ], [ 107.6352202, -6.85467, 0.0 ], [ 107.635221, -6.85467, 0.0 ], [ 107.635442, -6.854723, 0.0 ], [ 107.635652, -6.854794, 0.0 ], [ 107.6356736, -6.8548028, 0.0 ], [ 107.635718, -6.854821, 0.0 ], [ 107.636221, -6.854945, 0.0 ], [ 107.636587, -6.85497, 0.0 ], [ 107.6365877, -6.8549698, 0.0 ], [ 107.636695, -6.854942, 0.0 ], [ 107.6368, -6.854842, 0.0 ], [ 107.636872, -6.854661, 0.0 ], [ 107.6369, -6.8542, 0.0 ], [ 107.636712, -6.853243, 0.0 ], [ 107.636685, -6.853008, 0.0 ], [ 107.636692, -6.8528, 0.0 ], [ 107.636737, -6.852646, 0.0 ], [ 107.636828, -6.85251, 0.0 ], [ 107.637075, -6.852374, 0.0 ], [ 107.637588, -6.852181, 0.0 ], [ 107.637749, -6.852135, 0.0 ], [ 107.637778, -6.852135, 0.0 ], [ 107.637935, -6.852107, 0.0 ], [ 107.63809, -6.852115, 0.0 ], [ 107.638199, -6.852159, 0.0 ], [ 107.6382013, -6.852164, 0.0 ], [ 107.638307, -6.852394, 0.0 ], [ 107.638385, -6.852583, 0.0 ], [ 107.638463, -6.8527, 0.0 ], [ 107.638565, -6.852781, 0.0 ], [ 107.638848, -6.852807, 0.0 ], [ 107.638983, -6.852761, 0.0 ], [ 107.6389865, -6.8527585, 0.0 ], [ 107.639072, -6.852697, 0.0 ], [ 107.639161, -6.852452, 0.0 ], [ 107.63919, -6.852018, 0.0 ], [ 107.639194, -6.85172, 0.0 ], [ 107.639228, -6.851476, 0.0 ], [ 107.639268, -6.85134, 0.0 ], [ 107.639325, -6.851286, 0.0 ], [ 107.63971, -6.851401, 0.0 ], [ 107.6398604, -6.8514437, 0.0 ], [ 107.639865, -6.851445, 0.0 ], [ 107.639945, -6.851435, 0.0 ], [ 107.640017, -6.851426, 0.0 ], [ 107.640297, -6.851308, 0.0 ], [ 107.64043, -6.851189, 0.0 ], [ 107.640616, -6.850944, 0.0 ], [ 107.640881, -6.850527, 0.0 ], [ 107.641016, -6.8504, 0.0 ], [ 107.641197, -6.850263, 0.0 ], [ 107.641319, -6.850218, 0.0 ], [ 107.641552, -6.850243, 0.0 ], [ 107.641874, -6.850296, 0.0 ], [ 107.641956, -6.850295, 0.0 ], [ 107.642111, -6.850285, 0.0 ], [ 107.642516, -6.850166, 0.0 ], [ 107.64265, -6.850084, 0.0 ], [ 107.6427781, -6.8499521, 0.0 ], [ 107.642783, -6.849947, 0.0 ], [ 107.642875, -6.849784, 0.0 ], [ 107.642888, -6.849748, 0.0 ], [ 107.642915, -6.84963, 0.0 ], [ 107.6429532, -6.8494842, 0.0 ], [ 107.642986, -6.849359, 0.0 ], [ 107.6430224, -6.8491423, 0.0 ], [ 107.643065, -6.848889, 0.0 ], [ 107.643192, -6.84849, 0.0 ], [ 107.643299, -6.848255, 0.0 ], [ 107.6434686, -6.848054, 0.0 ], [ 107.643667, -6.847819, 0.0 ], [ 107.643809, -6.847646, 0.0 ], [ 107.6438342, -6.8475683, 0.0 ], [ 107.643894, -6.847384, 0.0 ], [ 107.643891, -6.846652, 0.0 ], [ 107.643892, -6.8466254, 0.0 ], [ 107.643896, -6.846525, 0.0 ], [ 107.6439454, -6.8464392, 0.0 ], [ 107.643951, -6.8464294, 0.0 ], [ 107.643953, -6.846426, 0.0 ], [ 107.6439929, -6.8464055, 0.0 ], [ 107.644095, -6.846353, 0.0 ], [ 107.644293, -6.846288, 0.0 ], [ 107.644584, -6.846097, 0.0 ], [ 107.6447253, -6.8459447, 0.0 ], [ 107.644828, -6.845834, 0.0 ], [ 107.644967, -6.84567, 0.0 ], [ 107.645265, -6.845515, 0.0 ], [ 107.6453616, -6.8454696, 0.0 ], [ 107.64548, -6.845414, 0.0 ], [ 107.645693, -6.845287, 0.0 ], [ 107.645819, -6.845223, 0.0 ], [ 107.6458828, -6.845217, 0.0 ], [ 107.646032, -6.845203, 0.0 ], [ 107.646135, -6.845203, 0.0 ], [ 107.646181, -6.845203, 0.0 ], [ 107.6462486, -6.8451789, 0.0 ], [ 107.64631, -6.845157, 0.0 ], [ 107.6463743, -6.8450898, 0.0 ], [ 107.646423, -6.845039, 0.0 ], [ 107.646552, -6.844839, 0.0 ], [ 107.646662, -6.844658, 0.0 ], [ 107.6466724, -6.8446367, 0.0 ], [ 107.64668, -6.844621, 0.0 ], [ 107.646817, -6.844431, 0.0 ], [ 107.6468297, -6.8444105, 0.0 ], [ 107.646845, -6.844386, 0.0 ], [ 107.6468461, -6.8443778, 0.0 ], [ 107.64685, -6.844349, 0.0 ], [ 107.6468769, -6.8442356, 0.0 ], [ 107.6468809, -6.8442186, 0.0 ], [ 107.646882, -6.844214, 0.0 ], [ 107.646947, -6.8441158, 0.0 ], [ 107.6469713, -6.8440791, 0.0 ], [ 107.646972, -6.844078, 0.0 ], [ 107.647096, -6.843987, 0.0 ], [ 107.647248, -6.84395, 0.0 ], [ 107.6472491, -6.8439502, 0.0 ], [ 107.6472913, -6.8439588, 0.0 ], [ 107.647721, -6.844046, 0.0 ], [ 107.6477973, -6.8440552, 0.0 ], [ 107.647871, -6.844064, 0.0 ], [ 107.64798, -6.84403, 0.0 ], [ 107.648198, -6.843962, 0.0 ], [ 107.6483173, -6.8439024, 0.0 ], [ 107.648416, -6.843853, 0.0 ], [ 107.6485372, -6.8437248, 0.0 ], [ 107.6485521, -6.843709, 0.0 ], [ 107.648554, -6.843707, 0.0 ], [ 107.648699, -6.843634, 0.0 ], [ 107.6486995, -6.8436336, 0.0 ], [ 107.6492749, -6.8432617, 0.0 ], [ 107.649276, -6.843261, 0.0 ], [ 107.649338, -6.843197, 0.0 ], [ 107.649487, -6.84288, 0.0 ], [ 107.64949, -6.8428328, 0.0 ], [ 107.6494909, -6.8428186, 0.0 ], [ 107.649491, -6.842817, 0.0 ], [ 107.64962, -6.842617, 0.0 ], [ 107.649717, -6.842544, 0.0 ], [ 107.649983, -6.842516, 0.0 ], [ 107.6502358, -6.8424384, 0.0 ], [ 107.650674, -6.842304, 0.0 ], [ 107.6507385, -6.8422954, 0.0 ], [ 107.650817, -6.842285, 0.0 ], [ 107.6509344, -6.842229, 0.0 ], [ 107.65097, -6.842212, 0.0 ], [ 107.6511281, -6.8421449, 0.0 ], [ 107.651142, -6.842139, 0.0 ], [ 107.6512922, -6.842124, 0.0 ], [ 107.6513511, -6.8421182, 0.0 ], [ 107.651433, -6.84211, 0.0 ], [ 107.651446, -6.84211, 0.0 ], [ 107.6514785, -6.8421067, 0.0 ], [ 107.651718, -6.842082, 0.0 ], [ 107.6517787, -6.8420639, 0.0 ], [ 107.651812, -6.842054, 0.0 ], [ 107.6518611, -6.8420347, 0.0 ], [ 107.651906, -6.842017, 0.0 ], [ 107.6521544, -6.8417058, 0.0 ], [ 107.652333, -6.841482, 0.0 ], [ 107.6523659, -6.8414334, 0.0 ], [ 107.652431, -6.841337, 0.0 ], [ 107.652818, -6.840639, 0.0 ], [ 107.6528571, -6.8405543, 0.0 ], [ 107.652952, -6.840349, 0.0 ], [ 107.6530275, -6.8401593, 0.0 ], [ 107.653125, -6.839914, 0.0 ], [ 107.653347, -6.839578, 0.0 ], [ 107.653627, -6.839224, 0.0 ], [ 107.653809, -6.839025, 0.0 ], [ 107.653834, -6.839006, 0.0 ], [ 107.654343, -6.838705, 0.0 ], [ 107.654428, -6.838654, 0.0 ], [ 107.654448, -6.838642, 0.0 ], [ 107.6544489, -6.8386407, 0.0 ], [ 107.654468, -6.838613, 0.0 ], [ 107.654548, -6.838497, 0.0 ], [ 107.6545498, -6.8384903, 0.0 ], [ 107.6545514, -6.8384844, 0.0 ], [ 107.654592, -6.838334, 0.0 ], [ 107.65452, -6.837945, 0.0 ], [ 107.6545124, -6.8378874, 0.0 ], [ 107.654476, -6.837611, 0.0 ], [ 107.654499, -6.837367, 0.0 ], [ 107.6545668, -6.8372619, 0.0 ], [ 107.654715, -6.837032, 0.0 ], [ 107.6547888, -6.8369512, 0.0 ], [ 107.654831, -6.836905, 0.0 ], [ 107.6549538, -6.8368513, 0.0 ], [ 107.655021, -6.836822, 0.0 ], [ 107.655454, -6.836431, 0.0 ], [ 107.6555289, -6.8363827, 0.0 ], [ 107.655595, -6.83634, 0.0 ], [ 107.655689, -6.836267, 0.0 ], [ 107.6561314, -6.8360775, 0.0 ], [ 107.657185, -6.835626, 0.0 ], [ 107.6573949, -6.8355324, 0.0 ], [ 107.657452, -6.835507, 0.0 ], [ 107.6575214, -6.8354603, 0.0 ], [ 107.657681, -6.835353, 0.0 ], [ 107.6578759, -6.8351858, 0.0 ], [ 107.658053, -6.835034, 0.0 ], [ 107.6581398, -6.834992, 0.0 ], [ 107.6581998, -6.834963, 0.0 ], [ 107.658204, -6.834961, 0.0 ], [ 107.65844, -6.83486, 0.0 ], [ 107.658609, -6.834751, 0.0 ], [ 107.658731, -6.834651, 0.0 ], [ 107.658905, -6.834605, 0.0 ], [ 107.6589944, -6.8345888, 0.0 ], [ 107.659059, -6.834577, 0.0 ], [ 107.659118, -6.834531, 0.0 ], [ 107.6591944, -6.8344716, 0.0 ], [ 107.659199, -6.834468, 0.0 ], [ 107.659396, -6.834313, 0.0 ], [ 107.6596791, -6.8343113, 0.0 ], [ 107.659725, -6.834311, 0.0 ], [ 107.659862, -6.83431, 0.0 ], [ 107.659982, -6.834237, 0.0 ], [ 107.6599856, -6.8342327, 0.0 ], [ 107.660012, -6.834201, 0.0 ], [ 107.660486, -6.833638, 0.0 ], [ 107.660539, -6.833584, 0.0 ], [ 107.6606003, -6.8335029, 0.0 ], [ 107.660635, -6.833457, 0.0 ], [ 107.6606762, -6.8333599, 0.0 ], [ 107.660789, -6.833094, 0.0 ], [ 107.6607898, -6.8330905, 0.0 ], [ 107.660827, -6.832922, 0.0 ], [ 107.660551, -6.832535, 0.0 ], [ 107.6605388, -6.8325146, 0.0 ], [ 107.660481, -6.832418, 0.0 ], [ 107.66047, -6.8323266, 0.0 ], [ 107.660468, -6.83231, 0.0 ], [ 107.6604833, -6.832279, 0.0 ], [ 107.6605036, -6.8322377, 0.0 ], [ 107.660504, -6.832237, 0.0 ], [ 107.660663, -6.832137, 0.0 ], [ 107.6607211, -6.8321182, 0.0 ], [ 107.660805, -6.832091, 0.0 ], [ 107.66087, -6.832073, 0.0 ], [ 107.6609886, -6.8320524, 0.0 ], [ 107.661141, -6.832026, 0.0 ], [ 107.661593, -6.832087, 0.0 ], [ 107.661596, -6.832087, 0.0 ], [ 107.661892, -6.832121, 0.0 ], [ 107.6620954, -6.8321007, 0.0 ], [ 107.662172, -6.832093, 0.0 ], [ 107.662235, -6.832083, 0.0 ], [ 107.662355, -6.832074, 0.0 ], [ 107.6626986, -6.8319403, 0.0 ], [ 107.662779, -6.831909, 0.0 ], [ 107.663311, -6.831906, 0.0 ], [ 107.663465, -6.831905, 0.0 ], [ 107.663619, -6.831904, 0.0 ], [ 107.663804, -6.831903, 0.0 ], [ 107.664014, -6.83183, 0.0 ], [ 107.664182, -6.831702, 0.0 ], [ 107.6643412, -6.8315656, 0.0 ], [ 107.664363, -6.831547, 0.0 ], [ 107.6645169, -6.8314934, 0.0 ], [ 107.664969, -6.831336, 0.0 ], [ 107.665132, -6.831299, 0.0 ], [ 107.665277, -6.831325, 0.0 ], [ 107.6653648, -6.8313782, 0.0 ], [ 107.665381, -6.831388, 0.0 ], [ 107.6654202, -6.8314585, 0.0 ], [ 107.665481, -6.831568, 0.0 ], [ 107.665559, -6.831712, 0.0 ], [ 107.665808, -6.831919, 0.0 ], [ 107.665983, -6.832035, 0.0 ], [ 107.66607, -6.832062, 0.0 ], [ 107.666166, -6.832098, 0.0 ], [ 107.666422, -6.832123, 0.0 ], [ 107.6665384, -6.8321011, 0.0 ], [ 107.666666, -6.832077, 0.0 ], [ 107.666757, -6.832058, 0.0 ], [ 107.6669225, -6.8320232, 0.0 ], [ 107.667285, -6.831947, 0.0 ], [ 107.667519, -6.831891, 0.0 ], [ 107.667569, -6.8318809, 0.0 ], [ 107.667792, -6.831836, 0.0 ], [ 107.6683094, -6.8316224, 0.0 ], [ 107.668526, -6.831533, 0.0 ], [ 107.668639, -6.831506, 0.0 ], [ 107.668799, -6.831568, 0.0 ], [ 107.668826, -6.831595, 0.0 ], [ 107.668831, -6.831604, 0.0 ], [ 107.669306, -6.832017, 0.0 ], [ 107.669333, -6.832044, 0.0 ], [ 107.669419, -6.832116, 0.0 ], [ 107.66956, -6.832214, 0.0 ], [ 107.66972, -6.83225, 0.0 ], [ 107.669881, -6.832222, 0.0 ], [ 107.6699287, -6.8322163, 0.0 ], [ 107.6699564, -6.832213, 0.0 ], [ 107.669965, -6.832212, 0.0 ], [ 107.6699685, -6.8322103, 0.0 ], [ 107.670136, -6.83213, 0.0 ], [ 107.6701894, -6.8321031, 0.0 ], [ 107.670245, -6.832075, 0.0 ], [ 107.6703688, -6.8321137, 0.0 ], [ 107.670443, -6.832137, 0.0 ], [ 107.6704936, -6.83214, 0.0 ], [ 107.670578, -6.832145, 0.0 ], [ 107.670768, -6.832135, 0.0 ], [ 107.6709526, -6.8321089, 0.0 ], [ 107.67103, -6.832098, 0.0 ], [ 107.6713044, -6.8321759, 0.0 ], [ 107.671967, -6.832364, 0.0 ], [ 107.672176, -6.832417, 0.0 ], [ 107.672335, -6.832416, 0.0 ], [ 107.6723357, -6.8324157, 0.0 ], [ 107.6724715, -6.8323597, 0.0 ], [ 107.67258, -6.832315, 0.0 ], [ 107.672819, -6.8320793, 0.0 ], [ 107.672875, -6.832024, 0.0 ], [ 107.673091, -6.831806, 0.0 ], [ 107.6731705, -6.8317349, 0.0 ], [ 107.673243, -6.83167, 0.0 ], [ 107.6733525, -6.831595, 0.0 ], [ 107.673389, -6.83157, 0.0 ], [ 107.67353, -6.831497, 0.0 ], [ 107.6735688, -6.8314693, 0.0 ], [ 107.673735, -6.831351, 0.0 ], [ 107.674005, -6.831223, 0.0 ], [ 107.6741314, -6.8311854, 0.0 ], [ 107.67419, -6.831168, 0.0 ], [ 107.6742193, -6.8311677, 0.0 ], [ 107.674304, -6.831167, 0.0 ], [ 107.6743238, -6.8311611, 0.0 ], [ 107.674334, -6.831158, 0.0 ], [ 107.6744285, -6.831191, 0.0 ], [ 107.67446, -6.831202, 0.0 ], [ 107.6745319, -6.8312857, 0.0 ], [ 107.6745759, -6.8313367, 0.0 ], [ 107.674669, -6.831445, 0.0 ], [ 107.674756, -6.831544, 0.0 ], [ 107.67486, -6.831589, 0.0 ], [ 107.67502, -6.831597, 0.0 ], [ 107.675365, -6.831495, 0.0 ], [ 107.675544, -6.831404, 0.0 ], [ 107.6757544, -6.8312542, 0.0 ], [ 107.675787, -6.831231, 0.0 ], [ 107.675865, -6.831131, 0.0 ], [ 107.675925, -6.83086, 0.0 ], [ 107.675946, -6.830679, 0.0 ], [ 107.676006, -6.830579, 0.0 ], [ 107.6760077, -6.830578, 0.0 ], [ 107.6760085, -6.8305775, 0.0 ], [ 107.676009, -6.8305772, 0.0 ], [ 107.676152, -6.830488, 0.0 ], [ 107.676277, -6.830451, 0.0 ], [ 107.6763266, -6.8304647, 0.0 ], [ 107.676375, -6.830478, 0.0 ], [ 107.676503, -6.830567, 0.0 ], [ 107.6765161, -6.8305861, 0.0 ], [ 107.676583, -6.830684, 0.0 ], [ 107.676602, -6.830901, 0.0 ], [ 107.676591, -6.8309587, 0.0 ], [ 107.676576, -6.831037, 0.0 ], [ 107.676536, -6.831191, 0.0 ], [ 107.676557, -6.83129, 0.0 ], [ 107.6765775, -6.8313125, 0.0 ], [ 107.676639, -6.83138, 0.0 ], [ 107.676849, -6.8315208, 0.0 ], [ 107.676906, -6.831559, 0.0 ], [ 107.6770066, -6.8316002, 0.0 ], [ 107.677145, -6.831657, 0.0 ], [ 107.6773772, -6.8316979, 0.0 ], [ 107.677395, -6.831701, 0.0 ], [ 107.677507, -6.831691, 0.0 ], [ 107.677606, -6.831619, 0.0 ], [ 107.677756, -6.831383, 0.0 ], [ 107.6778537, -6.8311124, 0.0 ], [ 107.6779, -6.830984, 0.0 ], [ 107.677942, -6.830731, 0.0 ], [ 107.6779598, -6.8306754, 0.0 ], [ 107.677977, -6.830622, 0.0 ], [ 107.6779968, -6.8306004, 0.0 ], [ 107.678043, -6.83055, 0.0 ], [ 107.67811, -6.830522, 0.0 ], [ 107.6781244, -6.8305305, 0.0 ], [ 107.678217, -6.830585, 0.0 ], [ 107.678231, -6.830603, 0.0 ], [ 107.678305, -6.830702, 0.0 ], [ 107.678544, -6.831351, 0.0 ], [ 107.6786043, -6.8314521, 0.0 ], [ 107.678705, -6.831621, 0.0 ], [ 107.678776, -6.831702, 0.0 ], [ 107.678911, -6.831738, 0.0 ], [ 107.678913, -6.831738, 0.0 ], [ 107.679147, -6.831737, 0.0 ], [ 107.6791931, -6.8317214, 0.0 ], [ 107.679312, -6.831681, 0.0 ], [ 107.6794452, -6.8315838, 0.0 ], [ 107.679449, -6.831581, 0.0 ], [ 107.6794493, -6.8315806, 0.0 ], [ 107.679455, -6.8315715, 0.0 ], [ 107.679523, -6.831463, 0.0 ], [ 107.679626, -6.831345, 0.0 ], [ 107.6798804, -6.8311999, 0.0 ], [ 107.679882, -6.831199, 0.0 ], [ 107.6802806, -6.8311251, 0.0 ], [ 107.680281, -6.831125, 0.0 ], [ 107.680552, -6.831006, 0.0 ], [ 107.680734, -6.830951, 0.0 ], [ 107.6809722, -6.8309444, 0.0 ], [ 107.681165, -6.830939, 0.0 ], [ 107.681439, -6.830974, 0.0 ], [ 107.681556, -6.831027, 0.0 ], [ 107.681558, -6.8310291, 0.0 ], [ 107.681634, -6.831108, 0.0 ], [ 107.681734, -6.831234, 0.0 ], [ 107.681903, -6.831342, 0.0 ], [ 107.682193, -6.831403, 0.0 ], [ 107.682297, -6.831385, 0.0 ], [ 107.6823136, -6.8313612, 0.0 ], [ 107.6825337, -6.8310468, 0.0 ], [ 107.682621, -6.830922, 0.0 ], [ 107.6826627, -6.8308464, 0.0 ], [ 107.682796, -6.830605, 0.0 ], [ 107.682907, -6.830432, 0.0 ], [ 107.682928, -6.830342, 0.0 ], [ 107.682799, -6.830288, 0.0 ], [ 107.682739, -6.830262, 0.0 ], [ 107.682707, -6.83018, 0.0 ], [ 107.68273, -6.830135, 0.0 ], [ 107.682827, -6.830108, 0.0 ], [ 107.683226, -6.830187, 0.0 ], [ 107.6833042, -6.8302098, 0.0 ], [ 107.683528, -6.830275, 0.0 ], [ 107.683623, -6.830332, 0.0 ], [ 107.683648, -6.830347, 0.0 ], [ 107.6836849, -6.8303694, 0.0 ], [ 107.683737, -6.830401, 0.0 ], [ 107.683839, -6.830454, 0.0 ], [ 107.683971, -6.830463, 0.0 ], [ 107.684217, -6.830398, 0.0 ], [ 107.6843752, -6.830292, 0.0 ], [ 107.684408, -6.83027, 0.0 ], [ 107.684575, -6.830143, 0.0 ], [ 107.684693, -6.830106, 0.0 ], [ 107.6850194, -6.830249, 0.0 ], [ 107.68504, -6.830258, 0.0 ], [ 107.685202, -6.83032, 0.0 ], [ 107.685514, -6.830337, 0.0 ], [ 107.686102, -6.830478, 0.0 ], [ 107.68638, -6.830521, 0.0 ], [ 107.6864232, -6.8305301, 0.0 ], [ 107.686675, -6.830583, 0.0 ], [ 107.6869814, -6.8306898, 0.0 ], [ 107.686982, -6.83069, 0.0 ], [ 107.687232, -6.830905, 0.0 ], [ 107.687303, -6.830959, 0.0 ], [ 107.687373, -6.830959, 0.0 ], [ 107.6874797, -6.8307823, 0.0 ], [ 107.687576, -6.830623, 0.0 ], [ 107.6876464, -6.8305004, 0.0 ], [ 107.68768, -6.830442, 0.0 ], [ 107.68777, -6.830387, 0.0 ], [ 107.687881, -6.830341, 0.0 ], [ 107.687928, -6.830314, 0.0 ], [ 107.6880215, -6.8302601, 0.0 ], [ 107.688039, -6.83025, 0.0 ], [ 107.688146, -6.830177, 0.0 ], [ 107.688277, -6.830086, 0.0 ], [ 107.688459, -6.83004, 0.0 ], [ 107.68846, -6.83004, 0.0 ], [ 107.688631, -6.830039, 0.0 ], [ 107.6887195, -6.8301083, 0.0 ], [ 107.6888127, -6.8301813, 0.0 ], [ 107.689009, -6.830335, 0.0 ], [ 107.689177, -6.830461, 0.0 ], [ 107.68932, -6.830514, 0.0 ], [ 107.689408, -6.830505, 0.0 ], [ 107.6894356, -6.8304775, 0.0 ], [ 107.6896135, -6.8303002, 0.0 ], [ 107.689728, -6.830186, 0.0 ], [ 107.6897579, -6.8301451, 0.0 ], [ 107.689807, -6.830078, 0.0 ], [ 107.689846, -6.829978, 0.0 ], [ 107.689836, -6.829906, 0.0 ], [ 107.6895563, -6.8296759, 0.0 ], [ 107.689498, -6.829628, 0.0 ], [ 107.689418, -6.829538, 0.0 ], [ 107.68941, -6.829529, 0.0 ], [ 107.6894075, -6.8295187, 0.0 ], [ 107.68939, -6.829447, 0.0 ], [ 107.6893912, -6.8294454, 0.0 ], [ 107.689537, -6.829257, 0.0 ], [ 107.6896794, -6.8292521, 0.0 ], [ 107.6899939, -6.8292411, 0.0 ], [ 107.6899936, -6.8292437, 0.0 ], [ 107.6899788, -6.8293674, 0.0 ], [ 107.689251, -6.835442, 0.0 ], [ 107.689659, -6.834975, 0.0 ], [ 107.689767, -6.834958, 0.0 ], [ 107.690005, -6.834998, 0.0 ], [ 107.6900448, -6.8350021, 0.0 ], [ 107.690169, -6.835015, 0.0 ], [ 107.690299, -6.834969, 0.0 ], [ 107.690552, -6.834875, 0.0 ], [ 107.6905521, -6.834875, 0.0 ], [ 107.691037, -6.834852, 0.0 ], [ 107.691668, -6.83483, 0.0 ], [ 107.6917971, -6.8347513, 0.0 ], [ 107.691914, -6.83468, 0.0 ], [ 107.692028, -6.834723, 0.0 ], [ 107.69209, -6.83474, 0.0 ], [ 107.692171, -6.83479, 0.0 ], [ 107.692283, -6.834856, 0.0 ], [ 107.692343, -6.834897, 0.0 ], [ 107.692424, -6.834993, 0.0 ], [ 107.692499, -6.8351, 0.0 ], [ 107.692515, -6.835194, 0.0 ], [ 107.692709, -6.835222, 0.0 ], [ 107.692726, -6.835222, 0.0 ], [ 107.693155, -6.835302, 0.0 ], [ 107.693362, -6.83536, 0.0 ], [ 107.693497, -6.835398, 0.0 ], [ 107.693645, -6.835443, 0.0 ], [ 107.693758, -6.83548, 0.0 ], [ 107.693783, -6.835491, 0.0 ], [ 107.69391, -6.835558, 0.0 ], [ 107.694042, -6.835616, 0.0 ], [ 107.694138, -6.83568, 0.0 ], [ 107.694145, -6.835684, 0.0 ], [ 107.694239, -6.835743, 0.0 ], [ 107.694345, -6.835816, 0.0 ], [ 107.694386, -6.835839, 0.0 ], [ 107.694488, -6.835909, 0.0 ], [ 107.694596, -6.835989, 0.0 ], [ 107.694653, -6.836063, 0.0 ], [ 107.694727, -6.836124, 0.0 ], [ 107.694848, -6.836226, 0.0 ], [ 107.6948496, -6.8362271, 0.0 ], [ 107.6948873, -6.8362517, 0.0 ], [ 107.694967, -6.836304, 0.0 ], [ 107.695092, -6.836333, 0.0 ], [ 107.6953252, -6.8362395, 0.0 ], [ 107.695349, -6.83623, 0.0 ], [ 107.6953662, -6.8362271, 0.0 ], [ 107.695686, -6.836174, 0.0 ], [ 107.695768, -6.83617, 0.0 ], [ 107.695809, -6.836168, 0.0 ], [ 107.69612, -6.836346, 0.0 ], [ 107.696354, -6.83648, 0.0 ], [ 107.696556, -6.836481, 0.0 ], [ 107.6965654, -6.83648, 0.0 ], [ 107.696622, -6.836474, 0.0 ], [ 107.6966693, -6.8364744, 0.0 ], [ 107.696735, -6.836475, 0.0 ], [ 107.6969124, -6.8365059, 0.0 ], [ 107.696976, -6.836517, 0.0 ], [ 107.6971445, -6.8365261, 0.0 ], [ 107.697254, -6.836532, 0.0 ], [ 107.6972873, -6.8365386, 0.0 ], [ 107.697385, -6.836558, 0.0 ], [ 107.697766, -6.836687, 0.0 ], [ 107.6984385, -6.8367195, 0.0 ], [ 107.698449, -6.83672, 0.0 ], [ 107.6985299, -6.836723, 0.0 ], [ 107.6986103, -6.8367588, 0.0 ], [ 107.69882, -6.83686, 0.0 ], [ 107.69898, -6.83693, 0.0 ], [ 107.6994, -6.83701, 0.0 ], [ 107.69954, -6.83706, 0.0 ], [ 107.69963, -6.83711, 0.0 ], [ 107.69976, -6.83696, 0.0 ], [ 107.70006, -6.83707, 0.0 ], [ 107.70017, -6.8371, 0.0 ], [ 107.70024, -6.83715, 0.0 ], [ 107.7003059, -6.8371979, 0.0 ], [ 107.70035, -6.83723, 0.0 ], [ 107.70044, -6.83734, 0.0 ], [ 107.70049, -6.83739, 0.0 ], [ 107.70056, -6.83749, 0.0 ], [ 107.70062, -6.83758, 0.0 ], [ 107.70069, -6.83771, 0.0 ], [ 107.70085, -6.83792, 0.0 ], [ 107.70091, -6.83801, 0.0 ], [ 107.70104, -6.83822, 0.0 ], [ 107.70115, -6.83836, 0.0 ], [ 107.70119, -6.83841, 0.0 ], [ 107.70161, -6.83863, 0.0 ], [ 107.70181, -6.83873, 0.0 ], [ 107.70218, -6.83893, 0.0 ], [ 107.70255, -6.83917, 0.0 ], [ 107.70277, -6.83935, 0.0 ], [ 107.70305, -6.83964, 0.0 ], [ 107.70324, -6.83993, 0.0 ], [ 107.7032869, -6.8400286, 0.0 ], [ 107.70334, -6.84014, 0.0 ], [ 107.7034, -6.84026, 0.0 ], [ 107.7034316, -6.8402514, 0.0 ], [ 107.7040189, -6.8395177, 0.0 ], [ 107.7041419, -6.839364, 0.0 ], [ 107.706462, -6.836465, 0.0 ], [ 107.706446, -6.836432, 0.0 ], [ 107.706445, -6.836339, 0.0 ], [ 107.706498, -6.836038, 0.0 ], [ 107.706537, -6.835949, 0.0 ], [ 107.706557, -6.835922, 0.0 ], [ 107.706595, -6.835681, 0.0 ], [ 107.706596, -6.835672, 0.0 ], [ 107.7066284, -6.835532, 0.0 ], [ 107.706643, -6.835469, 0.0 ], [ 107.706674, -6.835372, 0.0 ], [ 107.706692, -6.835341, 0.0 ], [ 107.706802, -6.835251, 0.0 ], [ 107.706896, -6.835188, 0.0 ], [ 107.707, -6.835178, 0.0 ], [ 107.707077, -6.835093, 0.0 ], [ 107.707101, -6.835081, 0.0 ], [ 107.707277, -6.835043, 0.0 ], [ 107.707383, -6.834999, 0.0 ], [ 107.707406, -6.834968, 0.0 ], [ 107.7074678, -6.8349234, 0.0 ], [ 107.7075124, -6.8348912, 0.0 ], [ 107.707557, -6.834859, 0.0 ], [ 107.7076445, -6.8347934, 0.0 ], [ 107.707571, -6.834704, 0.0 ], [ 107.707517, -6.834659, 0.0 ], [ 107.707585, -6.834632, 0.0 ], [ 107.707591, -6.8346182, 0.0 ], [ 107.7075994, -6.8345987, 0.0 ], [ 107.7076089, -6.8345767, 0.0 ], [ 107.707636, -6.834514, 0.0 ], [ 107.707762, -6.834215, 0.0 ], [ 107.70787, -6.8341275, 0.0 ], [ 107.708009, -6.834015, 0.0 ], [ 107.708274, -6.83386, 0.0 ], [ 107.708512, -6.833777, 0.0 ], [ 107.708723, -6.833749, 0.0 ], [ 107.708845, -6.833721, 0.0 ], [ 107.709047, -6.833666, 0.0 ], [ 107.709073, -6.833665, 0.0 ], [ 107.709214, -6.833674, 0.0 ], [ 107.709298, -6.833727, 0.0 ], [ 107.709442, -6.833817, 0.0 ], [ 107.7095758, -6.8338294, 0.0 ], [ 107.70981, -6.833851, 0.0 ], [ 107.710074, -6.833886, 0.0 ], [ 107.7100746, -6.8338861, 0.0 ], [ 107.710159, -6.833903, 0.0 ], [ 107.71033, -6.83392, 0.0 ], [ 107.710561, -6.833856, 0.0 ], [ 107.710755, -6.833783, 0.0 ], [ 107.711008, -6.833691, 0.0 ], [ 107.711063, -6.833591, 0.0 ], [ 107.71112, -6.833482, 0.0 ], [ 107.711203, -6.833419, 0.0 ], [ 107.711296, -6.833427, 0.0 ], [ 107.711399, -6.83349, 0.0 ], [ 107.711658, -6.833732, 0.0 ], [ 107.711833, -6.8337763, 0.0 ], [ 107.7120755, -6.8338377, 0.0 ], [ 107.712148, -6.833856, 0.0 ], [ 107.712207, -6.833792, 0.0 ], [ 107.7122167, -6.8337693, 0.0 ], [ 107.712304, -6.833566, 0.0 ], [ 107.712343, -6.833403, 0.0 ], [ 107.712311, -6.833213, 0.0 ], [ 107.712367, -6.833168, 0.0 ], [ 107.712433, -6.833177, 0.0 ], [ 107.712659, -6.83323, 0.0 ], [ 107.7128083, -6.8332729, 0.0 ], [ 107.71281, -6.83327, 0.0 ], [ 107.71296, -6.83332, 0.0 ], [ 107.71321, -6.83343, 0.0 ], [ 107.7132662, -6.8334343, 0.0 ], [ 107.7133107, -6.8334377, 0.0 ], [ 107.71334, -6.83344, 0.0 ], [ 107.7134624, -6.8334604, 0.0 ], [ 107.71352, -6.83347, 0.0 ], [ 107.7135733, -6.8335166, 0.0 ], [ 107.7136, -6.83354, 0.0 ], [ 107.713677, -6.8336084, 0.0 ], [ 107.71369, -6.83362, 0.0 ], [ 107.71375, -6.83361, 0.0 ], [ 107.7137975, -6.8335388, 0.0 ], [ 107.71381, -6.83352, 0.0 ], [ 107.71392, -6.83342, 0.0 ], [ 107.7139532, -6.8333817, 0.0 ], [ 107.7139853, -6.8333447, 0.0 ], [ 107.71405, -6.83327, 0.0 ], [ 107.71418, -6.83313, 0.0 ], [ 107.7142584, -6.833179, 0.0 ], [ 107.71426, -6.83318, 0.0 ], [ 107.71436, -6.83327, 0.0 ], [ 107.7144158, -6.8333172, 0.0 ], [ 107.71449, -6.83338, 0.0 ], [ 107.71458, -6.83349, 0.0 ], [ 107.7147, -6.8336, 0.0 ], [ 107.71484, -6.83378, 0.0 ], [ 107.71499, -6.83395, 0.0 ], [ 107.71518, -6.83411, 0.0 ], [ 107.71551, -6.8342, 0.0 ], [ 107.71582, -6.8344, 0.0 ], [ 107.7158616, -6.8344083, 0.0 ], [ 107.71592, -6.83442, 0.0 ], [ 107.7159667, -6.8344035, 0.0 ], [ 107.71609, -6.83436, 0.0 ], [ 107.71635, -6.8342, 0.0 ], [ 107.7164368, -6.8341593, 0.0 ], [ 107.71667, -6.83405, 0.0 ], [ 107.71685, -6.83411, 0.0 ], [ 107.71692, -6.8342, 0.0 ], [ 107.71704, -6.83437, 0.0 ], [ 107.71722, -6.83448, 0.0 ], [ 107.71739, -6.8345846, 0.0 ], [ 107.71748, -6.83464, 0.0 ], [ 107.71758, -6.83471, 0.0 ], [ 107.7176541, -6.834673, 0.0 ], [ 107.71766, -6.83467, 0.0 ], [ 107.71776, -6.83457, 0.0 ], [ 107.71793, -6.8344, 0.0 ], [ 107.71829, -6.8342, 0.0 ], [ 107.7184, -6.83414, 0.0 ], [ 107.71847, -6.83401, 0.0 ], [ 107.7186, -6.83379, 0.0 ], [ 107.7186102, -6.8337766, 0.0 ], [ 107.71873, -6.83362, 0.0 ], [ 107.71883, -6.83341, 0.0 ], [ 107.718828, -6.8334046, 0.0 ], [ 107.719096, -6.833546, 0.0 ], [ 107.719158, -6.833645, 0.0 ], [ 107.719161, -6.833753, 0.0 ], [ 107.719164, -6.833916, 0.0 ], [ 107.719242, -6.834024, 0.0 ], [ 107.719341, -6.834068, 0.0 ], [ 107.7195, -6.834049, 0.0 ], [ 107.719671, -6.833967, 0.0 ], [ 107.719866, -6.833876, 0.0 ], [ 107.719937, -6.83383, 0.0 ], [ 107.720144, -6.833666, 0.0 ], [ 107.720415, -6.833592, 0.0 ], [ 107.720531, -6.833628, 0.0 ], [ 107.720757, -6.833798, 0.0 ], [ 107.720901, -6.834023, 0.0 ], [ 107.721029, -6.83405, 0.0 ], [ 107.721156, -6.834031, 0.0 ], [ 107.721244, -6.833958, 0.0 ], [ 107.721268, -6.833868, 0.0 ], [ 107.721312, -6.833434, 0.0 ], [ 107.721124, -6.833164, 0.0 ], [ 107.721167, -6.833082, 0.0 ], [ 107.721276, -6.832982, 0.0 ], [ 107.721421, -6.832918, 0.0 ], [ 107.721625, -6.832872, 0.0 ], [ 107.721883, -6.832861, 0.0 ], [ 107.721944, -6.832906, 0.0 ], [ 107.721965, -6.832996, 0.0 ], [ 107.722002, -6.833114, 0.0 ], [ 107.722127, -6.833221, 0.0 ], [ 107.722307, -6.833293, 0.0 ], [ 107.722483, -6.833319, 0.0 ], [ 107.722602, -6.833255, 0.0 ], [ 107.722668, -6.833155, 0.0 ], [ 107.722909, -6.832675, 0.0 ], [ 107.723002, -6.832638, 0.0 ], [ 107.723012, -6.832638, 0.0 ], [ 107.723135, -6.832556, 0.0 ], [ 107.723161, -6.832484, 0.0 ], [ 107.723361, -6.832437, 0.0 ], [ 107.723583, -6.832409, 0.0 ], [ 107.723669, -6.832417, 0.0 ], [ 107.723708, -6.83248, 0.0 ], [ 107.72363, -6.832996, 0.0 ], [ 107.723626, -6.833086, 0.0 ], [ 107.723699, -6.833176, 0.0 ], [ 107.723787, -6.833212, 0.0 ], [ 107.724071, -6.83312, 0.0 ], [ 107.724203, -6.83311, 0.0 ], [ 107.724382, -6.833281, 0.0 ], [ 107.724487, -6.833362, 0.0 ], [ 107.72469, -6.833369, 0.0 ], [ 107.724757, -6.833396, 0.0 ], [ 107.724818, -6.833486, 0.0 ], [ 107.724853, -6.833522, 0.0 ], [ 107.724958, -6.833522, 0.0 ], [ 107.725096, -6.833367, 0.0 ], [ 107.725372, -6.833085, 0.0 ], [ 107.725457, -6.832959, 0.0 ], [ 107.7255115, -6.8329134, 0.0 ], [ 107.725512, -6.832913, 0.0 ], [ 107.725566, -6.832868, 0.0 ], [ 107.725689, -6.832831, 0.0 ], [ 107.725835, -6.83283, 0.0 ], [ 107.725978, -6.832856, 0.0 ], [ 107.726118, -6.832828, 0.0 ], [ 107.726313, -6.832755, 0.0 ], [ 107.726578, -6.832681, 0.0 ], [ 107.726768, -6.832617, 0.0 ], [ 107.727094, -6.832669, 0.0 ], [ 107.727208, -6.832668, 0.0 ], [ 107.727306, -6.832605, 0.0 ], [ 107.727333, -6.832478, 0.0 ], [ 107.727242, -6.832289, 0.0 ], [ 107.727141, -6.832109, 0.0 ], [ 107.727132, -6.832009, 0.0 ], [ 107.727352, -6.831719, 0.0 ], [ 107.727596, -6.831401, 0.0 ], [ 107.727793, -6.831084, 0.0 ], [ 107.727841, -6.830957, 0.0 ], [ 107.727755, -6.830768, 0.0 ], [ 107.727732, -6.83066, 0.0 ], [ 107.727802, -6.830487, 0.0 ], [ 107.727948, -6.830369, 0.0 ], [ 107.728088, -6.830278, 0.0 ], [ 107.728142, -6.830187, 0.0 ], [ 107.728162, -6.830133, 0.0 ], [ 107.728186, -6.830115, 0.0 ], [ 107.728282, -6.830051, 0.0 ], [ 107.728435, -6.829878, 0.0 ], [ 107.728464, -6.829824, 0.0 ], [ 107.72853, -6.829733, 0.0 ], [ 107.728737, -6.829651, 0.0 ], [ 107.729212, -6.829404, 0.0 ], [ 107.729388, -6.829304, 0.0 ], [ 107.729638, -6.829113, 0.0 ], [ 107.729826, -6.828822, 0.0 ], [ 107.729979, -6.828668, 0.0 ], [ 107.73008, -6.828559, 0.0 ], [ 107.730289, -6.828458, 0.0 ], [ 107.730337, -6.828404, 0.0 ], [ 107.730417, -6.82834, 0.0 ], [ 107.730616, -6.828194, 0.0 ], [ 107.730766, -6.828148, 0.0 ], [ 107.730898, -6.828102, 0.0 ], [ 107.730981, -6.828084, 0.0 ], [ 107.731252, -6.828182, 0.0 ], [ 107.731254, -6.828182, 0.0 ], [ 107.731414, -6.828199, 0.0 ], [ 107.731634, -6.828143, 0.0 ], [ 107.731707, -6.828089, 0.0 ], [ 107.73172, -6.82798, 0.0 ], [ 107.731777, -6.827863, 0.0 ], [ 107.73189, -6.827781, 0.0 ], [ 107.73199, -6.827708, 0.0 ], [ 107.732248, -6.827652, 0.0 ], [ 107.73238, -6.827597, 0.0 ], [ 107.732472, -6.827506, 0.0 ], [ 107.7325, -6.827443, 0.0 ], [ 107.732449, -6.827371, 0.0 ], [ 107.732381, -6.827281, 0.0 ], [ 107.732364, -6.8271, 0.0 ], [ 107.732428, -6.826946, 0.0 ], [ 107.73255, -6.826801, 0.0 ], [ 107.732759, -6.826095, 0.0 ], [ 107.732903, -6.825778, 0.0 ], [ 107.732953, -6.825687, 0.0 ], [ 107.732987, -6.825624, 0.0 ], [ 107.733014, -6.825596, 0.0 ], [ 107.733025, -6.825334, 0.0 ], [ 107.733034, -6.825054, 0.0 ], [ 107.733122, -6.824909, 0.0 ], [ 107.733244, -6.8248, 0.0 ], [ 107.733404, -6.824754, 0.0 ], [ 107.73355, -6.824708, 0.0 ], [ 107.733724, -6.82458, 0.0 ], [ 107.733802, -6.824481, 0.0 ], [ 107.733862, -6.824399, 0.0 ], [ 107.73408, -6.824389, 0.0 ], [ 107.734419, -6.824459, 0.0 ], [ 107.734513, -6.824459, 0.0 ], [ 107.734586, -6.824332, 0.0 ], [ 107.734634, -6.824286, 0.0 ], [ 107.734736, -6.824267, 0.0 ], [ 107.7348194, -6.8242849, 0.0 ], [ 107.73482, -6.824285, 0.0 ], [ 107.734846, -6.824285, 0.0 ], [ 107.735304, -6.824111, 0.0 ], [ 107.735826, -6.823936, 0.0 ], [ 107.736323, -6.823734, 0.0 ], [ 107.736682, -6.823507, 0.0 ], [ 107.736835, -6.82328, 0.0 ], [ 107.736975, -6.823116, 0.0 ], [ 107.737073, -6.82279, 0.0 ], [ 107.737074, -6.822781, 0.0 ], [ 107.737229, -6.822519, 0.0 ], [ 107.737245, -6.822491, 0.0 ], [ 107.737386, -6.822228, 0.0 ], [ 107.737428, -6.821957, 0.0 ], [ 107.737386, -6.821704, 0.0 ], [ 107.737309, -6.821488, 0.0 ], [ 107.737324, -6.821352, 0.0 ], [ 107.737556, -6.821215, 0.0 ], [ 107.737629, -6.821152, 0.0 ], [ 107.737635, -6.820817, 0.0 ], [ 107.737682, -6.820618, 0.0 ], [ 107.737708, -6.820465, 0.0 ], [ 107.737582, -6.820113, 0.0 ], [ 107.737568, -6.82005, 0.0 ], [ 107.737637, -6.819977, 0.0 ], [ 107.737838, -6.819868, 0.0 ], [ 107.737976, -6.819668, 0.0 ], [ 107.738095, -6.819532, 0.0 ], [ 107.738212, -6.819486, 0.0 ], [ 107.738358, -6.819449, 0.0 ], [ 107.738408, -6.81944, 0.0 ], [ 107.738545, -6.819475, 0.0 ], [ 107.738861, -6.819573, 0.0 ], [ 107.739018, -6.819599, 0.0 ], [ 107.739217, -6.819679, 0.0 ], [ 107.739384, -6.81966, 0.0 ], [ 107.739551, -6.819668, 0.0 ], [ 107.739765, -6.819784, 0.0 ], [ 107.7401, -6.819954, 0.0 ], [ 107.740216, -6.819962, 0.0 ], [ 107.740313, -6.819917, 0.0 ], [ 107.740465, -6.819835, 0.0 ], [ 107.741068, -6.819714, 0.0 ], [ 107.741808, -6.819267, 0.0 ], [ 107.742, -6.819284, 0.0 ], [ 107.742322, -6.819336, 0.0 ], [ 107.742418, -6.819426, 0.0 ], [ 107.7424216, -6.8194282, 0.0 ], [ 107.74249, -6.819471, 0.0 ], [ 107.742537, -6.819452, 0.0 ], [ 107.742626, -6.819379, 0.0 ], [ 107.742862, -6.819206, 0.0 ], [ 107.742942, -6.819134, 0.0 ], [ 107.743003, -6.819079, 0.0 ], [ 107.743298, -6.818824, 0.0 ], [ 107.743447, -6.81867, 0.0 ], [ 107.743879, -6.818306, 0.0 ], [ 107.743855, -6.818171, 0.0 ], [ 107.7437958, -6.8181003, 0.0 ], [ 107.743757, -6.818054, 0.0 ], [ 107.743571, -6.817811, 0.0 ], [ 107.743563, -6.817693, 0.0 ], [ 107.743607, -6.817603, 0.0 ], [ 107.74372, -6.817476, 0.0 ], [ 107.743857, -6.817339, 0.0 ], [ 107.743898, -6.817068, 0.0 ], [ 107.7439, -6.817068, 0.0 ], [ 107.743923, -6.8168168, 0.0 ], [ 107.7438945, -6.816724, 0.0 ], [ 107.7438588, -6.8166669, 0.0 ], [ 107.7437945, -6.8165884, 0.0 ], [ 107.7437517, -6.8164885, 0.0 ], [ 107.743743, -6.8163391, 0.0 ], [ 107.743785, -6.816302, 0.0 ], [ 107.743836, -6.816257, 0.0 ], [ 107.743896, -6.816272, 0.0 ], [ 107.743994, -6.816346, 0.0 ], [ 107.744073, -6.816388, 0.0 ], [ 107.744135, -6.816323, 0.0 ], [ 107.744272, -6.816127, 0.0 ], [ 107.744299, -6.81611, 0.0 ], [ 107.744468, -6.816035, 0.0 ], [ 107.744748, -6.81598, 0.0 ], [ 107.744847, -6.815935, 0.0 ], [ 107.744971, -6.815842, 0.0 ], [ 107.745097, -6.815676, 0.0 ], [ 107.745219, -6.81558, 0.0 ], [ 107.7456903, -6.8150864, 0.0 ], [ 107.7456925, -6.8150841, 0.0 ], [ 107.7457646, -6.8147293, 0.0 ], [ 107.7458462, -6.8144372, 0.0 ], [ 107.7461568, -6.8136505, 0.0 ], [ 107.7460691, -6.81365, 0.0 ], [ 107.7460443, -6.8136499, 0.0 ], [ 107.7460152, -6.8136498, 0.0 ], [ 107.7459489, -6.8136494, 0.0 ], [ 107.7456814, -6.8136459, 0.0 ], [ 107.7456813, -6.8136459, 0.0 ], [ 107.7455216, -6.8136437, 0.0 ], [ 107.745291, -6.8136255, 0.0 ], [ 107.7450257, -6.8136046, 0.0 ], [ 107.7445513, -6.8136307, 0.0 ], [ 107.7444553, -6.8136359, 0.0 ], [ 107.7443111, -6.8136439, 0.0 ], [ 107.7442893, -6.8136451, 0.0 ], [ 107.7442799, -6.8136456, 0.0 ], [ 107.7442704, -6.8136461, 0.0 ], [ 107.744051, -6.8136877, 0.0 ], [ 107.7438127, -6.8137329, 0.0 ], [ 107.7434159, -6.813865, 0.0 ], [ 107.743332, -6.8138725, 0.0 ], [ 107.7433319, -6.8138725, 0.0 ], [ 107.7430955, -6.8138936, 0.0 ], [ 107.7422868, -6.8138821, 0.0 ], [ 107.7420006, -6.8138742, 0.0 ], [ 107.7417375, -6.8138669, 0.0 ], [ 107.7411653, -6.8137958, 0.0 ], [ 107.7409063, -6.8137688, 0.0 ], [ 107.7406617, -6.8137434, 0.0 ], [ 107.7402879, -6.8135135, 0.0 ], [ 107.7400037, -6.8132242, 0.0 ], [ 107.7396241, -6.8128379, 0.0 ], [ 107.7393952, -6.8127754, 0.0 ], [ 107.7390977, -6.812742, 0.0 ], [ 107.7390973, -6.8127421, 0.0 ], [ 107.7390968, -6.8127422, 0.0 ], [ 107.7389608, -6.8127724, 0.0 ], [ 107.738823, -6.812803, 0.0 ], [ 107.7385563, -6.8128667, 0.0 ], [ 107.7384492, -6.8128922, 0.0 ], [ 107.7379228, -6.8130329, 0.0 ], [ 107.737883, -6.813046, 0.0 ], [ 107.7376252, -6.8131307, 0.0 ], [ 107.7375864, -6.8131486, 0.0 ], [ 107.7375108, -6.8131836, 0.0 ], [ 107.7360208, -6.8136352, 0.0 ], [ 107.7355805, -6.8137686, 0.0 ], [ 107.7345887, -6.8140128, 0.0 ], [ 107.7344192, -6.8140758, 0.0 ], [ 107.7343141, -6.8141148, 0.0 ], [ 107.7340394, -6.8141916, 0.0 ], [ 107.7335359, -6.8142698, 0.0 ], [ 107.7335358, -6.8142698, 0.0 ], [ 107.7335357, -6.8142697, 0.0 ], [ 107.7330934, -6.8139961, 0.0 ], [ 107.7329753, -6.8138518, 0.0 ], [ 107.7327455, -6.8135712, 0.0 ], [ 107.7326737, -6.8134835, 0.0 ], [ 107.7326066, -6.813415, 0.0 ], [ 107.7319642, -6.8127592, 0.0 ], [ 107.7313555, -6.8122373, 0.0 ], [ 107.7311555, -6.8120659, 0.0 ], [ 107.7309831, -6.8119762, 0.0 ], [ 107.7303544, -6.8116491, 0.0 ], [ 107.7300487, -6.8115317, 0.0 ], [ 107.7298127, -6.8114412, 0.0 ], [ 107.7286662, -6.8112092, 0.0 ], [ 107.7282029, -6.8111155, 0.0 ], [ 107.7278814, -6.8110465, 0.0 ], [ 107.7268543, -6.810826, 0.0 ], [ 107.7268534, -6.8108258, 0.0 ], [ 107.7268525, -6.8108256, 0.0 ], [ 107.7265295, -6.8108228, 0.0 ], [ 107.7265244, -6.8108227, 0.0 ], [ 107.7265179, -6.810824, 0.0 ], [ 107.7265173, -6.8108242, 0.0 ], [ 107.7265156, -6.8108245, 0.0 ], [ 107.7264905, -6.8108295, 0.0 ], [ 107.7264616, -6.8108352, 0.0 ], [ 107.7264543, -6.8108366, 0.0 ], [ 107.7264438, -6.8108387, 0.0 ], [ 107.7263812, -6.8108511, 0.0 ], [ 107.7263528, -6.8108568, 0.0 ], [ 107.7262558, -6.810876, 0.0 ], [ 107.7262116, -6.8108847, 0.0 ], [ 107.7261552, -6.8104952, 0.0 ], [ 107.726111, -6.8101901, 0.0 ], [ 107.7259904, -6.8093574, 0.0 ], [ 107.7258856, -6.809008, 0.0 ], [ 107.7258378, -6.8088486, 0.0 ], [ 107.725792, -6.8084738, 0.0 ], [ 107.725731, -6.8082917, 0.0 ], [ 107.7256928, -6.8079856, 0.0 ], [ 107.7256991, -6.8079569, 0.0 ], [ 107.7257615, -6.8076699, 0.0 ], [ 107.7258225, -6.8073981, 0.0 ], [ 107.7260972, -6.8066585, 0.0 ], [ 107.7263871, -6.805876, 0.0 ], [ 107.7262422, -6.8050568, 0.0 ], [ 107.7261506, -6.8047307, 0.0 ], [ 107.725998, -6.8043902, 0.0 ], [ 107.7257386, -6.8040464, 0.0 ], [ 107.7254411, -6.8036587, 0.0 ], [ 107.7251283, -6.8033388, 0.0 ], [ 107.7250749, -6.8032625, 0.0 ], [ 107.7248911, -6.8030781, 0.0 ], [ 107.7247621, -6.8029487, 0.0 ], [ 107.7245027, -6.802686, 0.0 ], [ 107.724228, -6.8023737, 0.0 ], [ 107.7238007, -6.8019941, 0.0 ], [ 107.7233888, -6.8016713, 0.0 ], [ 107.7232896, -6.801594, 0.0 ], [ 107.7222978, -6.800813, 0.0 ], [ 107.7219697, -6.8005488, 0.0 ], [ 107.7218476, -6.8004892, 0.0 ], [ 107.721428, -6.8003843, 0.0 ], [ 107.7211915, -6.8004086, 0.0 ], [ 107.720604, -6.8004735, 0.0 ], [ 107.7202226, -6.8004811, 0.0 ], [ 107.7197648, -6.8004, 0.0 ], [ 107.7187348, -6.8001158, 0.0 ], [ 107.7183076, -6.8000353, 0.0 ], [ 107.7179795, -6.7999642, 0.0 ], [ 107.7176667, -6.7998121, 0.0 ], [ 107.7172013, -6.7995751, 0.0 ], [ 107.7168885, -6.7994478, 0.0 ], [ 107.7167131, -6.7993686, 0.0 ], [ 107.7164079, -6.7992103, 0.0 ], [ 107.7152101, -6.7987444, 0.0 ], [ 107.7137071, -6.7983568, 0.0 ], [ 107.7125779, -6.7980531, 0.0 ], [ 107.7118684, -6.7978413, 0.0 ], [ 107.7113954, -6.7976082, 0.0 ], [ 107.7108384, -6.7971799, 0.0 ], [ 107.7097932, -6.7957141, 0.0 ], [ 107.7086259, -6.7939155, 0.0 ], [ 107.7083589, -6.7934454, 0.0 ], [ 107.7080232, -6.7931554, 0.0 ], [ 107.7076493, -6.7929399, 0.0 ], [ 107.7075044, -6.7929108, 0.0 ], [ 107.7068864, -6.7929184, 0.0 ], [ 107.7062837, -6.7928641, 0.0 ], [ 107.7056275, -6.7929204, 0.0 ], [ 107.7053681, -6.7929442, 0.0 ], [ 107.7050248, -6.7930157, 0.0 ], [ 107.7050248, -6.7930031, 0.0 ], [ 107.7050248, -6.7929904, 0.0 ], [ 107.7047959, -6.7930219, 0.0 ], [ 107.7042695, -6.7930382, 0.0 ], [ 107.7036897, -6.7930219, 0.0 ], [ 107.7033769, -6.7929757, 0.0 ], [ 107.7029115, -6.7928941, 0.0 ], [ 107.702324, -6.7928093, 0.0 ], [ 107.7018434, -6.7928021, 0.0 ], [ 107.7016755, -6.7928097, 0.0 ], [ 107.7011109, -6.7929623, 0.0 ], [ 107.7007218, -6.7931817, 0.0 ], [ 107.7003556, -6.7934077, 0.0 ], [ 107.7001191, -6.7936251, 0.0 ], [ 107.6997987, -6.7941206, 0.0 ], [ 107.699257, -6.7947529, 0.0 ], [ 107.6990815, -6.7948911, 0.0 ], [ 107.698906, -6.7948921, 0.0 ], [ 107.6984483, -6.7950227, 0.0 ], [ 107.6980515, -6.7950242, 0.0 ], [ 107.697754, -6.7950718, 0.0 ], [ 107.6973191, -6.7950595, 0.0 ], [ 107.696869, -6.7950595, 0.0 ], [ 107.696396, -6.7951458, 0.0 ], [ 107.6960069, -6.795172, 0.0 ], [ 107.695572, -6.7952283, 0.0 ], [ 107.6950303, -6.7954371, 0.0 ], [ 107.6941758, -6.795706, 0.0 ], [ 107.6938935, -6.7957914, 0.0 ], [ 107.6934434, -6.7960093, 0.0 ], [ 107.692833, -6.7962849, 0.0 ], [ 107.6919175, -6.7967007, 0.0 ], [ 107.6919099, -6.7967255, 0.0 ], [ 107.6916734, -6.7967999, 0.0 ], [ 107.6914063, -6.7969854, 0.0 ], [ 107.6909028, -6.7972019, 0.0 ], [ 107.6906205, -6.7974117, 0.0 ], [ 107.6902009, -6.7975991, 0.0 ], [ 107.6895906, -6.7979181, 0.0 ], [ 107.6892548, -6.7979896, 0.0 ], [ 107.6889042, -6.7982531, 0.0 ], [ 107.688904, -6.7982532, 0.0 ], [ 107.6889039, -6.7982533, 0.0 ], [ 107.6886598, -6.7982404, 0.0 ], [ 107.6882096, -6.7983587, 0.0 ], [ 107.6880189, -6.7983472, 0.0 ], [ 107.6878358, -6.7981741, 0.0 ], [ 107.6873704, -6.7976444, 0.0 ], [ 107.6872025, -6.7974217, 0.0 ], [ 107.6869203, -6.7970965, 0.0 ], [ 107.6865769, -6.7967942, 0.0 ], [ 107.6862718, -6.7965553, 0.0 ], [ 107.6857911, -6.7961371, 0.0 ], [ 107.6853868, -6.7958953, 0.0 ], [ 107.6848146, -6.7955124, 0.0 ], [ 107.6844255, -6.7953022, 0.0 ], [ 107.6842423, -6.7952159, 0.0 ], [ 107.6838151, -6.7949364, 0.0 ], [ 107.6835252, -6.7947042, 0.0 ], [ 107.683281, -6.7944543, 0.0 ], [ 107.6832482, -6.7941802, 0.0 ], [ 107.6829698, -6.7931315, 0.0 ], [ 107.6829701, -6.7929632, 0.0 ], [ 107.6829086, -6.7922693, 0.0 ], [ 107.6824944, -6.791692, 0.0 ], [ 107.6821875, -6.7914949, 0.0 ], [ 107.682186, -6.7914939, 0.0 ], [ 107.6821845, -6.7914929, 0.0 ], [ 107.6816677, -6.79125, 0.0 ], [ 107.6809617, -6.7907288, 0.0 ], [ 107.6808396, -6.7906382, 0.0 ], [ 107.68042, -6.7905643, 0.0 ], [ 107.6801377, -6.790407, 0.0 ], [ 107.6799851, -6.7902968, 0.0 ], [ 107.6797791, -6.7900918, 0.0 ], [ 107.6794587, -6.7898028, 0.0 ], [ 107.6791917, -6.7894905, 0.0 ], [ 107.679001, -6.7892797, 0.0 ], [ 107.6782914, -6.7888434, 0.0 ], [ 107.6783982, -6.7880237, 0.0 ], [ 107.6780549, -6.7871721, 0.0 ], [ 107.6773835, -6.7860472, 0.0 ], [ 107.677184, -6.7858177, 0.0 ], [ 107.6771838, -6.7858175, 0.0 ], [ 107.6771837, -6.7858174, 0.0 ], [ 107.6769613, -6.7856456, 0.0 ], [ 107.6769531, -6.7856393, 0.0 ], [ 107.676945, -6.785633, 0.0 ], [ 107.676733, -6.785433, 0.0 ], [ 107.676689, -6.785369, 0.0 ], [ 107.6766815, -6.7853593, 0.0 ], [ 107.6766741, -6.7853495, 0.0 ], [ 107.6766045, -6.7852585, 0.0 ], [ 107.6766028, -6.7852565, 0.0 ], [ 107.6766011, -6.7852544, 0.0 ], [ 107.6759873, -6.7848189, 0.0 ], [ 107.6753312, -6.7842777, 0.0 ], [ 107.6753241, -6.7842706, 0.0 ], [ 107.675317, -6.7842635, 0.0 ], [ 107.6750031, -6.783951, 0.0 ], [ 107.6747361, -6.7837875, 0.0 ], [ 107.6745454, -6.7835023, 0.0 ], [ 107.6742402, -6.7832134, 0.0 ], [ 107.6739427, -6.7829001, 0.0 ], [ 107.6736146, -6.7825363, 0.0 ], [ 107.6733857, -6.7822621, 0.0 ], [ 107.67305, -6.7819102, 0.0 ], [ 107.6726075, -6.7813003, 0.0 ], [ 107.672043, -6.7806666, 0.0 ], [ 107.6720735, -6.7800915, 0.0 ], [ 107.6723557, -6.7785286, 0.0 ], [ 107.6723557, -6.7785285, 0.0 ], [ 107.6723557, -6.7785285, 0.0 ], [ 107.6723557, -6.7785273, 0.0 ], [ 107.6723132, -6.7780155, 0.0 ], [ 107.6722947, -6.7777922, 0.0 ], [ 107.6722031, -6.7773979, 0.0 ], [ 107.6720201, -6.7771437, 0.0 ], [ 107.671119, -6.7763568, 0.0 ], [ 107.6711045, -6.7763441, 0.0 ], [ 107.6708528, -6.7763641, 0.0 ], [ 107.670456, -6.7766354, 0.0 ], [ 107.6700669, -6.7770994, 0.0 ], [ 107.6693193, -6.7772214, 0.0 ], [ 107.6684114, -6.7768052, 0.0 ], [ 107.6676866, -6.7762997, 0.0 ], [ 107.6639863, -6.7746928, 0.0 ], [ 107.6625062, -6.7741125, 0.0 ], [ 107.6583787, -6.773237, 0.0 ], [ 107.6572877, -6.7729695, 0.0 ], [ 107.6547013, -6.772702, 0.0 ], [ 107.6507711, -6.773281, 0.0 ], [ 107.650771, -6.773281, 0.0 ], [ 107.6507697, -6.7732801, 0.0 ], [ 107.6507319, -6.773254, 0.0 ], [ 107.6507239, -6.7732485, 0.0 ], [ 107.650716, -6.773243, 0.0 ], [ 107.650505, -6.773154, 0.0 ], [ 107.6503225, -6.7730764, 0.0 ], [ 107.650284, -6.77306, 0.0 ], [ 107.6502806, -6.7730552, 0.0 ], [ 107.6502771, -6.7730504, 0.0 ], [ 107.650198, -6.77294, 0.0 ], [ 107.6501455, -6.7728293, 0.0 ], [ 107.6501447, -6.7728278, 0.0 ], [ 107.650144, -6.7728263, 0.0 ], [ 107.650058, -6.772645, 0.0 ], [ 107.6499912, -6.7726124, 0.0 ], [ 107.6499, -6.772568, 0.0 ], [ 107.649737, -6.772556, 0.0 ], [ 107.6497365, -6.7725559, 0.0 ], [ 107.649736, -6.7725557, 0.0 ], [ 107.6495803, -6.7725115, 0.0 ], [ 107.649575, -6.77251, 0.0 ], [ 107.6495661, -6.772505, 0.0 ], [ 107.649433, -6.77243, 0.0 ], [ 107.6493062, -6.7723921, 0.0 ], [ 107.6493061, -6.772392, 0.0 ], [ 107.649306, -6.772392, 0.0 ], [ 107.6491059, -6.7724834, 0.0 ], [ 107.6491009, -6.7724857, 0.0 ], [ 107.6490988, -6.7724866, 0.0 ], [ 107.6490984, -6.7724868, 0.0 ], [ 107.649098, -6.772487, 0.0 ], [ 107.648992, -6.772494, 0.0 ], [ 107.648596, -6.772502, 0.0 ], [ 107.648042, -6.772521, 0.0 ], [ 107.647862, -6.772527, 0.0 ], [ 107.64769, -6.772527, 0.0 ], [ 107.647171, -6.772537, 0.0 ], [ 107.6471253, -6.7725418, 0.0 ], [ 107.6471242, -6.7725419, 0.0 ], [ 107.647123, -6.772542, 0.0 ], [ 107.6470756, -6.7725565, 0.0 ], [ 107.646908, -6.772608, 0.0 ], [ 107.6464172, -6.7727491, 0.0 ], [ 107.6463824, -6.7727591, 0.0 ], [ 107.646313, -6.772779, 0.0 ], [ 107.6461842, -6.7728261, 0.0 ], [ 107.646179, -6.772828, 0.0 ], [ 107.6461694, -6.7728309, 0.0 ], [ 107.645978, -6.772888, 0.0 ], [ 107.6459303, -6.7728917, 0.0 ], [ 107.645771, -6.772904, 0.0 ], [ 107.645377, -6.77287, 0.0 ], [ 107.645183, -6.77288, 0.0 ], [ 107.645061, -6.772932, 0.0 ], [ 107.6447452, -6.7730913, 0.0 ], [ 107.6447394, -6.7730943, 0.0 ], [ 107.6447369, -6.7730955, 0.0 ], [ 107.644736, -6.773096, 0.0 ], [ 107.64442, -6.773217, 0.0 ], [ 107.644236, -6.773275, 0.0 ], [ 107.644066, -6.773366, 0.0 ], [ 107.6438452, -6.7734926, 0.0 ], [ 107.643684, -6.773585, 0.0 ], [ 107.643481, -6.773683, 0.0 ], [ 107.6433946, -6.7737548, 0.0 ], [ 107.643339, -6.773801, 0.0 ], [ 107.6433346, -6.773809, 0.0 ], [ 107.6433301, -6.773817, 0.0 ], [ 107.6433176, -6.7738394, 0.0 ], [ 107.643269, -6.773927, 0.0 ], [ 107.6432121, -6.7739952, 0.0 ], [ 107.643178, -6.774036, 0.0 ], [ 107.6431367, -6.7740553, 0.0 ], [ 107.6431254, -6.7740607, 0.0 ], [ 107.643114, -6.774066, 0.0 ], [ 107.6426164, -6.7743003, 0.0 ], [ 107.6422502, -6.7742713, 0.0 ], [ 107.6422425, -6.7742398, 0.0 ], [ 107.6419679, -6.7742326, 0.0 ], [ 107.6416169, -6.7743218, 0.0 ], [ 107.6412202, -6.7742674, 0.0 ], [ 107.6406175, -6.7742627, 0.0 ], [ 107.6393281, -6.7744195, 0.0 ], [ 107.6385423, -6.7744596, 0.0 ], [ 107.6379777, -6.7743628, 0.0 ], [ 107.6365565, -6.7743889, 0.0 ], [ 107.6360038, -6.7743982, 0.0 ], [ 107.6360034, -6.7743982, 0.0 ], [ 107.636003, -6.7743982, 0.0 ], [ 107.634943, -6.7741, 0.0 ], [ 107.6349359, -6.7740977, 0.0 ], [ 107.6349288, -6.7740953, 0.0 ], [ 107.634676, -6.774012, 0.0 ], [ 107.6344506, -6.7739628, 0.0 ], [ 107.634433, -6.773959, 0.0 ], [ 107.6344326, -6.773959, 0.0 ], [ 107.634201, -6.77396, 0.0 ], [ 107.6338895, -6.7739761, 0.0 ], [ 107.633619, -6.77399, 0.0 ], [ 107.6335555, -6.7739943, 0.0 ], [ 107.633471, -6.774, 0.0 ], [ 107.632914, -6.773913, 0.0 ], [ 107.6327618, -6.7739001, 0.0 ], [ 107.632714, -6.773896, 0.0 ], [ 107.6326315, -6.7739286, 0.0 ], [ 107.632436, -6.774006, 0.0 ], [ 107.6323656, -6.77403, 0.0 ], [ 107.632275, -6.774061, 0.0 ], [ 107.6322671, -6.7740603, 0.0 ], [ 107.6322591, -6.7740596, 0.0 ], [ 107.632174, -6.774052, 0.0 ], [ 107.6319044, -6.7739167, 0.0 ], [ 107.6318967, -6.7739129, 0.0 ], [ 107.631889, -6.773909, 0.0 ], [ 107.631651, -6.773802, 0.0 ], [ 107.6315262, -6.7737859, 0.0 ], [ 107.631449, -6.773776, 0.0 ], [ 107.6313195, -6.7737767, 0.0 ], [ 107.631265, -6.773777, 0.0 ], [ 107.631209, -6.7737914, 0.0 ], [ 107.630908, -6.773869, 0.0 ], [ 107.630714, -6.773961, 0.0 ], [ 107.6307075, -6.7739649, 0.0 ], [ 107.630701, -6.7739687, 0.0 ], [ 107.630545, -6.774061, 0.0 ], [ 107.6303779, -6.7741154, 0.0 ], [ 107.6303769, -6.7741157, 0.0 ], [ 107.630376, -6.774116, 0.0 ], [ 107.630299, -6.774126, 0.0 ], [ 107.630178, -6.774126, 0.0 ], [ 107.629998, -6.774127, 0.0 ], [ 107.629566, -6.774157, 0.0 ], [ 107.6294299, -6.7741574, 0.0 ], [ 107.629254, -6.774158, 0.0 ], [ 107.629205, -6.774159, 0.0 ], [ 107.629177, -6.774159, 0.0 ], [ 107.62902, -6.774133, 0.0 ], [ 107.6286547, -6.7740179, 0.0 ], [ 107.628652, -6.774017, 0.0 ], [ 107.6286507, -6.7740167, 0.0 ], [ 107.6286495, -6.7740164, 0.0 ], [ 107.6286488, -6.7740162, 0.0 ], [ 107.628615, -6.774008, 0.0 ], [ 107.628421, -6.773946, 0.0 ], [ 107.628308, -6.773938, 0.0 ], [ 107.6282243, -6.7739293, 0.0 ], [ 107.6282227, -6.7739292, 0.0 ], [ 107.628221, -6.773929, 0.0 ], [ 107.627787, -6.773841, 0.0 ], [ 107.6277377, -6.7738318, 0.0 ], [ 107.627648, -6.773815, 0.0 ], [ 107.627526, -6.7737572, 0.0 ], [ 107.627439, -6.773716, 0.0 ], [ 107.6274358, -6.7737131, 0.0 ], [ 107.6274325, -6.7737101, 0.0 ], [ 107.627331, -6.773618, 0.0 ], [ 107.627134, -6.773411, 0.0 ], [ 107.6269706, -6.773272, 0.0 ], [ 107.626933, -6.77324, 0.0 ], [ 107.6268041, -6.7730862, 0.0 ], [ 107.626767, -6.773042, 0.0 ], [ 107.626732, -6.772527, 0.0 ], [ 107.626662, -6.772248, 0.0 ], [ 107.626715, -6.772048, 0.0 ], [ 107.62673, -6.771868, 0.0 ], [ 107.6267207, -6.771828, 0.0 ], [ 107.62669, -6.771696, 0.0 ], [ 107.626635, -6.771606, 0.0 ], [ 107.6265556, -6.7715435, 0.0 ], [ 107.626475, -6.77148, 0.0 ], [ 107.626038, -6.77123, 0.0 ], [ 107.625821, -6.771104, 0.0 ], [ 107.625656, -6.770961, 0.0 ], [ 107.6256139, -6.7709005, 0.0 ], [ 107.625537, -6.77079, 0.0 ], [ 107.6254851, -6.7707406, 0.0 ], [ 107.625433, -6.770691, 0.0 ], [ 107.625316, -6.770646, 0.0 ], [ 107.625315, -6.7706454, 0.0 ], [ 107.625314, -6.7706448, 0.0 ], [ 107.625147, -6.770548, 0.0 ], [ 107.6250752, -6.7704738, 0.0 ], [ 107.624999, -6.770395, 0.0 ], [ 107.6249809, -6.770374, 0.0 ], [ 107.624937, -6.770323, 0.0 ], [ 107.624797, -6.7700585, 0.0 ], [ 107.6247573, -6.7699834, 0.0 ], [ 107.6247566, -6.7699822, 0.0 ], [ 107.624756, -6.769981, 0.0 ], [ 107.624686, -6.7699549, 0.0 ], [ 107.624587, -6.769918, 0.0 ], [ 107.6244956, -6.7699126, 0.0 ], [ 107.624451, -6.76991, 0.0 ], [ 107.624347, -6.769883, 0.0 ], [ 107.6243005, -6.7698251, 0.0 ], [ 107.624282, -6.769802, 0.0 ], [ 107.6242702, -6.7697741, 0.0 ], [ 107.6241835, -6.7695694, 0.0 ], [ 107.624141, -6.769469, 0.0 ], [ 107.6241213, -6.7694353, 0.0 ], [ 107.624004, -6.769235, 0.0 ], [ 107.6238602, -6.7690473, 0.0 ], [ 107.6235703, -6.7686692, 0.0 ], [ 107.623528, -6.768614, 0.0 ], [ 107.623471, -6.768478, 0.0 ], [ 107.623377, -6.768334, 0.0 ], [ 107.6232518, -6.7682128, 0.0 ], [ 107.623155, -6.768119, 0.0 ], [ 107.623112, -6.7681046, 0.0 ], [ 107.623021, -6.768074, 0.0 ], [ 107.6226064, -6.7679496, 0.0 ], [ 107.622371, -6.767879, 0.0 ], [ 107.6223504, -6.7678566, 0.0 ], [ 107.6219454, -6.7674167, 0.0 ], [ 107.6219218, -6.7673856, 0.0 ], [ 107.6219224, -6.7673852, 0.0 ], [ 107.6219229, -6.7673847, 0.0 ], [ 107.6219456, -6.7673657, 0.0 ], [ 107.62205, -6.767278, 0.0 ], [ 107.622162, -6.7671747, 0.0 ], [ 107.622269, -6.767076, 0.0 ], [ 107.622239, -6.767064, 0.0 ], [ 107.6221, -6.767033, 0.0 ], [ 107.6220682, -6.7670231, 0.0 ], [ 107.6219224, -6.7669776, 0.0 ], [ 107.6219167, -6.7669758, 0.0 ], [ 107.621911, -6.766974, 0.0 ], [ 107.621814, -6.766931, 0.0 ], [ 107.6218135, -6.7669185, 0.0 ], [ 107.621813, -6.766906, 0.0 ], [ 107.621781, -6.766652, 0.0 ], [ 107.621709, -6.766559, 0.0 ], [ 107.6216031, -6.7664915, 0.0 ], [ 107.62156, -6.766464, 0.0 ], [ 107.621398, -6.766354, 0.0 ], [ 107.6213936, -6.7663489, 0.0 ], [ 107.6213892, -6.7663439, 0.0 ], [ 107.621308, -6.766251, 0.0 ], [ 107.621243, -6.766107, 0.0 ], [ 107.621264, -6.766006, 0.0 ], [ 107.6212663, -6.7660018, 0.0 ], [ 107.6212686, -6.7659977, 0.0 ], [ 107.62135, -6.765852, 0.0 ], [ 107.6213507, -6.76585, 0.0 ], [ 107.6213513, -6.7658481, 0.0 ], [ 107.6213827, -6.7657547, 0.0 ], [ 107.6213844, -6.7657499, 0.0 ], [ 107.621386, -6.765745, 0.0 ], [ 107.6213749, -6.7657128, 0.0 ], [ 107.621348, -6.765635, 0.0 ], [ 107.6212875, -6.765577, 0.0 ], [ 107.621274, -6.765564, 0.0 ], [ 107.6212704, -6.7655627, 0.0 ], [ 107.621071, -6.76549, 0.0 ], [ 107.6208874, -6.7654259, 0.0 ], [ 107.62069, -6.765357, 0.0 ], [ 107.6206805, -6.7653512, 0.0 ], [ 107.620671, -6.7653454, 0.0 ], [ 107.620302, -6.765119, 0.0 ], [ 107.6202739, -6.7650937, 0.0 ], [ 107.6202687, -6.7650891, 0.0 ], [ 107.6202682, -6.7650886, 0.0 ], [ 107.620262, -6.765083, 0.0 ], [ 107.620196, -6.764988, 0.0 ], [ 107.620191, -6.764889, 0.0 ], [ 107.620237, -6.764826, 0.0 ], [ 107.620264, -6.764809, 0.0 ], [ 107.620387, -6.764743, 0.0 ], [ 107.6206662, -6.7645641, 0.0 ], [ 107.6206686, -6.7645625, 0.0 ], [ 107.620671, -6.764561, 0.0 ], [ 107.620662, -6.7645176, 0.0 ], [ 107.620655, -6.764484, 0.0 ], [ 107.6205897, -6.7644268, 0.0 ], [ 107.6205818, -6.7644199, 0.0 ], [ 107.620574, -6.764413, 0.0 ], [ 107.620481, -6.764401, 0.0 ], [ 107.620178, -6.7643715, 0.0 ], [ 107.6201705, -6.7643707, 0.0 ], [ 107.620163, -6.76437, 0.0 ], [ 107.6201167, -6.7643324, 0.0 ], [ 107.620008, -6.764244, 0.0 ], [ 107.6199238, -6.7641936, 0.0 ], [ 107.619886, -6.764171, 0.0 ], [ 107.6198801, -6.7641695, 0.0 ], [ 107.6198742, -6.7641681, 0.0 ], [ 107.619696, -6.764124, 0.0 ], [ 107.619346, -6.764124, 0.0 ], [ 107.6193046, -6.7641237, 0.0 ], [ 107.61892, -6.764121, 0.0 ], [ 107.618537, -6.764005, 0.0 ], [ 107.618193, -6.763974, 0.0 ], [ 107.6180339, -6.7639633, 0.0 ], [ 107.61797, -6.763959, 0.0 ], [ 107.6179097, -6.7639011, 0.0 ], [ 107.6179014, -6.763893, 0.0 ], [ 107.617893, -6.763885, 0.0 ], [ 107.617827, -6.763776, 0.0 ], [ 107.61781, -6.763748, 0.0 ], [ 107.617695, -6.763541, 0.0 ], [ 107.6176203, -6.7634987, 0.0 ], [ 107.6175623, -6.7634659, 0.0 ], [ 107.6175561, -6.7634625, 0.0 ], [ 107.61755, -6.763459, 0.0 ], [ 107.617402, -6.763321, 0.0 ], [ 107.617383, -6.763234, 0.0 ], [ 107.6174045, -6.7632042, 0.0 ], [ 107.617424, -6.763177, 0.0 ], [ 107.617493, -6.763161, 0.0 ], [ 107.6175216, -6.7631645, 0.0 ], [ 107.6175339, -6.763166, 0.0 ], [ 107.6175461, -6.7631675, 0.0 ], [ 107.618007, -6.763224, 0.0 ], [ 107.618222, -6.763153, 0.0 ], [ 107.618316, -6.763088, 0.0 ], [ 107.618317, -6.763013, 0.0 ], [ 107.618257, -6.762888, 0.0 ], [ 107.618241, -6.762797, 0.0 ], [ 107.6182413, -6.7627952, 0.0 ], [ 107.6182415, -6.7627934, 0.0 ], [ 107.6182512, -6.7627294, 0.0 ], [ 107.618274, -6.762579, 0.0 ], [ 107.618193, -6.762493, 0.0 ], [ 107.617926, -6.762213, 0.0 ], [ 107.61792, -6.7620034, 0.0 ], [ 107.61792, -6.762003, 0.0 ], [ 107.6179154, -6.7619986, 0.0 ], [ 107.617821, -6.761908, 0.0 ], [ 107.617646, -6.76176, 0.0 ], [ 107.6176433, -6.7617522, 0.0 ], [ 107.6176406, -6.7617443, 0.0 ], [ 107.617605, -6.761641, 0.0 ], [ 107.617611, -6.7616355, 0.0 ], [ 107.617617, -6.76163, 0.0 ], [ 107.617762, -6.761568, 0.0 ], [ 107.6180668, -6.7615019, 0.0 ], [ 107.618237, -6.761465, 0.0 ], [ 107.6182695, -6.7614487, 0.0 ], [ 107.6182803, -6.7614434, 0.0 ], [ 107.618291, -6.761438, 0.0 ], [ 107.618286, -6.761365, 0.0 ], [ 107.618225, -6.761264, 0.0 ], [ 107.6181884, -6.7612282, 0.0 ], [ 107.6181496, -6.7611904, 0.0 ], [ 107.618096, -6.761138, 0.0 ], [ 107.6180652, -6.7610797, 0.0 ], [ 107.61804, -6.761032, 0.0 ], [ 107.618056, -6.7609811, 0.0 ], [ 107.6180674, -6.7609449, 0.0 ], [ 107.6180677, -6.7609439, 0.0 ], [ 107.618068, -6.760943, 0.0 ], [ 107.6180987, -6.7609118, 0.0 ], [ 107.618184, -6.760825, 0.0 ], [ 107.618363, -6.760746, 0.0 ], [ 107.6184163, -6.7607136, 0.0 ], [ 107.6185086, -6.7606575, 0.0 ], [ 107.6185098, -6.7606567, 0.0 ], [ 107.618511, -6.760656, 0.0 ], [ 107.6185165, -6.760622, 0.0 ], [ 107.6185218, -6.7605894, 0.0 ], [ 107.6185219, -6.7605887, 0.0 ], [ 107.618522, -6.760588, 0.0 ], [ 107.6184892, -6.7604273, 0.0 ], [ 107.6184842, -6.7604029, 0.0 ], [ 107.6184836, -6.7604, 0.0 ], [ 107.618483, -6.760397, 0.0 ], [ 107.618473, -6.760269, 0.0 ], [ 107.6184222, -6.76026, 0.0 ], [ 107.6183527, -6.7602477, 0.0 ], [ 107.6182553, -6.7602305, 0.0 ], [ 107.6179658, -6.760185, 0.0 ], [ 107.617714, -6.7601774, 0.0 ], [ 107.6173707, -6.760144, 0.0 ], [ 107.6171189, -6.7600997, 0.0 ], [ 107.6169129, -6.7600429, 0.0 ], [ 107.6161805, -6.7597978, 0.0 ], [ 107.615766, -6.7595793, 0.0 ], [ 107.6157609, -6.7595766, 0.0 ], [ 107.61576, -6.7595764, 0.0 ], [ 107.6157591, -6.7595763, 0.0 ], [ 107.6157591, -6.7595763, 0.0 ], [ 107.6151734, -6.7594802, 0.0 ], [ 107.6136552, -6.7592833, 0.0 ], [ 107.6127091, -6.759166, 0.0 ], [ 107.6116792, -6.7591293, 0.0 ], [ 107.6105958, -6.7591818, 0.0 ], [ 107.6098557, -6.7593157, 0.0 ], [ 107.6098535, -6.759316, 0.0 ], [ 107.6098512, -6.7593164, 0.0 ], [ 107.6080552, -6.7595661, 0.0 ], [ 107.6054339, -6.7602784, 0.0 ], [ 107.6046514, -6.7604911, 0.0 ], [ 107.6007231, -6.7613889, 0.0 ], [ 107.6006689, -6.7613927, 0.0 ], [ 107.6006496, -6.7613388, 0.0 ], [ 107.600613, -6.761237, 0.0 ], [ 107.6005977, -6.7611112, 0.0 ], [ 107.600559, -6.7612993, 0.0 ], [ 107.60053, -6.76144, 0.0 ], [ 107.60048, -6.76166, 0.0 ], [ 107.60036, -6.76203, 0.0 ], [ 107.59996, -6.7628, 0.0 ], [ 107.59893, -6.7642, 0.0 ], [ 107.59866, -6.76479, 0.0 ], [ 107.5984635, -6.7651916, 0.0 ], [ 107.59797, -6.7662, 0.0 ], [ 107.59713, -6.76764, 0.0 ], [ 107.59677, -6.7685, 0.0 ], [ 107.59664, -6.76894, 0.0 ], [ 107.59657, -6.76955, 0.0 ], [ 107.59664, -6.76995, 0.0 ], [ 107.59679, -6.77044, 0.0 ], [ 107.59698, -6.7709, 0.0 ], [ 107.59733, -6.77086, 0.0 ], [ 107.59751, -6.77084, 0.0 ], [ 107.59758, -6.77085, 0.0 ], [ 107.59764, -6.7709, 0.0 ], [ 107.59765, -6.77099, 0.0 ], [ 107.59734, -6.77142, 0.0 ], [ 107.59695, -6.77182, 0.0 ], [ 107.59679, -6.77195, 0.0 ], [ 107.59677, -6.77202, 0.0 ], [ 107.59683, -6.77212, 0.0 ], [ 107.59701, -6.77212, 0.0 ], [ 107.59732, -6.77216, 0.0 ], [ 107.59758, -6.77219, 0.0 ], [ 107.59764, -6.77223, 0.0 ], [ 107.59767, -6.77229, 0.0 ], [ 107.59761, -6.77244, 0.0 ], [ 107.59715, -6.77274, 0.0 ], [ 107.59665, -6.77299, 0.0 ], [ 107.59632, -6.77336, 0.0 ], [ 107.59631, -6.77348, 0.0 ], [ 107.59622, -6.77379, 0.0 ], [ 107.59621, -6.77388, 0.0 ], [ 107.59644, -6.7741, 0.0 ], [ 107.59656, -6.77417, 0.0 ], [ 107.59682, -6.77418, 0.0 ], [ 107.59688, -6.77421, 0.0 ], [ 107.59692, -6.7743, 0.0 ], [ 107.59688, -6.7744, 0.0 ], [ 107.59684, -6.77448, 0.0 ], [ 107.59684, -6.77466, 0.0 ], [ 107.59694, -6.77477, 0.0 ], [ 107.59744, -6.77479, 0.0 ], [ 107.59749, -6.77487, 0.0 ], [ 107.59734, -6.77513, 0.0 ], [ 107.59753, -6.77536, 0.0 ], [ 107.59777, -6.77564, 0.0 ], [ 107.59791, -6.77592, 0.0 ], [ 107.59795, -6.77609, 0.0 ], [ 107.59794, -6.7762, 0.0 ], [ 107.59787, -6.77625, 0.0 ], [ 107.59778, -6.77622, 0.0 ], [ 107.59758, -6.77599, 0.0 ], [ 107.59755, -6.7759, 0.0 ], [ 107.59748, -6.77584, 0.0 ], [ 107.59741, -6.77584, 0.0 ], [ 107.59732, -6.77586, 0.0 ], [ 107.59732, -6.77593, 0.0 ], [ 107.59747, -6.77652, 0.0 ], [ 107.59753, -6.7766, 0.0 ], [ 107.59761, -6.77667, 0.0 ], [ 107.59771, -6.77672, 0.0 ], [ 107.59775, -6.7768, 0.0 ], [ 107.59773, -6.77692, 0.0 ], [ 107.59754, -6.77736, 0.0 ], [ 107.59722, -6.77772, 0.0 ], [ 107.59716, -6.7778, 0.0 ], [ 107.59697, -6.77841, 0.0 ], [ 107.59694, -6.77856, 0.0 ], [ 107.59693, -6.77871, 0.0 ], [ 107.59684, -6.77904, 0.0 ], [ 107.59683, -6.77918, 0.0 ], [ 107.59726, -6.77932, 0.0 ], [ 107.59741, -6.77943, 0.0 ], [ 107.59756, -6.77952, 0.0 ], [ 107.59805, -6.77965, 0.0 ], [ 107.59813, -6.7796, 0.0 ], [ 107.59822, -6.77957, 0.0 ], [ 107.59833, -6.77958, 0.0 ], [ 107.59838, -6.77965, 0.0 ], [ 107.59842, -6.7798, 0.0 ], [ 107.59839, -6.78005, 0.0 ], [ 107.59836, -6.78015, 0.0 ], [ 107.59824, -6.78044, 0.0 ], [ 107.59825, -6.78056, 0.0 ], [ 107.59833, -6.78066, 0.0 ], [ 107.59846, -6.78072, 0.0 ], [ 107.59855, -6.78068, 0.0 ], [ 107.5987, -6.78047, 0.0 ], [ 107.59887, -6.78023, 0.0 ], [ 107.59897, -6.78017, 0.0 ], [ 107.59908, -6.78018, 0.0 ], [ 107.5994, -6.78022, 0.0 ], [ 107.59946, -6.78023, 0.0 ], [ 107.59952, -6.78035, 0.0 ], [ 107.5993, -6.7805, 0.0 ], [ 107.5992, -6.78073, 0.0 ], [ 107.59907, -6.78083, 0.0 ], [ 107.59887, -6.78126, 0.0 ], [ 107.59884, -6.78144, 0.0 ], [ 107.59892, -6.78166, 0.0 ], [ 107.59905, -6.78187, 0.0 ], [ 107.59911, -6.78203, 0.0 ], [ 107.59908, -6.78243, 0.0 ], [ 107.59901, -6.78262, 0.0 ], [ 107.59873, -6.78292, 0.0 ], [ 107.59856, -6.78332, 0.0 ], [ 107.59843, -6.78391, 0.0 ], [ 107.59841, -6.78405, 0.0 ], [ 107.59841, -6.78413, 0.0 ], [ 107.5982, -6.78418, 0.0 ], [ 107.59765, -6.78425, 0.0 ], [ 107.59724, -6.78431, 0.0 ], [ 107.5971, -6.7843003, 0.0 ], [ 107.59676, -6.78477, 0.0 ], [ 107.59669, -6.78486, 0.0 ], [ 107.59661, -6.785, 0.0 ], [ 107.59657, -6.78506, 0.0 ], [ 107.59622, -6.78523, 0.0 ], [ 107.59607, -6.78525, 0.0 ], [ 107.59596, -6.78527, 0.0 ], [ 107.59556, -6.78559, 0.0 ], [ 107.59548, -6.78564, 0.0 ], [ 107.59532, -6.7858, 0.0 ], [ 107.59523, -6.78595, 0.0 ], [ 107.59518, -6.78624, 0.0 ], [ 107.59516, -6.78643, 0.0 ], [ 107.59518, -6.78656, 0.0 ], [ 107.59525, -6.78666, 0.0 ], [ 107.59526, -6.78678, 0.0 ], [ 107.59509, -6.78699, 0.0 ], [ 107.59504, -6.7871, 0.0 ], [ 107.59502, -6.78727, 0.0 ], [ 107.59502, -6.78737, 0.0 ], [ 107.59496, -6.78757, 0.0 ], [ 107.59488, -6.78781, 0.0 ], [ 107.5948, -6.78797, 0.0 ], [ 107.5947543, -6.7881462, 0.0 ], [ 107.59473, -6.78824, 0.0 ], [ 107.59469, -6.78842, 0.0 ], [ 107.59467, -6.78851, 0.0 ], [ 107.59467, -6.78868, 0.0 ], [ 107.59467, -6.78893, 0.0 ], [ 107.59459, -6.78917, 0.0 ], [ 107.5945, -6.78966, 0.0 ], [ 107.5944733, -6.7897802, 0.0 ], [ 107.59442, -6.79002, 0.0 ], [ 107.59439, -6.79024, 0.0 ], [ 107.59441, -6.79032, 0.0 ], [ 107.5945, -6.79044, 0.0 ], [ 107.59467, -6.79069, 0.0 ], [ 107.59473, -6.79083, 0.0 ], [ 107.59471, -6.79092, 0.0 ], [ 107.59444, -6.79118, 0.0 ], [ 107.59434, -6.79137, 0.0 ], [ 107.59432, -6.79149, 0.0 ], [ 107.59429, -6.79176, 0.0 ], [ 107.59417, -6.79205, 0.0 ], [ 107.59412, -6.79222, 0.0 ], [ 107.59401, -6.79239, 0.0 ], [ 107.59391, -6.79248, 0.0 ], [ 107.59385, -6.79268, 0.0 ], [ 107.59373, -6.7931, 0.0 ], [ 107.59365, -6.79339, 0.0 ], [ 107.59352, -6.79369, 0.0 ], [ 107.59344, -6.7939, 0.0 ], [ 107.5934, -6.79416, 0.0 ], [ 107.59348, -6.79456, 0.0 ], [ 107.59327, -6.79488, 0.0 ], [ 107.59305, -6.79538, 0.0 ], [ 107.59292, -6.7957, 0.0 ], [ 107.59285, -6.7958, 0.0 ], [ 107.59282, -6.79628, 0.0 ], [ 107.592784, -6.7964959, 0.0 ], [ 107.59271, -6.79694, 0.0 ], [ 107.59263, -6.79738, 0.0 ], [ 107.59256, -6.79767, 0.0 ], [ 107.59252, -6.79794, 0.0 ], [ 107.5925189, -6.7979474, 0.0 ], [ 107.5925, -6.79807, 0.0 ], [ 107.59246, -6.79862, 0.0 ], [ 107.59242, -6.79876, 0.0 ], [ 107.5923, -6.79917, 0.0 ], [ 107.59224, -6.7995, 0.0 ], [ 107.5922, -6.79964, 0.0 ], [ 107.592096, -6.8000708, 0.0 ], [ 107.59206, -6.80022, 0.0 ], [ 107.59196, -6.80054, 0.0 ], [ 107.59195, -6.80066, 0.0 ], [ 107.59186, -6.80081, 0.0 ], [ 107.59177, -6.80089, 0.0 ], [ 107.59159, -6.801, 0.0 ], [ 107.59148, -6.80111, 0.0 ], [ 107.59141, -6.80124, 0.0 ], [ 107.5913434, -6.8017064, 0.0 ], [ 107.59134, -6.80173, 0.0 ], [ 107.59125, -6.80196, 0.0 ], [ 107.59111, -6.80211, 0.0 ], [ 107.59084, -6.80237, 0.0 ], [ 107.59061, -6.80267, 0.0 ], [ 107.59049, -6.80286, 0.0 ], [ 107.59023, -6.80323, 0.0 ], [ 107.59018, -6.80348, 0.0 ], [ 107.5900839, -6.8038021, 0.0 ], [ 107.59001, -6.80405, 0.0 ], [ 107.58985, -6.80445, 0.0 ], [ 107.58964, -6.80489, 0.0 ], [ 107.58963, -6.80501, 0.0 ], [ 107.58967, -6.80512, 0.0 ], [ 107.5898, -6.80521, 0.0 ], [ 107.59002, -6.80534, 0.0 ], [ 107.59008, -6.8054, 0.0 ], [ 107.5901569, -6.8054038, 0.0 ], [ 107.59028, -6.80541, 0.0 ], [ 107.59067, -6.80536, 0.0 ], [ 107.59074, -6.80536, 0.0 ], [ 107.59092, -6.80541, 0.0 ], [ 107.59123, -6.80553, 0.0 ], [ 107.59158, -6.80571, 0.0 ], [ 107.59215, -6.806, 0.0 ], [ 107.5925, -6.80612, 0.0 ], [ 107.59284, -6.80628, 0.0 ], [ 107.5929448, -6.8063499, 0.0 ], [ 107.59308, -6.80644, 0.0 ], [ 107.59318, -6.80646, 0.0 ], [ 107.59338, -6.80652, 0.0 ], [ 107.59345, -6.80663, 0.0 ], [ 107.5934504, -6.8066317, 0.0 ], [ 107.59349, -6.80679, 0.0 ], [ 107.59346, -6.80776, 0.0 ], [ 107.59343, -6.80789, 0.0 ], [ 107.59344, -6.80801, 0.0 ], [ 107.5937, -6.80817, 0.0 ], [ 107.5937167, -6.8081796, 0.0 ], [ 107.5938067, -6.8082312, 0.0 ], [ 107.59438, -6.80856, 0.0 ], [ 107.59457, -6.80884, 0.0 ], [ 107.5946617, -6.808895, 0.0 ], [ 107.59502, -6.80911, 0.0 ], [ 107.59546, -6.80957, 0.0 ], [ 107.59554, -6.80961, 0.0 ], [ 107.59604, -6.8099, 0.0 ], [ 107.5962633, -6.8100844, 0.0 ], [ 107.5965, -6.81028, 0.0 ], [ 107.59669, -6.81038, 0.0 ], [ 107.59694, -6.81041, 0.0 ], [ 107.59706, -6.81044, 0.0 ], [ 107.59713, -6.81053, 0.0 ], [ 107.59713, -6.81066, 0.0 ], [ 107.59712, -6.81095, 0.0 ], [ 107.59716, -6.81102, 0.0 ], [ 107.59729, -6.81111, 0.0 ], [ 107.5974321, -6.8111574, 0.0 ], [ 107.5974334, -6.8114181, 0.0 ], [ 107.5973957, -6.8115331, 0.0 ], [ 107.5967758, -6.8118999, 0.0 ], [ 107.5965566, -6.8120636, 0.0 ], [ 107.5967501, -6.8123941, 0.0 ], [ 107.5968829, -6.8126265, 0.0 ], [ 107.5969257, -6.8127997, 0.0 ], [ 107.5969625, -6.8129728, 0.0 ], [ 107.5969816, -6.813176, 0.0 ], [ 107.5977048, -6.8131123, 0.0 ], [ 107.5978782, -6.8130934, 0.0 ], [ 107.5978825, -6.8132445, 0.0 ], [ 107.5978981, -6.8136375, 0.0 ], [ 107.5978582, -6.8147743, 0.0 ], [ 107.5978151, -6.8162967, 0.0 ], [ 107.5977773, -6.8187009, 0.0 ], [ 107.5980589, -6.8187147, 0.0 ], [ 107.59837, -6.81873, 0.0 ], [ 107.5983163, -6.8201618, 0.0 ], [ 107.5984455, -6.8201651, 0.0 ], [ 107.5987361, -6.8201726, 0.0 ], [ 107.5988674, -6.8202208, 0.0 ], [ 107.5989048, -6.8203508, 0.0 ], [ 107.5989479, -6.820501, 0.0 ], [ 107.599055, -6.8206254, 0.0 ], [ 107.5992139, -6.8207863, 0.0 ], [ 107.59924, -6.82085, 0.0 ], [ 107.59918, -6.82098, 0.0 ], [ 107.59921, -6.82116, 0.0 ], [ 107.59924, -6.82131, 0.0 ], [ 107.59915, -6.82141, 0.0 ], [ 107.59907, -6.82157, 0.0 ], [ 107.59902, -6.82248, 0.0 ], [ 107.59902, -6.82254, 0.0 ], [ 107.59895, -6.8227, 0.0 ], [ 107.59885, -6.82286, 0.0 ], [ 107.59848, -6.8235, 0.0 ], [ 107.59835, -6.82377, 0.0 ], [ 107.59829, -6.82397, 0.0 ], [ 107.5982968, -6.8240038, 0.0 ], [ 107.59834, -6.82422, 0.0 ], [ 107.59832, -6.82437, 0.0 ], [ 107.59819, -6.825, 0.0 ], [ 107.59817, -6.82538, 0.0 ], [ 107.59832, -6.82569, 0.0 ], [ 107.5984, -6.82582, 0.0 ], [ 107.59832, -6.8261, 0.0 ], [ 107.59892, -6.82661, 0.0 ], [ 107.5989393, -6.8266455, 0.0 ], [ 107.59898, -6.82672, 0.0 ], [ 107.59899, -6.82685, 0.0 ], [ 107.59882, -6.82712, 0.0 ], [ 107.59879, -6.82719, 0.0 ], [ 107.59887, -6.82737, 0.0 ], [ 107.59893, -6.82746, 0.0 ], [ 107.59885, -6.82764, 0.0 ], [ 107.59872, -6.82789, 0.0 ], [ 107.59867, -6.82802, 0.0 ], [ 107.5987421, -6.828197, 0.0 ], [ 107.59878, -6.82829, 0.0 ], [ 107.59897, -6.82851, 0.0 ], [ 107.59918, -6.8287, 0.0 ], [ 107.5992081, -6.8288031, 0.0 ], [ 107.59924, -6.82892, 0.0 ], [ 107.59935, -6.82902, 0.0 ], [ 107.59942, -6.82915, 0.0 ], [ 107.5994507, -6.8296332, 0.0 ], [ 107.59946, -6.82978, 0.0 ], [ 107.59946, -6.82994, 0.0 ], [ 107.59935, -6.83012, 0.0 ], [ 107.59931, -6.83025, 0.0 ], [ 107.5992, -6.83056, 0.0 ], [ 107.5991983, -6.8305813, 0.0 ], [ 107.59918, -6.83081, 0.0 ], [ 107.5992, -6.83093, 0.0 ], [ 107.59933, -6.83121, 0.0 ], [ 107.5993786, -6.8314919, 0.0 ], [ 107.59938, -6.8315, 0.0 ], [ 107.59941, -6.83169, 0.0 ], [ 107.59939, -6.83196, 0.0 ], [ 107.59936, -6.83228, 0.0 ], [ 107.5993594, -6.8322808, 0.0 ], [ 107.59924, -6.83244, 0.0 ], [ 107.5991, -6.83254, 0.0 ], [ 107.59885, -6.83282, 0.0 ], [ 107.59881, -6.83292, 0.0 ], [ 107.5987621, -6.8329839, 0.0 ], [ 107.59869, -6.83308, 0.0 ], [ 107.59861, -6.83332, 0.0 ], [ 107.59851, -6.83351, 0.0 ], [ 107.59849, -6.83365, 0.0 ], [ 107.59851, -6.83383, 0.0 ], [ 107.59848, -6.83389, 0.0 ], [ 107.5984, -6.83391, 0.0 ], [ 107.59824, -6.83384, 0.0 ], [ 107.59817, -6.83376, 0.0 ], [ 107.59803, -6.83372, 0.0 ], [ 107.59791, -6.83374, 0.0 ], [ 107.59768, -6.83398, 0.0 ], [ 107.59758, -6.83407, 0.0 ], [ 107.59753, -6.83414, 0.0 ], [ 107.59754, -6.83454, 0.0 ], [ 107.59729, -6.8349, 0.0 ], [ 107.59726, -6.83509, 0.0 ], [ 107.5973, -6.83522, 0.0 ], [ 107.59726, -6.83544, 0.0 ], [ 107.59722, -6.83567, 0.0 ], [ 107.5972296, -6.8357316, 0.0 ], [ 107.59727, -6.83599, 0.0 ], [ 107.59722, -6.83643, 0.0 ], [ 107.59746, -6.83656, 0.0 ], [ 107.5975897, -6.8368891, 0.0 ], [ 107.5975914, -6.8368872, 0.0 ], [ 107.5975955, -6.836887, 0.0 ], [ 107.5976476, -6.8368834, 0.0 ], [ 107.5976567, -6.8368828, 0.0 ], [ 107.5977683, -6.836912, 0.0 ], [ 107.5978371, -6.8369944, 0.0 ], [ 107.5978649, -6.8370277, 0.0 ], [ 107.5979022, -6.837082, 0.0 ], [ 107.5979272, -6.8370927, 0.0 ], [ 107.5979522, -6.837082, 0.0 ], [ 107.597981, -6.8370676, 0.0 ], [ 107.598, -6.8370833, 0.0 ], [ 107.5980305, -6.8370885, 0.0 ], [ 107.5980833, -6.8370833, 0.0 ], [ 107.5980685, -6.8371113, 0.0 ], [ 107.5979733, -6.8371875, 0.0 ], [ 107.5979086, -6.8372503, 0.0 ], [ 107.5978648, -6.8373093, 0.0 ], [ 107.5978439, -6.8373455, 0.0 ], [ 107.5978062, -6.8374155, 0.0 ], [ 107.5977754, -6.8375473, 0.0 ], [ 107.5977582, -6.8376177, 0.0 ], [ 107.597743, -6.8376862, 0.0 ], [ 107.5977049, -6.8378214, 0.0 ], [ 107.5976707, -6.8379108, 0.0 ], [ 107.5976459, -6.837987, 0.0 ], [ 107.597625, -6.8380403, 0.0 ], [ 107.5976136, -6.8380726, 0.0 ], [ 107.5976098, -6.8380974, 0.0 ], [ 107.5976117, -6.8381221, 0.0 ], [ 107.5976174, -6.8381469, 0.0 ], [ 107.5976459, -6.8381716, 0.0 ], [ 107.5976735, -6.8382166, 0.0 ], [ 107.5976944, -6.8382582, 0.0 ], [ 107.5977033, -6.8383148, 0.0 ], [ 107.5977092, -6.8383951, 0.0 ], [ 107.5977152, -6.8385319, 0.0 ], [ 107.5976795, -6.8385884, 0.0 ], [ 107.5976081, -6.8386538, 0.0 ], [ 107.5975367, -6.8387074, 0.0 ], [ 107.5973315, -6.8388025, 0.0 ], [ 107.5971768, -6.8388739, 0.0 ], [ 107.5970162, -6.8389632, 0.0 ], [ 107.5969508, -6.8390107, 0.0 ], [ 107.5969062, -6.8390405, 0.0 ], [ 107.5968377, -6.8391089, 0.0 ], [ 107.5967961, -6.8391981, 0.0 ], [ 107.5967753, -6.8392755, 0.0 ], [ 107.5967842, -6.8393201, 0.0 ], [ 107.5967991, -6.8394153, 0.0 ], [ 107.5967753, -6.8395253, 0.0 ], [ 107.5967396, -6.8396056, 0.0 ], [ 107.5966944, -6.8396111, 0.0 ], [ 107.5966682, -6.8396473, 0.0 ], [ 107.596582, -6.8398019, 0.0 ], [ 107.5965433, -6.8398763, 0.0 ], [ 107.5964689, -6.8399447, 0.0 ], [ 107.5964273, -6.8399893, 0.0 ], [ 107.5964303, -6.8400458, 0.0 ], [ 107.5964362, -6.8400756, 0.0 ], [ 107.5964898, -6.8401202, 0.0 ], [ 107.5965016, -6.8401499, 0.0 ], [ 107.5964957, -6.8402421, 0.0 ], [ 107.5964065, -6.8403254, 0.0 ], [ 107.5963975, -6.8404117, 0.0 ], [ 107.5963827, -6.8405277, 0.0 ], [ 107.5963738, -6.8406109, 0.0 ], [ 107.5963559, -6.8407864, 0.0 ], [ 107.5963559, -6.8408519, 0.0 ], [ 107.5963648, -6.8409292, 0.0 ], [ 107.5963856, -6.8410006, 0.0 ], [ 107.5963916, -6.8410541, 0.0 ], [ 107.5963797, -6.8411523, 0.0 ], [ 107.5963975, -6.841298, 0.0 ], [ 107.5964184, -6.8414735, 0.0 ], [ 107.5964392, -6.8416192, 0.0 ], [ 107.5964722, -6.8418611, 0.0 ], [ 107.5966593, -6.8419286, 0.0 ], [ 107.5966831, -6.8418631, 0.0 ], [ 107.5969508, -6.8419256, 0.0 ], [ 107.597037, -6.8419494, 0.0 ], [ 107.5972988, -6.8421457, 0.0 ], [ 107.5974356, -6.841988, 0.0 ], [ 107.5975813, -6.8419762, 0.0 ], [ 107.5979091, -6.8419627, 0.0 ], [ 107.597899, -6.8420237, 0.0 ], [ 107.5978391, -6.8423577, 0.0 ], [ 107.5986987, -6.8425582, 0.0 ], [ 107.5986992, -6.8425525, 0.0 ], [ 107.5987009, -6.8425275, 0.0 ], [ 107.598728, -6.842142, 0.0 ], [ 107.598743, -6.842054, 0.0 ], [ 107.59882, -6.842059, 0.0 ], [ 107.598856, -6.842061, 0.0 ], [ 107.598883, -6.842066, 0.0 ], [ 107.599255, -6.842076, 0.0 ], [ 107.599608, -6.842094, 0.0 ], [ 107.59971, -6.842101, 0.0 ], [ 107.599718, -6.842102, 0.0 ], [ 107.599892, -6.84214, 0.0 ], [ 107.599942, -6.842197, 0.0 ], [ 107.5999552, -6.8423176, 0.0 ], [ 107.599957, -6.842334, 0.0 ], [ 107.599929, -6.842779, 0.0 ], [ 107.599925, -6.842799, 0.0 ], [ 107.600235, -6.8424199, 0.0 ], [ 107.6005206, -6.8421736, 0.0 ], [ 107.6007062, -6.8419988, 0.0 ], [ 107.6009738, -6.8418096, 0.0 ], [ 107.6012772, -6.8416097, 0.0 ], [ 107.6015985, -6.8413813, 0.0 ], [ 107.6018269, -6.8411957, 0.0 ], [ 107.6018733, -6.84116, 0.0 ], [ 107.6025372, -6.8414598, 0.0 ], [ 107.6030975, -6.8417489, 0.0 ], [ 107.6035472, -6.8419666, 0.0 ], [ 107.6037869, -6.8420581, 0.0 ], [ 107.6040452, -6.8421566, 0.0 ], [ 107.6040477, -6.8421575, 0.0 ], [ 107.6040444, -6.8421734, 0.0 ], [ 107.604043, -6.8421805, 0.0 ], [ 107.6040327, -6.8422304, 0.0 ], [ 107.6040246, -6.8422695, 0.0 ], [ 107.6040091, -6.8423034, 0.0 ], [ 107.6039986, -6.8423265, 0.0 ], [ 107.6039564, -6.8424189, 0.0 ], [ 107.6039385, -6.842437, 0.0 ], [ 107.6038682, -6.8425078, 0.0 ], [ 107.60379, -6.8425749, 0.0 ], [ 107.6036803, -6.842669, 0.0 ], [ 107.603664, -6.8426933, 0.0 ], [ 107.6035542, -6.8428567, 0.0 ], [ 107.6035214, -6.8429225, 0.0 ], [ 107.6035073, -6.8429508, 0.0 ], [ 107.6034155, -6.8431807, 0.0 ], [ 107.6033412, -6.8435409, 0.0 ], [ 107.6033411, -6.8435493, 0.0 ], [ 107.6033117, -6.8438597, 0.0 ], [ 107.6032623, -6.8439577, 0.0 ], [ 107.6032198, -6.8440418, 0.0 ], [ 107.6031112, -6.8441917, 0.0 ], [ 107.6030651, -6.8442553, 0.0 ], [ 107.6029864, -6.8444124, 0.0 ], [ 107.602989, -6.8445785, 0.0 ], [ 107.602989, -6.8445785, 0.0 ], [ 107.6030311, -6.8448743, 0.0 ], [ 107.6030307, -6.8448758, 0.0 ], [ 107.6030286, -6.8448836, 0.0 ], [ 107.6030097, -6.844956, 0.0 ], [ 107.6029489, -6.8452055, 0.0 ], [ 107.6029183, -6.8453311, 0.0 ], [ 107.6028581, -6.8455159, 0.0 ], [ 107.6028382, -6.8456074, 0.0 ], [ 107.6028304, -6.8456429, 0.0 ], [ 107.6028306, -6.845644, 0.0 ], [ 107.6028574, -6.8457965, 0.0 ], [ 107.6028642, -6.8458307, 0.0 ], [ 107.6028749, -6.8458837, 0.0 ], [ 107.6028751, -6.8458839, 0.0 ], [ 107.6028897, -6.8458932, 0.0 ], [ 107.6029243, -6.8459225, 0.0 ], [ 107.6029391, -6.845935, 0.0 ], [ 107.6029668, -6.8459811, 0.0 ], [ 107.6030217, -6.8460728, 0.0 ], [ 107.603022, -6.8460731, 0.0 ], [ 107.6030174, -6.8461037, 0.0 ], [ 107.6030075, -6.8461695, 0.0 ], [ 107.6029591, -6.8464871, 0.0 ], [ 107.602948, -6.8465596, 0.0 ], [ 107.6029479, -6.8465606, 0.0 ], [ 107.6029566, -6.8467107, 0.0 ], [ 107.6029665, -6.846879, 0.0 ], [ 107.6029716, -6.8469672, 0.0 ], [ 107.6029876, -6.8472406, 0.0 ], [ 107.6029922, -6.8473208, 0.0 ], [ 107.6029931, -6.8473351, 0.0 ], [ 107.6029888, -6.8474175, 0.0 ], [ 107.6029621, -6.8479377, 0.0 ], [ 107.6029169, -6.8480222, 0.0 ], [ 107.6028444, -6.8480568, 0.0 ], [ 107.6025803, -6.8481503, 0.0 ], [ 107.6025353, -6.8482039, 0.0 ], [ 107.6025175, -6.8482251, 0.0 ], [ 107.6025175, -6.8482251, 0.0 ], [ 107.6023238, -6.8486531, 0.0 ], [ 107.6022655, -6.848782, 0.0 ], [ 107.6022736, -6.8488642, 0.0 ], [ 107.6022919, -6.8490514, 0.0 ], [ 107.6023744, -6.8492814, 0.0 ], [ 107.6023939, -6.8493357, 0.0 ], [ 107.6024738, -6.8495256, 0.0 ], [ 107.6025115, -6.8496153, 0.0 ], [ 107.6024855, -6.8496606, 0.0 ], [ 107.602445, -6.8497314, 0.0 ], [ 107.6024256, -6.8497652, 0.0 ], [ 107.6023556, -6.8498914, 0.0 ], [ 107.6022606, -6.8502073, 0.0 ], [ 107.6022672, -6.8502907, 0.0 ], [ 107.6022682, -6.8503036, 0.0 ], [ 107.6022748, -6.8503863, 0.0 ], [ 107.6022875, -6.8505476, 0.0 ], [ 107.6022912, -6.8505945, 0.0 ], [ 107.6022111, -6.850956, 0.0 ], [ 107.602211, -6.8509565, 0.0 ], [ 107.6022236, -6.8510943, 0.0 ], [ 107.6022378, -6.8512495, 0.0 ], [ 107.6022481, -6.8514443, 0.0 ], [ 107.6022303, -6.8515107, 0.0 ], [ 107.6022099, -6.8515862, 0.0 ], [ 107.6021492, -6.8516682, 0.0 ], [ 107.6021034, -6.8517127, 0.0 ], [ 107.6020688, -6.8517464, 0.0 ], [ 107.6019782, -6.8518344, 0.0 ], [ 107.6018285, -6.8519335, 0.0 ], [ 107.6017829, -6.8519637, 0.0 ], [ 107.6017793, -6.8519625, 0.0 ], [ 107.6017543, -6.8519542, 0.0 ], [ 107.6017487, -6.8519545, 0.0 ], [ 107.6016753, -6.8519831, 0.0 ], [ 107.6016427, -6.8520224, 0.0 ], [ 107.6016143, -6.8520567, 0.0 ], [ 107.601612, -6.8520838, 0.0 ], [ 107.6016065, -6.852148, 0.0 ], [ 107.6016603, -6.8522498, 0.0 ], [ 107.6017116, -6.8523639, 0.0 ], [ 107.6017151, -6.8523717, 0.0 ], [ 107.6018034, -6.8525681, 0.0 ], [ 107.6020047, -6.85322, 0.0 ], [ 107.6020479, -6.8533599, 0.0 ], [ 107.6020379, -6.8533833, 0.0 ], [ 107.601993, -6.8534885, 0.0 ], [ 107.60191, -6.8535437, 0.0 ], [ 107.6015579, -6.8537707, 0.0 ], [ 107.6015073, -6.8538821, 0.0 ], [ 107.6014386, -6.8540934, 0.0 ], [ 107.6014119, -6.8541753, 0.0 ], [ 107.6012626, -6.8543042, 0.0 ], [ 107.6012619, -6.8543046, 0.0 ], [ 107.6009728, -6.854479, 0.0 ], [ 107.6009385, -6.8546385, 0.0 ], [ 107.6009548, -6.8548257, 0.0 ], [ 107.6009581, -6.8548628, 0.0 ], [ 107.6009649, -6.8549415, 0.0 ], [ 107.6009731, -6.8550613, 0.0 ], [ 107.6009764, -6.85511, 0.0 ], [ 107.6009777, -6.8551285, 0.0 ], [ 107.600963, -6.8551782, 0.0 ], [ 107.6009428, -6.8552467, 0.0 ], [ 107.6009309, -6.8552872, 0.0 ], [ 107.6009904, -6.8552987, 0.0 ], [ 107.6011737, -6.8553344, 0.0 ], [ 107.6015485, -6.8555308, 0.0 ], [ 107.6018102, -6.8556973, 0.0 ], [ 107.6019232, -6.8558103, 0.0 ], [ 107.602066, -6.8558936, 0.0 ], [ 107.6021909, -6.8559174, 0.0 ], [ 107.6023337, -6.8559531, 0.0 ], [ 107.6025895, -6.8560126, 0.0 ], [ 107.6028056, -6.8561944, 0.0 ], [ 107.6033688, -6.8563755, 0.0 ], [ 107.6036008, -6.8564647, 0.0 ], [ 107.6037206, -6.856506, 0.0 ], [ 107.6037217, -6.8565063, 0.0 ], [ 107.6037852, -6.8564647, 0.0 ], [ 107.6038209, -6.8564171, 0.0 ], [ 107.6038685, -6.8564171, 0.0 ], [ 107.603916, -6.8565242, 0.0 ], [ 107.6039517, -6.8566015, 0.0 ], [ 107.6039993, -6.8566848, 0.0 ], [ 107.6040767, -6.8567205, 0.0 ], [ 107.6043444, -6.8568038, 0.0 ], [ 107.6045611, -6.8568831, 0.0 ], [ 107.6047932, -6.8569855, 0.0 ], [ 107.6047248, -6.8570418, 0.0 ], [ 107.6046887, -6.8570716, 0.0 ], [ 107.604607, -6.857139, 0.0 ], [ 107.604504, -6.857211, 0.0 ], [ 107.604454, -6.857245, 0.0 ], [ 107.6044431, -6.8572572, 0.0 ], [ 107.604307, -6.857409, 0.0 ], [ 107.604249, -6.857586, 0.0 ], [ 107.604244, -6.857793, 0.0 ], [ 107.60427, -6.857956, 0.0 ], [ 107.6042855, -6.8580023, 0.0 ], [ 107.6043181, -6.8580995, 0.0 ], [ 107.604346, -6.858183, 0.0 ], [ 107.60436, -6.858318, 0.0 ], [ 107.604386, -6.858549, 0.0 ], [ 107.604459, -6.858686, 0.0 ], [ 107.604511, -6.858872, 0.0 ], [ 107.60454, -6.858921, 0.0 ], [ 107.60459, -6.858997, 0.0 ], [ 107.604597, -6.859012, 0.0 ], [ 107.60461, -6.859106, 0.0 ], [ 107.604558, -6.859207, 0.0 ], [ 107.604543, -6.859352, 0.0 ], [ 107.6045433, -6.8593519, 0.0 ], [ 107.6045915, -6.8593348, 0.0 ], [ 107.6045955, -6.8593334, 0.0 ], [ 107.6046083, -6.8593288, 0.0 ], [ 107.6046138, -6.8593263, 0.0 ], [ 107.6046386, -6.8593149, 0.0 ], [ 107.6046706, -6.8593081, 0.0 ], [ 107.6048021, -6.8592515, 0.0 ], [ 107.6049869, -6.8591719, 0.0 ], [ 107.6050321, -6.8591074, 0.0 ], [ 107.6050786, -6.8589776, 0.0 ], [ 107.6050878, -6.8589518, 0.0 ], [ 107.6051696, -6.8587232, 0.0 ], [ 107.6052161, -6.8585955, 0.0 ], [ 107.6052414, -6.8585758, 0.0 ], [ 107.6052685, -6.8585546, 0.0 ], [ 107.6055089, -6.8583831, 0.0 ], [ 107.6055879, -6.8583282, 0.0 ], [ 107.6056173, -6.8583171, 0.0 ], [ 107.6057007, -6.8582854, 0.0 ], [ 107.6057453, -6.8583193, 0.0 ], [ 107.6057564, -6.8583277, 0.0 ], [ 107.6058463, -6.8584136, 0.0 ], [ 107.6058766, -6.8584244, 0.0 ], [ 107.6059388, -6.858415, 0.0 ], [ 107.6059748, -6.8584096, 0.0 ], [ 107.6060392, -6.8583837, 0.0 ], [ 107.6060729, -6.8583544, 0.0 ], [ 107.6061869, -6.8581649, 0.0 ], [ 107.606198, -6.858137, 0.0 ], [ 107.6062081, -6.8580173, 0.0 ], [ 107.606208, -6.8580082, 0.0 ], [ 107.6062074, -6.85797, 0.0 ], [ 107.6062123, -6.8579299, 0.0 ], [ 107.6062241, -6.857834, 0.0 ], [ 107.6062301, -6.857785, 0.0 ], [ 107.6062447, -6.8577481, 0.0 ], [ 107.6063161, -6.8576838, 0.0 ], [ 107.6064073, -6.8576693, 0.0 ], [ 107.6065583, -6.8577466, 0.0 ], [ 107.6065718, -6.8577535, 0.0 ], [ 107.6065729, -6.857755, 0.0 ], [ 107.6065946, -6.8577853, 0.0 ], [ 107.6066331, -6.8578086, 0.0 ], [ 107.6066569, -6.8578231, 0.0 ], [ 107.6066736, -6.857813, 0.0 ], [ 107.6066968, -6.8577991, 0.0 ], [ 107.6067165, -6.8577682, 0.0 ], [ 107.6067432, -6.8576951, 0.0 ], [ 107.6067774, -6.857591, 0.0 ], [ 107.6068148, -6.8574773, 0.0 ], [ 107.606845, -6.8574259, 0.0 ], [ 107.6068501, -6.8574172, 0.0 ], [ 107.6068794, -6.85738, 0.0 ], [ 107.607011, -6.8572132, 0.0 ], [ 107.6070173, -6.8571791, 0.0 ], [ 107.6070258, -6.8571343, 0.0 ], [ 107.6070396, -6.8570528, 0.0 ], [ 107.6071504, -6.8569591, 0.0 ], [ 107.607196, -6.8569205, 0.0 ], [ 107.6072243, -6.8569026, 0.0 ], [ 107.6072275, -6.8569005, 0.0 ], [ 107.6072413, -6.8568894, 0.0 ], [ 107.6072959, -6.8568453, 0.0 ], [ 107.6073176, -6.8568278, 0.0 ], [ 107.6073212, -6.8568248, 0.0 ], [ 107.6073517, -6.8567991, 0.0 ], [ 107.607376, -6.8567652, 0.0 ], [ 107.6074314, -6.8566875, 0.0 ], [ 107.6074343, -6.8566775, 0.0 ], [ 107.6074789, -6.8565197, 0.0 ], [ 107.6074829, -6.8565054, 0.0 ], [ 107.6075027, -6.8564152, 0.0 ], [ 107.6075294, -6.8563321, 0.0 ], [ 107.6075328, -6.8563223, 0.0 ], [ 107.6075526, -6.856265, 0.0 ], [ 107.6075656, -6.8562273, 0.0 ], [ 107.6076374, -6.8560693, 0.0 ], [ 107.6076901, -6.8559533, 0.0 ], [ 107.6077295, -6.8559067, 0.0 ], [ 107.6077315, -6.8559043, 0.0 ], [ 107.607732, -6.855904, 0.0 ], [ 107.607732, -6.855904, 0.0 ], [ 107.6077604, -6.8558842, 0.0 ], [ 107.6078274, -6.8558841, 0.0 ], [ 107.6080213, -6.8558947, 0.0 ], [ 107.6081836, -6.8559036, 0.0 ], [ 107.6082072, -6.8558859, 0.0 ], [ 107.6082885, -6.8558247, 0.0 ], [ 107.6085439, -6.8556464, 0.0 ], [ 107.6086697, -6.8555585, 0.0 ], [ 107.6087509, -6.8555203, 0.0 ], [ 107.608768, -6.8555122, 0.0 ], [ 107.6088149, -6.8554902, 0.0 ], [ 107.6090817, -6.8553548, 0.0 ], [ 107.6091839, -6.8552424, 0.0 ], [ 107.6091849, -6.8552274, 0.0 ], [ 107.6091851, -6.8552241, 0.0 ], [ 107.6091771, -6.8551841, 0.0 ], [ 107.6091713, -6.8551555, 0.0 ], [ 107.6091415, -6.8551234, 0.0 ], [ 107.6091133, -6.8550931, 0.0 ], [ 107.6091009, -6.8550844, 0.0 ], [ 107.6090842, -6.8550729, 0.0 ], [ 107.6089981, -6.8550129, 0.0 ], [ 107.6089345, -6.8549687, 0.0 ], [ 107.6088659, -6.8548813, 0.0 ], [ 107.6088666, -6.8548778, 0.0 ], [ 107.6088853, -6.8547891, 0.0 ], [ 107.6089147, -6.8547518, 0.0 ], [ 107.6089389, -6.8547212, 0.0 ], [ 107.6089672, -6.8546852, 0.0 ], [ 107.6090821, -6.8545577, 0.0 ], [ 107.6090827, -6.8545571, 0.0 ], [ 107.6090882, -6.8544599, 0.0 ], [ 107.6090773, -6.8544157, 0.0 ], [ 107.6090491, -6.8543004, 0.0 ], [ 107.6090493, -6.8542991, 0.0 ], [ 107.6090551, -6.8542648, 0.0 ], [ 107.6091018, -6.8541904, 0.0 ], [ 107.6091929, -6.8541231, 0.0 ], [ 107.6092402, -6.8540882, 0.0 ], [ 107.6092477, -6.8540832, 0.0 ], [ 107.609288, -6.8540564, 0.0 ], [ 107.609341, -6.8540038, 0.0 ], [ 107.6093573, -6.8539877, 0.0 ], [ 107.6093658, -6.8539571, 0.0 ], [ 107.6093869, -6.8538809, 0.0 ], [ 107.6093869, -6.8538805, 0.0 ], [ 107.6093849, -6.8538708, 0.0 ], [ 107.6093793, -6.8538422, 0.0 ], [ 107.6093695, -6.8537928, 0.0 ], [ 107.6093589, -6.853739, 0.0 ], [ 107.6093427, -6.8536095, 0.0 ], [ 107.6093417, -6.8536017, 0.0 ], [ 107.6093421, -6.8536007, 0.0 ], [ 107.6093516, -6.8535752, 0.0 ], [ 107.6093933, -6.8534626, 0.0 ], [ 107.6094103, -6.853417, 0.0 ], [ 107.609431, -6.8533606, 0.0 ], [ 107.6094669, -6.8532295, 0.0 ], [ 107.609606, -6.852722, 0.0 ], [ 107.6096063, -6.8527209, 0.0 ], [ 107.6096144, -6.8524099, 0.0 ], [ 107.6097133, -6.8523081, 0.0 ], [ 107.6098003, -6.8521914, 0.0 ], [ 107.6098501, -6.8521285, 0.0 ], [ 107.6098684, -6.8521053, 0.0 ], [ 107.6099525, -6.8519958, 0.0 ], [ 107.6099718, -6.8519707, 0.0 ], [ 107.6099781, -6.8519586, 0.0 ], [ 107.6100298, -6.8518607, 0.0 ], [ 107.6100626, -6.8518245, 0.0 ], [ 107.6101167, -6.8517649, 0.0 ], [ 107.6104221, -6.8515626, 0.0 ], [ 107.6106308, -6.8514358, 0.0 ], [ 107.6106988, -6.851351, 0.0 ], [ 107.6107201, -6.8513244, 0.0 ], [ 107.6107253, -6.8513162, 0.0 ], [ 107.6107323, -6.8513051, 0.0 ], [ 107.6107649, -6.8512533, 0.0 ], [ 107.610864, -6.8511264, 0.0 ], [ 107.6108734, -6.8511144, 0.0 ], [ 107.6108803, -6.8511056, 0.0 ], [ 107.6108981, -6.8510694, 0.0 ], [ 107.6109368, -6.8509909, 0.0 ], [ 107.6109769, -6.8508934, 0.0 ], [ 107.6110043, -6.8508659, 0.0 ], [ 107.6110085, -6.8508617, 0.0 ], [ 107.6110181, -6.8508597, 0.0 ], [ 107.611081, -6.8508464, 0.0 ], [ 107.6111016, -6.8508436, 0.0 ], [ 107.6111319, -6.8508394, 0.0 ], [ 107.6112169, -6.8508059, 0.0 ], [ 107.6112915, -6.8507613, 0.0 ], [ 107.611292, -6.850761, 0.0 ], [ 107.6112924, -6.8507608, 0.0 ], [ 107.6113277, -6.8507288, 0.0 ], [ 107.6113921, -6.8506461, 0.0 ], [ 107.6114022, -6.8506332, 0.0 ], [ 107.611428, -6.8505886, 0.0 ], [ 107.611473, -6.8504787, 0.0 ], [ 107.6114731, -6.8504598, 0.0 ], [ 107.6114742, -6.8502371, 0.0 ], [ 107.611389, -6.8501128, 0.0 ], [ 107.6113891, -6.8501101, 0.0 ], [ 107.6113918, -6.8500546, 0.0 ], [ 107.6113929, -6.8500326, 0.0 ] ] ] ] } },
{ "type": "Feature", "properties": { "kd_propinsi": "32", "kd_dati2": "17", "kd_kecamatan": "002", "nama_kecamatan": "Parongpong", "id_kecamatan": 2 }, "geometry": { "type": "MultiPolygon", "coordinates": [ [ [ [ 107.589652, -6.8507792, 0.0 ], [ 107.5896523, -6.8507697, 0.0 ], [ 107.5896526, -6.850762, 0.0 ], [ 107.589653, -6.8507612, 0.0 ], [ 107.589656, -6.8507545, 0.0 ], [ 107.5897076, -6.850641, 0.0 ], [ 107.5897094, -6.8505882, 0.0 ], [ 107.5897096, -6.8505854, 0.0 ], [ 107.5896967, -6.8505709, 0.0 ], [ 107.5896767, -6.8505483, 0.0 ], [ 107.5896255, -6.8505178, 0.0 ], [ 107.5895836, -6.8504982, 0.0 ], [ 107.5895446, -6.8504799, 0.0 ], [ 107.5895297, -6.85047, 0.0 ], [ 107.5894674, -6.850394, 0.0 ], [ 107.589465, -6.850391, 0.0 ], [ 107.5894467, -6.8503373, 0.0 ], [ 107.5894456, -6.8502918, 0.0 ], [ 107.5894451, -6.8502731, 0.0 ], [ 107.589445, -6.8502698, 0.0 ], [ 107.5894569, -6.850182, 0.0 ], [ 107.5894594, -6.8501575, 0.0 ], [ 107.5894619, -6.8501329, 0.0 ], [ 107.5894617, -6.850132, 0.0 ], [ 107.5894444, -6.8500418, 0.0 ], [ 107.5894444, -6.8500411, 0.0 ], [ 107.589444, -6.8500201, 0.0 ], [ 107.5894438, -6.8500116, 0.0 ], [ 107.589481, -6.8498899, 0.0 ], [ 107.5895045, -6.8498541, 0.0 ], [ 107.5895442, -6.8497935, 0.0 ], [ 107.5895823, -6.8496996, 0.0 ], [ 107.5895861, -6.8496776, 0.0 ], [ 107.5895895, -6.8496581, 0.0 ], [ 107.5895941, -6.8496445, 0.0 ], [ 107.5896179, -6.8495744, 0.0 ], [ 107.5896399, -6.8495494, 0.0 ], [ 107.5896471, -6.8495458, 0.0 ], [ 107.5896865, -6.8495264, 0.0 ], [ 107.5897531, -6.8495155, 0.0 ], [ 107.5897862, -6.8495209, 0.0 ], [ 107.5898293, -6.8495278, 0.0 ], [ 107.5899159, -6.849538, 0.0 ], [ 107.589955, -6.8495292, 0.0 ], [ 107.5900605, -6.849499, 0.0 ], [ 107.5900615, -6.8494984, 0.0 ], [ 107.5900629, -6.8494976, 0.0 ], [ 107.5901607, -6.8493483, 0.0 ], [ 107.5901789, -6.8493206, 0.0 ], [ 107.5901854, -6.8493081, 0.0 ], [ 107.5902747, -6.849247, 0.0 ], [ 107.590301, -6.84923, 0.0 ], [ 107.5903394, -6.8492052, 0.0 ], [ 107.5903444, -6.8491968, 0.0 ], [ 107.5903555, -6.8491672, 0.0 ], [ 107.5903697, -6.8491291, 0.0 ], [ 107.590383, -6.8491219, 0.0 ], [ 107.5904276, -6.8490978, 0.0 ], [ 107.5906044, -6.8491562, 0.0 ], [ 107.590642, -6.8491567, 0.0 ], [ 107.5907697, -6.8490838, 0.0 ], [ 107.590781, -6.849076, 0.0 ], [ 107.5908195, -6.8490494, 0.0 ], [ 107.5909433, -6.8489686, 0.0 ], [ 107.5909603, -6.8489373, 0.0 ], [ 107.5909799, -6.8489013, 0.0 ], [ 107.59098, -6.8489011, 0.0 ], [ 107.5910138, -6.8487713, 0.0 ], [ 107.5910772, -6.8485286, 0.0 ], [ 107.5911042, -6.8484251, 0.0 ], [ 107.5911199, -6.8483551, 0.0 ], [ 107.5911671, -6.8482328, 0.0 ], [ 107.5912495, -6.8481396, 0.0 ], [ 107.5912624, -6.8481307, 0.0 ], [ 107.5913846, -6.8480681, 0.0 ], [ 107.5915241, -6.8480224, 0.0 ], [ 107.5915852, -6.8479756, 0.0 ], [ 107.5916319, -6.8478837, 0.0 ], [ 107.5916853, -6.847843, 0.0 ], [ 107.5917403, -6.8478367, 0.0 ], [ 107.591852, -6.8477942, 0.0 ], [ 107.5918702, -6.8477797, 0.0 ], [ 107.591926, -6.847705, 0.0 ], [ 107.5919242, -6.8476464, 0.0 ], [ 107.5919142, -6.8476311, 0.0 ], [ 107.5918867, -6.8475691, 0.0 ], [ 107.5919305, -6.8475264, 0.0 ], [ 107.5919861, -6.8475128, 0.0 ], [ 107.5920454, -6.8474592, 0.0 ], [ 107.5920496, -6.8474517, 0.0 ], [ 107.5921911, -6.8473456, 0.0 ], [ 107.5922108, -6.8473344, 0.0 ], [ 107.5922404, -6.8473176, 0.0 ], [ 107.5922768, -6.8472981, 0.0 ], [ 107.5923039, -6.8472838, 0.0 ], [ 107.5923665, -6.8472281, 0.0 ], [ 107.5924716, -6.8471111, 0.0 ], [ 107.5925442, -6.8470031, 0.0 ], [ 107.5925508, -6.8469239, 0.0 ], [ 107.5925375, -6.8468894, 0.0 ], [ 107.59254, -6.846829, 0.0 ], [ 107.5925874, -6.8467445, 0.0 ], [ 107.5927683, -6.8465332, 0.0 ], [ 107.5928968, -6.8463516, 0.0 ], [ 107.5929888, -6.8461999, 0.0 ], [ 107.5930771, -6.8460278, 0.0 ], [ 107.5930778, -6.8460262, 0.0 ], [ 107.5931223, -6.8459179, 0.0 ], [ 107.5931223, -6.8459176, 0.0 ], [ 107.5931299, -6.8457719, 0.0 ], [ 107.5931293, -6.8457707, 0.0 ], [ 107.5930592, -6.8456238, 0.0 ], [ 107.59303, -6.8455802, 0.0 ], [ 107.5930147, -6.8455453, 0.0 ], [ 107.5929927, -6.8454952, 0.0 ], [ 107.5929807, -6.8453733, 0.0 ], [ 107.5930037, -6.845318, 0.0 ], [ 107.5930149, -6.8453111, 0.0 ], [ 107.593054, -6.8453108, 0.0 ], [ 107.5930594, -6.8453121, 0.0 ], [ 107.5930997, -6.8453211, 0.0 ], [ 107.5931262, -6.8453032, 0.0 ], [ 107.5931468, -6.8452786, 0.0 ], [ 107.593158, -6.8452652, 0.0 ], [ 107.5931598, -6.8452484, 0.0 ], [ 107.5931684, -6.8451651, 0.0 ], [ 107.5931593, -6.8450747, 0.0 ], [ 107.5931556, -6.8450378, 0.0 ], [ 107.5932036, -6.8448468, 0.0 ], [ 107.5934029, -6.8446552, 0.0 ], [ 107.593506, -6.8445581, 0.0 ], [ 107.5935519, -6.8445148, 0.0 ], [ 107.5936592, -6.8444437, 0.0 ], [ 107.5937771, -6.8444167, 0.0 ], [ 107.5937952, -6.8444125, 0.0 ], [ 107.5939577, -6.8443546, 0.0 ], [ 107.5940124, -6.844245, 0.0 ], [ 107.5940126, -6.8442446, 0.0 ], [ 107.5939882, -6.8440958, 0.0 ], [ 107.5939851, -6.8440405, 0.0 ], [ 107.5939851, -6.8440393, 0.0 ], [ 107.5939909, -6.8440163, 0.0 ], [ 107.5940004, -6.8439785, 0.0 ], [ 107.5941552, -6.8439597, 0.0 ], [ 107.594239, -6.843916, 0.0 ], [ 107.5942707, -6.8438801, 0.0 ], [ 107.5943076, -6.8438012, 0.0 ], [ 107.5943279, -6.8437577, 0.0 ], [ 107.5943755, -6.8436466, 0.0 ], [ 107.5945883, -6.843239, 0.0 ], [ 107.5945906, -6.8432352, 0.0 ], [ 107.5945945, -6.8432286, 0.0 ], [ 107.5946258, -6.843187, 0.0 ], [ 107.5946398, -6.8431683, 0.0 ], [ 107.5946448, -6.8430567, 0.0 ], [ 107.5946379, -6.8430332, 0.0 ], [ 107.5946318, -6.8430129, 0.0 ], [ 107.5946018, -6.8429594, 0.0 ], [ 107.5945555, -6.8428767, 0.0 ], [ 107.5945534, -6.8428738, 0.0 ], [ 107.594505, -6.842785, 0.0 ], [ 107.5944833, -6.8427491, 0.0 ], [ 107.5944097, -6.8427185, 0.0 ], [ 107.5943421, -6.8426903, 0.0 ], [ 107.5942991, -6.8426718, 0.0 ], [ 107.5942687, -6.8426588, 0.0 ], [ 107.5941723, -6.8425986, 0.0 ], [ 107.5940899, -6.8425079, 0.0 ], [ 107.5940795, -6.8424891, 0.0 ], [ 107.5940716, -6.8424748, 0.0 ], [ 107.5940352, -6.842389, 0.0 ], [ 107.5940165, -6.842345, 0.0 ], [ 107.5940162, -6.8423425, 0.0 ], [ 107.594007, -6.8422518, 0.0 ], [ 107.5940068, -6.8422491, 0.0 ], [ 107.5940218, -6.8421791, 0.0 ], [ 107.5940542, -6.8420865, 0.0 ], [ 107.5940585, -6.8420788, 0.0 ], [ 107.5941133, -6.8420527, 0.0 ], [ 107.5942421, -6.8419914, 0.0 ], [ 107.5942533, -6.841988, 0.0 ], [ 107.5942545, -6.8419876, 0.0 ], [ 107.5943649, -6.8419415, 0.0 ], [ 107.5944156, -6.841876, 0.0 ], [ 107.5944307, -6.8417367, 0.0 ], [ 107.5944276, -6.8414335, 0.0 ], [ 107.594474, -6.8413467, 0.0 ], [ 107.594498, -6.8413018, 0.0 ], [ 107.5945213, -6.8412581, 0.0 ], [ 107.5946388, -6.8411302, 0.0 ], [ 107.5946768, -6.841098, 0.0 ], [ 107.5946975, -6.8410804, 0.0 ], [ 107.594698, -6.84108, 0.0 ], [ 107.5947069, -6.8410725, 0.0 ], [ 107.5947441, -6.841041, 0.0 ], [ 107.5947707, -6.8409931, 0.0 ], [ 107.5947842, -6.840977, 0.0 ], [ 107.5948052, -6.8409521, 0.0 ], [ 107.5948584, -6.8409094, 0.0 ], [ 107.5949126, -6.840866, 0.0 ], [ 107.5950371, -6.8407663, 0.0 ], [ 107.5950642, -6.8407536, 0.0 ], [ 107.5950835, -6.8407445, 0.0 ], [ 107.5953493, -6.8406772, 0.0 ], [ 107.5953961, -6.8406507, 0.0 ], [ 107.5954195, -6.8406375, 0.0 ], [ 107.5954447, -6.8405554, 0.0 ], [ 107.5954579, -6.8405124, 0.0 ], [ 107.5954592, -6.840508, 0.0 ], [ 107.5954649, -6.8404961, 0.0 ], [ 107.5955177, -6.8403853, 0.0 ], [ 107.5955765, -6.8403301, 0.0 ], [ 107.5956421, -6.8402686, 0.0 ], [ 107.5956922, -6.84021, 0.0 ], [ 107.5957356, -6.8401592, 0.0 ], [ 107.5957609, -6.8400695, 0.0 ], [ 107.5957732, -6.8400259, 0.0 ], [ 107.5957733, -6.8400256, 0.0 ], [ 107.5957912, -6.8398598, 0.0 ], [ 107.595827, -6.8397732, 0.0 ], [ 107.5958534, -6.8397093, 0.0 ], [ 107.5958958, -6.8396368, 0.0 ], [ 107.5959516, -6.8395417, 0.0 ], [ 107.5960796, -6.8393994, 0.0 ], [ 107.5962547, -6.8392046, 0.0 ], [ 107.5963149, -6.8389876, 0.0 ], [ 107.5964016, -6.8388243, 0.0 ], [ 107.5964429, -6.8387826, 0.0 ], [ 107.5965327, -6.8386923, 0.0 ], [ 107.5966346, -6.8386482, 0.0 ], [ 107.596669, -6.8386333, 0.0 ], [ 107.5966875, -6.8386253, 0.0 ], [ 107.5969774, -6.8385767, 0.0 ], [ 107.5970273, -6.8385729, 0.0 ], [ 107.5972919, -6.8385524, 0.0 ], [ 107.5973161, -6.8384809, 0.0 ], [ 107.5973167, -6.8384791, 0.0 ], [ 107.5972811, -6.8383662, 0.0 ], [ 107.5972779, -6.8383593, 0.0 ], [ 107.5971218, -6.8380256, 0.0 ], [ 107.5971221, -6.8380242, 0.0 ], [ 107.5971526, -6.8378908, 0.0 ], [ 107.5972447, -6.8377808, 0.0 ], [ 107.5974574, -6.8375082, 0.0 ], [ 107.5975061, -6.8372905, 0.0 ], [ 107.5974515, -6.8370633, 0.0 ], [ 107.5974513, -6.8370624, 0.0 ], [ 107.5975133, -6.8369725, 0.0 ], [ 107.5975897, -6.8368891, 0.0 ], [ 107.59746, -6.83656, 0.0 ], [ 107.59722, -6.83643, 0.0 ], [ 107.59727, -6.83599, 0.0 ], [ 107.5972296, -6.8357316, 0.0 ], [ 107.59722, -6.83567, 0.0 ], [ 107.59726, -6.83544, 0.0 ], [ 107.5973, -6.83522, 0.0 ], [ 107.59726, -6.83509, 0.0 ], [ 107.59729, -6.8349, 0.0 ], [ 107.59754, -6.83454, 0.0 ], [ 107.59753, -6.83414, 0.0 ], [ 107.59758, -6.83407, 0.0 ], [ 107.59768, -6.83398, 0.0 ], [ 107.59791, -6.83374, 0.0 ], [ 107.59803, -6.83372, 0.0 ], [ 107.59817, -6.83376, 0.0 ], [ 107.59824, -6.83384, 0.0 ], [ 107.5984, -6.83391, 0.0 ], [ 107.59848, -6.83389, 0.0 ], [ 107.59851, -6.83383, 0.0 ], [ 107.59849, -6.83365, 0.0 ], [ 107.59851, -6.83351, 0.0 ], [ 107.59861, -6.83332, 0.0 ], [ 107.59869, -6.83308, 0.0 ], [ 107.5987621, -6.8329839, 0.0 ], [ 107.59881, -6.83292, 0.0 ], [ 107.59885, -6.83282, 0.0 ], [ 107.5991, -6.83254, 0.0 ], [ 107.59924, -6.83244, 0.0 ], [ 107.5993594, -6.8322808, 0.0 ], [ 107.59936, -6.83228, 0.0 ], [ 107.59939, -6.83196, 0.0 ], [ 107.59941, -6.83169, 0.0 ], [ 107.59938, -6.8315, 0.0 ], [ 107.5993786, -6.8314919, 0.0 ], [ 107.59933, -6.83121, 0.0 ], [ 107.5992, -6.83093, 0.0 ], [ 107.59918, -6.83081, 0.0 ], [ 107.5991983, -6.8305813, 0.0 ], [ 107.5992, -6.83056, 0.0 ], [ 107.59931, -6.83025, 0.0 ], [ 107.59935, -6.83012, 0.0 ], [ 107.59946, -6.82994, 0.0 ], [ 107.59946, -6.82978, 0.0 ], [ 107.5994507, -6.8296332, 0.0 ], [ 107.59942, -6.82915, 0.0 ], [ 107.59935, -6.82902, 0.0 ], [ 107.59924, -6.82892, 0.0 ], [ 107.5992081, -6.8288031, 0.0 ], [ 107.59918, -6.8287, 0.0 ], [ 107.59897, -6.82851, 0.0 ], [ 107.59878, -6.82829, 0.0 ], [ 107.5987421, -6.828197, 0.0 ], [ 107.59867, -6.82802, 0.0 ], [ 107.59872, -6.82789, 0.0 ], [ 107.59885, -6.82764, 0.0 ], [ 107.59893, -6.82746, 0.0 ], [ 107.59887, -6.82737, 0.0 ], [ 107.59879, -6.82719, 0.0 ], [ 107.59882, -6.82712, 0.0 ], [ 107.59899, -6.82685, 0.0 ], [ 107.59898, -6.82672, 0.0 ], [ 107.5989393, -6.8266455, 0.0 ], [ 107.59892, -6.82661, 0.0 ], [ 107.59832, -6.8261, 0.0 ], [ 107.5984, -6.82582, 0.0 ], [ 107.59832, -6.82569, 0.0 ], [ 107.59817, -6.82538, 0.0 ], [ 107.59819, -6.825, 0.0 ], [ 107.59832, -6.82437, 0.0 ], [ 107.59834, -6.82422, 0.0 ], [ 107.5982968, -6.8240038, 0.0 ], [ 107.59829, -6.82397, 0.0 ], [ 107.59835, -6.82377, 0.0 ], [ 107.59848, -6.8235, 0.0 ], [ 107.59885, -6.82286, 0.0 ], [ 107.59895, -6.8227, 0.0 ], [ 107.59902, -6.82254, 0.0 ], [ 107.59902, -6.82248, 0.0 ], [ 107.59907, -6.82157, 0.0 ], [ 107.59915, -6.82141, 0.0 ], [ 107.59924, -6.82131, 0.0 ], [ 107.59921, -6.82116, 0.0 ], [ 107.59918, -6.82098, 0.0 ], [ 107.59924, -6.82085, 0.0 ], [ 107.5992139, -6.8207863, 0.0 ], [ 107.599055, -6.8206254, 0.0 ], [ 107.5989479, -6.820501, 0.0 ], [ 107.5989048, -6.8203508, 0.0 ], [ 107.5988674, -6.8202208, 0.0 ], [ 107.5987361, -6.8201726, 0.0 ], [ 107.5984455, -6.8201651, 0.0 ], [ 107.5983163, -6.8201618, 0.0 ], [ 107.59837, -6.81873, 0.0 ], [ 107.5980589, -6.8187147, 0.0 ], [ 107.5977773, -6.8187009, 0.0 ], [ 107.5978151, -6.8162967, 0.0 ], [ 107.5978582, -6.8147743, 0.0 ], [ 107.5978981, -6.8136375, 0.0 ], [ 107.5978825, -6.8132445, 0.0 ], [ 107.5978782, -6.8130934, 0.0 ], [ 107.5977048, -6.8131123, 0.0 ], [ 107.5969816, -6.813176, 0.0 ], [ 107.5969625, -6.8129728, 0.0 ], [ 107.5969257, -6.8127997, 0.0 ], [ 107.5968829, -6.8126265, 0.0 ], [ 107.5967501, -6.8123941, 0.0 ], [ 107.5965566, -6.8120636, 0.0 ], [ 107.5967758, -6.8118999, 0.0 ], [ 107.5973957, -6.8115331, 0.0 ], [ 107.5974334, -6.8114181, 0.0 ], [ 107.5974321, -6.8111574, 0.0 ], [ 107.59729, -6.81111, 0.0 ], [ 107.59716, -6.81102, 0.0 ], [ 107.59712, -6.81095, 0.0 ], [ 107.59713, -6.81066, 0.0 ], [ 107.59713, -6.81053, 0.0 ], [ 107.59706, -6.81044, 0.0 ], [ 107.59694, -6.81041, 0.0 ], [ 107.59669, -6.81038, 0.0 ], [ 107.5965, -6.81028, 0.0 ], [ 107.5962633, -6.8100844, 0.0 ], [ 107.59604, -6.8099, 0.0 ], [ 107.59554, -6.80961, 0.0 ], [ 107.59546, -6.80957, 0.0 ], [ 107.59502, -6.80911, 0.0 ], [ 107.5946617, -6.808895, 0.0 ], [ 107.59457, -6.80884, 0.0 ], [ 107.59438, -6.80856, 0.0 ], [ 107.5938067, -6.8082312, 0.0 ], [ 107.5937167, -6.8081796, 0.0 ], [ 107.5937, -6.80817, 0.0 ], [ 107.59344, -6.80801, 0.0 ], [ 107.59343, -6.80789, 0.0 ], [ 107.59346, -6.80776, 0.0 ], [ 107.59349, -6.80679, 0.0 ], [ 107.5934504, -6.8066317, 0.0 ], [ 107.59345, -6.80663, 0.0 ], [ 107.59338, -6.80652, 0.0 ], [ 107.59318, -6.80646, 0.0 ], [ 107.59308, -6.80644, 0.0 ], [ 107.5929448, -6.8063499, 0.0 ], [ 107.59284, -6.80628, 0.0 ], [ 107.5925, -6.80612, 0.0 ], [ 107.59215, -6.806, 0.0 ], [ 107.59158, -6.80571, 0.0 ], [ 107.59123, -6.80553, 0.0 ], [ 107.59092, -6.80541, 0.0 ], [ 107.59074, -6.80536, 0.0 ], [ 107.59067, -6.80536, 0.0 ], [ 107.59028, -6.80541, 0.0 ], [ 107.5901569, -6.8054038, 0.0 ], [ 107.59008, -6.8054, 0.0 ], [ 107.59002, -6.80534, 0.0 ], [ 107.5898, -6.80521, 0.0 ], [ 107.58967, -6.80512, 0.0 ], [ 107.58963, -6.80501, 0.0 ], [ 107.58964, -6.80489, 0.0 ], [ 107.58985, -6.80445, 0.0 ], [ 107.59001, -6.80405, 0.0 ], [ 107.5900839, -6.8038021, 0.0 ], [ 107.59018, -6.80348, 0.0 ], [ 107.59023, -6.80323, 0.0 ], [ 107.59049, -6.80286, 0.0 ], [ 107.59061, -6.80267, 0.0 ], [ 107.59084, -6.80237, 0.0 ], [ 107.59111, -6.80211, 0.0 ], [ 107.59125, -6.80196, 0.0 ], [ 107.59134, -6.80173, 0.0 ], [ 107.5913434, -6.8017064, 0.0 ], [ 107.59141, -6.80124, 0.0 ], [ 107.59148, -6.80111, 0.0 ], [ 107.59159, -6.801, 0.0 ], [ 107.59177, -6.80089, 0.0 ], [ 107.59186, -6.80081, 0.0 ], [ 107.59195, -6.80066, 0.0 ], [ 107.59196, -6.80054, 0.0 ], [ 107.59206, -6.80022, 0.0 ], [ 107.592096, -6.8000708, 0.0 ], [ 107.5922, -6.79964, 0.0 ], [ 107.59224, -6.7995, 0.0 ], [ 107.5923, -6.79917, 0.0 ], [ 107.59242, -6.79876, 0.0 ], [ 107.59246, -6.79862, 0.0 ], [ 107.5925, -6.79807, 0.0 ], [ 107.5925189, -6.7979474, 0.0 ], [ 107.59252, -6.79794, 0.0 ], [ 107.59256, -6.79767, 0.0 ], [ 107.59263, -6.79738, 0.0 ], [ 107.59271, -6.79694, 0.0 ], [ 107.592784, -6.7964959, 0.0 ], [ 107.59282, -6.79628, 0.0 ], [ 107.59285, -6.7958, 0.0 ], [ 107.59292, -6.7957, 0.0 ], [ 107.59305, -6.79538, 0.0 ], [ 107.59327, -6.79488, 0.0 ], [ 107.59348, -6.79456, 0.0 ], [ 107.5934, -6.79416, 0.0 ], [ 107.59344, -6.7939, 0.0 ], [ 107.59352, -6.79369, 0.0 ], [ 107.59365, -6.79339, 0.0 ], [ 107.59373, -6.7931, 0.0 ], [ 107.59385, -6.79268, 0.0 ], [ 107.59391, -6.79248, 0.0 ], [ 107.59401, -6.79239, 0.0 ], [ 107.59412, -6.79222, 0.0 ], [ 107.59417, -6.79205, 0.0 ], [ 107.59429, -6.79176, 0.0 ], [ 107.59432, -6.79149, 0.0 ], [ 107.59434, -6.79137, 0.0 ], [ 107.59444, -6.79118, 0.0 ], [ 107.59471, -6.79092, 0.0 ], [ 107.59473, -6.79083, 0.0 ], [ 107.59467, -6.79069, 0.0 ], [ 107.5945, -6.79044, 0.0 ], [ 107.59441, -6.79032, 0.0 ], [ 107.59439, -6.79024, 0.0 ], [ 107.59442, -6.79002, 0.0 ], [ 107.5944733, -6.7897802, 0.0 ], [ 107.5945, -6.78966, 0.0 ], [ 107.59459, -6.78917, 0.0 ], [ 107.59467, -6.78893, 0.0 ], [ 107.59467, -6.78868, 0.0 ], [ 107.59467, -6.78851, 0.0 ], [ 107.59469, -6.78842, 0.0 ], [ 107.59473, -6.78824, 0.0 ], [ 107.5947543, -6.7881462, 0.0 ], [ 107.5948, -6.78797, 0.0 ], [ 107.59488, -6.78781, 0.0 ], [ 107.59496, -6.78757, 0.0 ], [ 107.59502, -6.78737, 0.0 ], [ 107.59502, -6.78727, 0.0 ], [ 107.59504, -6.7871, 0.0 ], [ 107.59509, -6.78699, 0.0 ], [ 107.59526, -6.78678, 0.0 ], [ 107.59525, -6.78666, 0.0 ], [ 107.59518, -6.78656, 0.0 ], [ 107.59516, -6.78643, 0.0 ], [ 107.59518, -6.78624, 0.0 ], [ 107.59523, -6.78595, 0.0 ], [ 107.59532, -6.7858, 0.0 ], [ 107.59548, -6.78564, 0.0 ], [ 107.59556, -6.78559, 0.0 ], [ 107.59596, -6.78527, 0.0 ], [ 107.59607, -6.78525, 0.0 ], [ 107.59622, -6.78523, 0.0 ], [ 107.59657, -6.78506, 0.0 ], [ 107.59661, -6.785, 0.0 ], [ 107.59669, -6.78486, 0.0 ], [ 107.59676, -6.78477, 0.0 ], [ 107.5971, -6.7843003, 0.0 ], [ 107.59724, -6.78431, 0.0 ], [ 107.59765, -6.78425, 0.0 ], [ 107.5982, -6.78418, 0.0 ], [ 107.59841, -6.78413, 0.0 ], [ 107.59841, -6.78405, 0.0 ], [ 107.59843, -6.78391, 0.0 ], [ 107.59856, -6.78332, 0.0 ], [ 107.59873, -6.78292, 0.0 ], [ 107.59901, -6.78262, 0.0 ], [ 107.59908, -6.78243, 0.0 ], [ 107.59911, -6.78203, 0.0 ], [ 107.59905, -6.78187, 0.0 ], [ 107.59892, -6.78166, 0.0 ], [ 107.59884, -6.78144, 0.0 ], [ 107.59887, -6.78126, 0.0 ], [ 107.59907, -6.78083, 0.0 ], [ 107.5992, -6.78073, 0.0 ], [ 107.5993, -6.7805, 0.0 ], [ 107.59952, -6.78035, 0.0 ], [ 107.59946, -6.78023, 0.0 ], [ 107.5994, -6.78022, 0.0 ], [ 107.59908, -6.78018, 0.0 ], [ 107.59897, -6.78017, 0.0 ], [ 107.59887, -6.78023, 0.0 ], [ 107.5987, -6.78047, 0.0 ], [ 107.59855, -6.78068, 0.0 ], [ 107.59846, -6.78072, 0.0 ], [ 107.59833, -6.78066, 0.0 ], [ 107.59825, -6.78056, 0.0 ], [ 107.59824, -6.78044, 0.0 ], [ 107.59836, -6.78015, 0.0 ], [ 107.59839, -6.78005, 0.0 ], [ 107.59842, -6.7798, 0.0 ], [ 107.59838, -6.77965, 0.0 ], [ 107.59833, -6.77958, 0.0 ], [ 107.59822, -6.77957, 0.0 ], [ 107.59813, -6.7796, 0.0 ], [ 107.59805, -6.77965, 0.0 ], [ 107.59756, -6.77952, 0.0 ], [ 107.59741, -6.77943, 0.0 ], [ 107.59726, -6.77932, 0.0 ], [ 107.59683, -6.77918, 0.0 ], [ 107.59684, -6.77904, 0.0 ], [ 107.59693, -6.77871, 0.0 ], [ 107.59694, -6.77856, 0.0 ], [ 107.59697, -6.77841, 0.0 ], [ 107.59716, -6.7778, 0.0 ], [ 107.59722, -6.77772, 0.0 ], [ 107.59754, -6.77736, 0.0 ], [ 107.59773, -6.77692, 0.0 ], [ 107.59775, -6.7768, 0.0 ], [ 107.59771, -6.77672, 0.0 ], [ 107.59761, -6.77667, 0.0 ], [ 107.59753, -6.7766, 0.0 ], [ 107.59747, -6.77652, 0.0 ], [ 107.59732, -6.77593, 0.0 ], [ 107.59732, -6.77586, 0.0 ], [ 107.59741, -6.77584, 0.0 ], [ 107.59748, -6.77584, 0.0 ], [ 107.59755, -6.7759, 0.0 ], [ 107.59758, -6.77599, 0.0 ], [ 107.59778, -6.77622, 0.0 ], [ 107.59787, -6.77625, 0.0 ], [ 107.59794, -6.7762, 0.0 ], [ 107.59795, -6.77609, 0.0 ], [ 107.59791, -6.77592, 0.0 ], [ 107.59777, -6.77564, 0.0 ], [ 107.59753, -6.77536, 0.0 ], [ 107.59734, -6.77513, 0.0 ], [ 107.59749, -6.77487, 0.0 ], [ 107.59744, -6.77479, 0.0 ], [ 107.59694, -6.77477, 0.0 ], [ 107.59684, -6.77466, 0.0 ], [ 107.59684, -6.77448, 0.0 ], [ 107.59688, -6.7744, 0.0 ], [ 107.59692, -6.7743, 0.0 ], [ 107.59688, -6.77421, 0.0 ], [ 107.59682, -6.77418, 0.0 ], [ 107.59656, -6.77417, 0.0 ], [ 107.59644, -6.7741, 0.0 ], [ 107.59621, -6.77388, 0.0 ], [ 107.59622, -6.77379, 0.0 ], [ 107.59631, -6.77348, 0.0 ], [ 107.59632, -6.77336, 0.0 ], [ 107.59665, -6.77299, 0.0 ], [ 107.59715, -6.77274, 0.0 ], [ 107.59761, -6.77244, 0.0 ], [ 107.59767, -6.77229, 0.0 ], [ 107.59764, -6.77223, 0.0 ], [ 107.59758, -6.77219, 0.0 ], [ 107.59732, -6.77216, 0.0 ], [ 107.59701, -6.77212, 0.0 ], [ 107.59683, -6.77212, 0.0 ], [ 107.59677, -6.77202, 0.0 ], [ 107.59679, -6.77195, 0.0 ], [ 107.59695, -6.77182, 0.0 ], [ 107.59734, -6.77142, 0.0 ], [ 107.59765, -6.77099, 0.0 ], [ 107.59764, -6.7709, 0.0 ], [ 107.59758, -6.77085, 0.0 ], [ 107.59751, -6.77084, 0.0 ], [ 107.59733, -6.77086, 0.0 ], [ 107.59698, -6.7709, 0.0 ], [ 107.59679, -6.77044, 0.0 ], [ 107.59664, -6.76995, 0.0 ], [ 107.59657, -6.76955, 0.0 ], [ 107.59664, -6.76894, 0.0 ], [ 107.59677, -6.7685, 0.0 ], [ 107.59713, -6.76764, 0.0 ], [ 107.59797, -6.7662, 0.0 ], [ 107.5984635, -6.7651916, 0.0 ], [ 107.59866, -6.76479, 0.0 ], [ 107.59893, -6.7642, 0.0 ], [ 107.59996, -6.7628, 0.0 ], [ 107.60036, -6.76203, 0.0 ], [ 107.60048, -6.76166, 0.0 ], [ 107.60053, -6.76144, 0.0 ], [ 107.600559, -6.7612993, 0.0 ], [ 107.6005977, -6.7611112, 0.0 ], [ 107.6005968, -6.7611042, 0.0 ], [ 107.600596, -6.7610971, 0.0 ], [ 107.6005762, -6.7609345, 0.0 ], [ 107.6005601, -6.7608028, 0.0 ], [ 107.6005466, -6.7606917, 0.0 ], [ 107.600543, -6.760662, 0.0 ], [ 107.600414, -6.760319, 0.0 ], [ 107.6003506, -6.760137, 0.0 ], [ 107.6003467, -6.7601261, 0.0 ], [ 107.6003429, -6.7601152, 0.0 ], [ 107.600315, -6.760035, 0.0 ], [ 107.600243, -6.759803, 0.0 ], [ 107.6002011, -6.7596227, 0.0 ], [ 107.600176, -6.759515, 0.0 ], [ 107.600138, -6.759333, 0.0 ], [ 107.6001121, -6.7591726, 0.0 ], [ 107.600089, -6.75903, 0.0 ], [ 107.6000656, -6.7588873, 0.0 ], [ 107.599977, -6.758348, 0.0 ], [ 107.599877, -6.758168, 0.0 ], [ 107.5998543, -6.7581057, 0.0 ], [ 107.599798, -6.757951, 0.0 ], [ 107.599987, -6.75692, 0.0 ], [ 107.600004, -6.756838, 0.0 ], [ 107.6000047, -6.756835, 0.0 ], [ 107.6000055, -6.7568321, 0.0 ], [ 107.6000156, -6.756791, 0.0 ], [ 107.6000787, -6.756536, 0.0 ], [ 107.6001234, -6.7563549, 0.0 ], [ 107.600138, -6.756296, 0.0 ], [ 107.600219, -6.756087, 0.0 ], [ 107.6003304, -6.7558681, 0.0 ], [ 107.6004253, -6.7556815, 0.0 ], [ 107.600537, -6.755462, 0.0 ], [ 107.6005642, -6.7554001, 0.0 ], [ 107.600577, -6.755371, 0.0 ], [ 107.6005834, -6.7553395, 0.0 ], [ 107.6006214, -6.7551534, 0.0 ], [ 107.6006582, -6.7549731, 0.0 ], [ 107.600697, -6.754783, 0.0 ], [ 107.600803, -6.754458, 0.0 ], [ 107.600964, -6.753978, 0.0 ], [ 107.60104, -6.75386, 0.0 ], [ 107.6010408, -6.7538595, 0.0 ], [ 107.6010415, -6.7538591, 0.0 ], [ 107.6011636, -6.7537832, 0.0 ], [ 107.601172, -6.753778, 0.0 ], [ 107.6011724, -6.7537779, 0.0 ], [ 107.601388, -6.753722, 0.0 ], [ 107.6014871, -6.7536442, 0.0 ], [ 107.6014953, -6.7536378, 0.0 ], [ 107.601503, -6.7536318, 0.0 ], [ 107.601504, -6.753631, 0.0 ], [ 107.6015202, -6.7536083, 0.0 ], [ 107.601685, -6.753377, 0.0 ], [ 107.601816, -6.753223, 0.0 ], [ 107.602016, -6.753095, 0.0 ], [ 107.6020964, -6.753083, 0.0 ], [ 107.60245, -6.75303, 0.0 ], [ 107.60281, -6.752883, 0.0 ], [ 107.602988, -6.752765, 0.0 ], [ 107.603149, -6.752547, 0.0 ], [ 107.603259, -6.752348, 0.0 ], [ 107.6033218, -6.7523037, 0.0 ], [ 107.603453, -6.752211, 0.0 ], [ 107.603507, -6.752175, 0.0 ], [ 107.603612, -6.752093, 0.0 ], [ 107.603692, -6.751695, 0.0 ], [ 107.603705, -6.7516252, 0.0 ], [ 107.603724, -6.751523, 0.0 ], [ 107.60375, -6.751279, 0.0 ], [ 107.60375, -6.7512704, 0.0 ], [ 107.6037501, -6.7512618, 0.0 ], [ 107.603751, -6.751089, 0.0 ], [ 107.603706, -6.750954, 0.0 ], [ 107.603552, -6.750792, 0.0 ], [ 107.603445, -6.750684, 0.0 ], [ 107.6034385, -6.750675, 0.0 ], [ 107.603432, -6.750666, 0.0 ], [ 107.603392, -6.750549, 0.0 ], [ 107.6033928, -6.7505415, 0.0 ], [ 107.6033937, -6.750534, 0.0 ], [ 107.603397, -6.750504, 0.0 ], [ 107.603443, -6.750458, 0.0 ], [ 107.6034444, -6.7504558, 0.0 ], [ 107.6034455, -6.7504543, 0.0 ], [ 107.603449, -6.750449, 0.0 ], [ 107.6034848, -6.7504325, 0.0 ], [ 107.6034853, -6.7504322, 0.0 ], [ 107.603488, -6.750431, 0.0 ], [ 107.6034971, -6.7504309, 0.0 ], [ 107.603556, -6.75043, 0.0 ], [ 107.60361, -6.75043, 0.0 ], [ 107.6036517, -6.7504255, 0.0 ], [ 107.603693, -6.750421, 0.0 ], [ 107.603695, -6.750421, 0.0 ], [ 107.603697, -6.750421, 0.0 ], [ 107.603767, -6.750384, 0.0 ], [ 107.603811, -6.750312, 0.0 ], [ 107.603839, -6.750248, 0.0 ], [ 107.6038572, -6.7502136, 0.0 ], [ 107.603877, -6.750176, 0.0 ], [ 107.6038938, -6.7501484, 0.0 ], [ 107.603916, -6.750112, 0.0 ], [ 107.603941, -6.750049, 0.0 ], [ 107.6039422, -6.750049, 0.0 ], [ 107.6039426, -6.750049, 0.0 ], [ 107.603943, -6.750049, 0.0 ], [ 107.603954, -6.750004, 0.0 ], [ 107.603963, -6.749958, 0.0 ], [ 107.6039671, -6.7498661, 0.0 ], [ 107.603971, -6.749777, 0.0 ], [ 107.6039735, -6.749706, 0.0 ], [ 107.603977, -6.749606, 0.0 ], [ 107.6039849, -6.7495777, 0.0 ], [ 107.6039859, -6.7495739, 0.0 ], [ 107.603987, -6.74957, 0.0 ], [ 107.60413, -6.749352, 0.0 ], [ 107.604177, -6.749243, 0.0 ], [ 107.6041659, -6.749168, 0.0 ], [ 107.604165, -6.749162, 0.0 ], [ 107.6041647, -6.7491617, 0.0 ], [ 107.6040951, -6.7490901, 0.0 ], [ 107.604095, -6.74909, 0.0 ], [ 107.6040943, -6.7490895, 0.0 ], [ 107.6040929, -6.7490886, 0.0 ], [ 107.604015, -6.749036, 0.0 ], [ 107.604015, -6.7490355, 0.0 ], [ 107.6040149, -6.749035, 0.0 ], [ 107.604005, -6.748901, 0.0 ], [ 107.6040129, -6.748806, 0.0 ], [ 107.604026, -6.748648, 0.0 ], [ 107.6040302, -6.7485387, 0.0 ], [ 107.604036, -6.748385, 0.0 ], [ 107.60403, -6.748105, 0.0 ], [ 107.604027, -6.747943, 0.0 ], [ 107.6040278, -6.747937, 0.0 ], [ 107.6040287, -6.7479311, 0.0 ], [ 107.604032, -6.747907, 0.0 ], [ 107.604033, -6.7479043, 0.0 ], [ 107.6040341, -6.7479017, 0.0 ], [ 107.6038667, -6.7466967, 0.0 ], [ 107.6037446, -6.7461425, 0.0 ], [ 107.6036149, -6.7455542, 0.0 ], [ 107.603325, -6.7449124, 0.0 ], [ 107.6032258, -6.7439597, 0.0 ], [ 107.6031495, -6.7431023, 0.0 ], [ 107.6029588, -6.742317, 0.0 ], [ 107.6026383, -6.7413414, 0.0 ], [ 107.602089, -6.739979, 0.0 ], [ 107.602028, -6.7398927, 0.0 ], [ 107.6019441, -6.7397378, 0.0 ], [ 107.6018067, -6.7394473, 0.0 ], [ 107.6017839, -6.7392051, 0.0 ], [ 107.6017915, -6.7389247, 0.0 ], [ 107.6018144, -6.7386782, 0.0 ], [ 107.601822, -6.7386205, 0.0 ], [ 107.6019899, -6.7382734, 0.0 ], [ 107.6020051, -6.7382405, 0.0 ], [ 107.6021348, -6.7378962, 0.0 ], [ 107.6021424, -6.7378633, 0.0 ], [ 107.6021729, -6.7375834, 0.0 ], [ 107.6021729, -6.7375519, 0.0 ], [ 107.6022035, -6.7373736, 0.0 ], [ 107.6022416, -6.7371232, 0.0 ], [ 107.6023637, -6.7366416, 0.0 ], [ 107.6023866, -6.7363799, 0.0 ], [ 107.6023789, -6.7363517, 0.0 ], [ 107.6023561, -6.7361076, 0.0 ], [ 107.6022721, -6.7358439, 0.0 ], [ 107.6021729, -6.7355907, 0.0 ], [ 107.6018449, -6.7348878, 0.0 ], [ 107.6015321, -6.7339122, 0.0 ], [ 107.6013825, -6.7335833, 0.0 ], [ 107.601143, -6.7330568, 0.0 ], [ 107.600731, -6.7323678, 0.0 ], [ 107.6003724, -6.7317975, 0.0 ], [ 107.6000385, -6.731373, 0.0 ], [ 107.6000367, -6.7313707, 0.0 ], [ 107.6000355, -6.73137, 0.0 ], [ 107.5999024, -6.7312917, 0.0 ], [ 107.599434, -6.7310164, 0.0 ], [ 107.5984117, -6.7304737, 0.0 ], [ 107.5972367, -6.7298839, 0.0 ], [ 107.5970058, -6.7297965, 0.0 ], [ 107.5958711, -6.729367, 0.0 ], [ 107.5951004, -6.7290461, 0.0 ], [ 107.5946275, -6.7288492, 0.0 ], [ 107.5945416, -6.7288185, 0.0 ], [ 107.593773, -6.728544, 0.0 ], [ 107.5932543, -6.7285106, 0.0 ], [ 107.5929664, -6.728482, 0.0 ], [ 107.5927927, -6.7284558, 0.0 ], [ 107.5926571, -6.7284392, 0.0 ], [ 107.5925309, -6.7284273, 0.0 ], [ 107.5922644, -6.7284154, 0.0 ], [ 107.5921479, -6.7284083, 0.0 ], [ 107.5920265, -6.7284035, 0.0 ], [ 107.5918647, -6.728394, 0.0 ], [ 107.591691, -6.728363, 0.0 ], [ 107.5915294, -6.72831, 0.0 ], [ 107.5912793, -6.7282274, 0.0 ], [ 107.5911175, -6.7281751, 0.0 ], [ 107.5909579, -6.7281128, 0.0 ], [ 107.5907987, -6.7280466, 0.0 ], [ 107.5906036, -6.7279562, 0.0 ], [ 107.5904798, -6.7278943, 0.0 ], [ 107.5903026, -6.7278, 0.0 ], [ 107.5902229, -6.7277087, 0.0 ], [ 107.5901134, -6.7276611, 0.0 ], [ 107.5899992, -6.7276183, 0.0 ], [ 107.5898897, -6.7276135, 0.0 ], [ 107.5897422, -6.7276326, 0.0 ], [ 107.5895614, -6.7276659, 0.0 ], [ 107.5893901, -6.7276849, 0.0 ], [ 107.5891616, -6.7277277, 0.0 ], [ 107.5889237, -6.7277658, 0.0 ], [ 107.5886905, -6.7277658, 0.0 ], [ 107.5884621, -6.7277372, 0.0 ], [ 107.5882622, -6.7277039, 0.0 ], [ 107.5880671, -6.7276516, 0.0 ], [ 107.5878577, -6.7275945, 0.0 ], [ 107.5876768, -6.7275564, 0.0 ], [ 107.5874437, -6.7275279, 0.0 ], [ 107.5871534, -6.7275231, 0.0 ], [ 107.5867489, -6.7275136, 0.0 ], [ 107.5863586, -6.7274898, 0.0 ], [ 107.5861587, -6.7274517, 0.0 ], [ 107.5860826, -6.7274089, 0.0 ], [ 107.586016, -6.727328, 0.0 ], [ 107.5859286, -6.7272081, 0.0 ], [ 107.5857977, -6.7271153, 0.0 ], [ 107.5856097, -6.7270153, 0.0 ], [ 107.5853718, -6.7269011, 0.0 ], [ 107.5850458, -6.7267845, 0.0 ], [ 107.5848438, -6.7267079, 0.0 ], [ 107.5848388, -6.726706, 0.0 ], [ 107.5848131, -6.7266976, 0.0 ], [ 107.5847365, -6.7266727, 0.0 ], [ 107.5846437, -6.7266536, 0.0 ], [ 107.5845532, -6.7266489, 0.0 ], [ 107.5844485, -6.7266584, 0.0 ], [ 107.5843462, -6.7266655, 0.0 ], [ 107.5841892, -6.7266917, 0.0 ], [ 107.5840512, -6.7267179, 0.0 ], [ 107.5838632, -6.7267631, 0.0 ], [ 107.5837537, -6.7268035, 0.0 ], [ 107.5836752, -6.7268583, 0.0 ], [ 107.5835777, -6.7269558, 0.0 ], [ 107.5834518, -6.7270682, 0.0 ], [ 107.5833492, -6.7271795, 0.0 ], [ 107.5832041, -6.7273056, 0.0 ], [ 107.5831208, -6.7273794, 0.0 ], [ 107.5830185, -6.7274627, 0.0 ], [ 107.5829321, -6.7275153, 0.0 ], [ 107.5828234, -6.7275388, 0.0 ], [ 107.5826473, -6.7275555, 0.0 ], [ 107.5825616, -6.7275555, 0.0 ], [ 107.5824355, -6.7275697, 0.0 ], [ 107.5822832, -6.7275983, 0.0 ], [ 107.582169, -6.7276221, 0.0 ], [ 107.5820477, -6.727653, 0.0 ], [ 107.5818954, -6.7277125, 0.0 ], [ 107.5817812, -6.7277577, 0.0 ], [ 107.5816836, -6.7277958, 0.0 ], [ 107.5816122, -6.7278362, 0.0 ], [ 107.5815408, -6.7278862, 0.0 ], [ 107.5814671, -6.7279481, 0.0 ], [ 107.5813862, -6.7280123, 0.0 ], [ 107.5813029, -6.7280647, 0.0 ], [ 107.5810554, -6.7281598, 0.0 ], [ 107.5808841, -6.7282122, 0.0 ], [ 107.5807366, -6.7282598, 0.0 ], [ 107.5806271, -6.7283097, 0.0 ], [ 107.5804986, -6.7283859, 0.0 ], [ 107.5803797, -6.7284787, 0.0 ], [ 107.5801655, -6.7286405, 0.0 ], [ 107.5798052, -6.7288544, 0.0 ], [ 107.5797277, -6.728889, 0.0 ], [ 107.5795588, -6.7289517, 0.0 ], [ 107.5792349, -6.7290791, 0.0 ], [ 107.5790029, -6.7291862, 0.0 ], [ 107.5787887, -6.7292755, 0.0 ], [ 107.5785538, -6.7293587, 0.0 ], [ 107.5783694, -6.7294093, 0.0 ], [ 107.5780775, -6.7295004, 0.0 ], [ 107.5778548, -6.7295848, 0.0 ], [ 107.5777269, -6.7296591, 0.0 ], [ 107.5775514, -6.729793, 0.0 ], [ 107.5774562, -6.7298911, 0.0 ], [ 107.5773521, -6.7300309, 0.0 ], [ 107.5772172, -6.7302229, 0.0 ], [ 107.5771975, -6.730251, 0.0 ], [ 107.5769119, -6.730712, 0.0 ], [ 107.5767603, -6.7308786, 0.0 ], [ 107.5766413, -6.7310125, 0.0 ], [ 107.5764777, -6.7311493, 0.0 ], [ 107.5762992, -6.7312474, 0.0 ], [ 107.5761327, -6.7313426, 0.0 ], [ 107.5759423, -6.7314794, 0.0 ], [ 107.5758085, -6.7315865, 0.0 ], [ 107.5757163, -6.7316906, 0.0 ], [ 107.5756657, -6.7317888, 0.0 ], [ 107.5756211, -6.7319107, 0.0 ], [ 107.5755616, -6.73211, 0.0 ], [ 107.5754783, -6.7324253, 0.0 ], [ 107.5753988, -6.7326961, 0.0 ], [ 107.575398, -6.7326989, 0.0 ], [ 107.5752999, -6.732919, 0.0 ], [ 107.5751898, -6.7331272, 0.0 ], [ 107.5750113, -6.7334157, 0.0 ], [ 107.5747288, -6.7337786, 0.0 ], [ 107.5745236, -6.7339779, 0.0 ], [ 107.5744105, -6.7341593, 0.0 ], [ 107.5743213, -6.7342783, 0.0 ], [ 107.5742113, -6.7343883, 0.0 ], [ 107.5741131, -6.7344805, 0.0 ], [ 107.5739614, -6.7345965, 0.0 ], [ 107.573667, -6.7347601, 0.0 ], [ 107.5734855, -6.7348345, 0.0 ], [ 107.573319, -6.734885, 0.0 ], [ 107.5731851, -6.7349088, 0.0 ], [ 107.5730037, -6.7349624, 0.0 ], [ 107.5727955, -6.7350456, 0.0 ], [ 107.5725992, -6.735123, 0.0 ], [ 107.5724534, -6.7352063, 0.0 ], [ 107.5721738, -6.7353996, 0.0 ], [ 107.5720294, -6.7355025, 0.0 ], [ 107.5719359, -6.7355691, 0.0 ], [ 107.5717128, -6.7357178, 0.0 ], [ 107.5715433, -6.7358368, 0.0 ], [ 107.5714332, -6.735929, 0.0 ], [ 107.571341, -6.7360242, 0.0 ], [ 107.5712667, -6.7360688, 0.0 ], [ 107.5711388, -6.7361075, 0.0 ], [ 107.5709939, -6.7361387, 0.0 ], [ 107.5709693, -6.736148, 0.0 ], [ 107.5709551, -6.7361885, 0.0 ], [ 107.570936, -6.7362622, 0.0 ], [ 107.5709028, -6.7365171, 0.0 ], [ 107.5708997, -6.7365406, 0.0 ], [ 107.5708849, -6.7367072, 0.0 ], [ 107.5708826, -6.7367794, 0.0 ], [ 107.5708789, -6.7369005, 0.0 ], [ 107.5708759, -6.7371236, 0.0 ], [ 107.5708479, -6.7375363, 0.0 ], [ 107.5708522, -6.7376382, 0.0 ], [ 107.5708343, -6.7377036, 0.0 ], [ 107.5708075, -6.737772, 0.0 ], [ 107.5707599, -6.7378464, 0.0 ], [ 107.5707302, -6.7379237, 0.0 ], [ 107.5707094, -6.7380248, 0.0 ], [ 107.5706945, -6.7381616, 0.0 ], [ 107.5706886, -6.738349, 0.0 ], [ 107.5706957, -6.7385402, 0.0 ], [ 107.5707005, -6.7386227, 0.0 ], [ 107.5706856, -6.7388011, 0.0 ], [ 107.5706499, -6.7389647, 0.0 ], [ 107.570525, -6.7393157, 0.0 ], [ 107.5704238, -6.7394733, 0.0 ], [ 107.5701056, -6.7399165, 0.0 ], [ 107.5699509, -6.7401039, 0.0 ], [ 107.5698558, -6.7402258, 0.0 ], [ 107.5698349, -6.7403032, 0.0 ], [ 107.569829, -6.7403537, 0.0 ], [ 107.5698498, -6.7404995, 0.0 ], [ 107.5698558, -6.7406898, 0.0 ], [ 107.5698083, -6.7409579, 0.0 ], [ 107.5697992, -6.7410735, 0.0 ], [ 107.5697754, -6.7411955, 0.0 ], [ 107.5697368, -6.7413115, 0.0 ], [ 107.5696565, -6.7414572, 0.0 ], [ 107.5695167, -6.7416535, 0.0 ], [ 107.5692415, -6.7420001, 0.0 ], [ 107.569136, -6.7421502, 0.0 ], [ 107.5688656, -6.7425172, 0.0 ], [ 107.5686114, -6.7428446, 0.0 ], [ 107.5685708, -6.7428968, 0.0 ], [ 107.5684489, -6.7430276, 0.0 ], [ 107.5683656, -6.7431288, 0.0 ], [ 107.5683359, -6.7432121, 0.0 ], [ 107.5683095, -6.7434172, 0.0 ], [ 107.5683091, -6.7434203, 0.0 ], [ 107.5682915, -6.7438938, 0.0 ], [ 107.5683091, -6.7440478, 0.0 ], [ 107.5683359, -6.7442917, 0.0 ], [ 107.5683716, -6.7445059, 0.0 ], [ 107.5684221, -6.7447974, 0.0 ], [ 107.5684403, -6.7449956, 0.0 ], [ 107.5684429, -6.745071, 0.0 ], [ 107.5684459, -6.7451989, 0.0 ], [ 107.5684578, -6.7453208, 0.0 ], [ 107.568474, -6.7454925, 0.0 ], [ 107.5684816, -6.7455588, 0.0 ], [ 107.5684876, -6.7456956, 0.0 ], [ 107.5684786, -6.7458027, 0.0 ], [ 107.56844, -6.7459752, 0.0 ], [ 107.5683983, -6.7461001, 0.0 ], [ 107.5683448, -6.746228, 0.0 ], [ 107.5682972, -6.746347, 0.0 ], [ 107.5682704, -6.7464481, 0.0 ], [ 107.5682556, -6.7465611, 0.0 ], [ 107.5682615, -6.7467426, 0.0 ], [ 107.5682794, -6.7468883, 0.0 ], [ 107.5682585, -6.747043, 0.0 ], [ 107.5681879, -6.7472743, 0.0 ], [ 107.5681247, -6.7474802, 0.0 ], [ 107.5680325, -6.7476587, 0.0 ], [ 107.5679254, -6.7478133, 0.0 ], [ 107.5677826, -6.7480037, 0.0 ], [ 107.5675276, -6.7483067, 0.0 ], [ 107.5674234, -6.7484509, 0.0 ], [ 107.5673506, -6.7485394, 0.0 ], [ 107.5672692, -6.7486108, 0.0 ], [ 107.5671907, -6.7486679, 0.0 ], [ 107.5671407, -6.7487093, 0.0 ], [ 107.5671022, -6.7487593, 0.0 ], [ 107.5670782, -6.7488109, 0.0 ], [ 107.5670265, -6.7490634, 0.0 ], [ 107.5669779, -6.749269, 0.0 ], [ 107.5669637, -6.7493432, 0.0 ], [ 107.5669537, -6.7494403, 0.0 ], [ 107.5669465, -6.7495088, 0.0 ], [ 107.5669294, -6.7495831, 0.0 ], [ 107.5668866, -6.7497258, 0.0 ], [ 107.5668395, -6.7498215, 0.0 ], [ 107.5667395, -6.7499186, 0.0 ], [ 107.5665925, -6.7500257, 0.0 ], [ 107.5664373, -6.7501004, 0.0 ], [ 107.5662993, -6.7501384, 0.0 ], [ 107.5661185, -6.750167, 0.0 ], [ 107.5659757, -6.7501765, 0.0 ], [ 107.5658615, -6.7501765, 0.0 ], [ 107.5657663, -6.7501956, 0.0 ], [ 107.5656854, -6.7502241, 0.0 ], [ 107.5656331, -6.7502717, 0.0 ], [ 107.5655855, -6.7503764, 0.0 ], [ 107.5655474, -6.750581, 0.0 ], [ 107.5655427, -6.7507143, 0.0 ], [ 107.5655093, -6.7508237, 0.0 ], [ 107.565457, -6.7509189, 0.0 ], [ 107.5653951, -6.7509855, 0.0 ], [ 107.5652762, -6.7510522, 0.0 ], [ 107.5650477, -6.7511093, 0.0 ], [ 107.5647669, -6.7511908, 0.0 ], [ 107.5645004, -6.7513139, 0.0 ], [ 107.5641197, -6.7514567, 0.0 ], [ 107.5638961, -6.7515281, 0.0 ], [ 107.5637152, -6.7516042, 0.0 ], [ 107.5634963, -6.7516613, 0.0 ], [ 107.5631775, -6.7516994, 0.0 ], [ 107.5630061, -6.7516851, 0.0 ], [ 107.5629157, -6.7516994, 0.0 ], [ 107.5628491, -6.7517517, 0.0 ], [ 107.5627872, -6.7518945, 0.0 ], [ 107.5626058, -6.7524025, 0.0 ], [ 107.5624631, -6.7525988, 0.0 ], [ 107.5623648, -6.7526971, 0.0 ], [ 107.5622739, -6.752788, 0.0 ], [ 107.5622017, -6.7528829, 0.0 ], [ 107.5621597, -6.75302, 0.0 ], [ 107.562109, -6.7532401, 0.0 ], [ 107.5620924, -6.7533805, 0.0 ], [ 107.5620828, -6.7535066, 0.0 ], [ 107.5620828, -6.7535946, 0.0 ], [ 107.5620805, -6.7537255, 0.0 ], [ 107.5620781, -6.7538635, 0.0 ], [ 107.5620662, -6.7540158, 0.0 ], [ 107.5620495, -6.7541443, 0.0 ], [ 107.5619948, -6.7542799, 0.0 ], [ 107.5619377, -6.7544346, 0.0 ], [ 107.5618996, -6.7545845, 0.0 ], [ 107.5618972, -6.7546725, 0.0 ], [ 107.5619329, -6.7548153, 0.0 ], [ 107.5619589, -6.7549471, 0.0 ], [ 107.5619589, -6.7550137, 0.0 ], [ 107.5619245, -6.7551816, 0.0 ], [ 107.5618942, -6.7553297, 0.0 ], [ 107.5618523, -6.7556057, 0.0 ], [ 107.5618447, -6.7557276, 0.0 ], [ 107.5618447, -6.7558132, 0.0 ], [ 107.5618561, -6.7558837, 0.0 ], [ 107.5618846, -6.7559788, 0.0 ], [ 107.5619494, -6.7561178, 0.0 ], [ 107.5620784, -6.7563796, 0.0 ], [ 107.5621829, -6.7566684, 0.0 ], [ 107.5622155, -6.7567166, 0.0 ], [ 107.5622754, -6.7567908, 0.0 ], [ 107.5623211, -6.7568693, 0.0 ], [ 107.5623845, -6.7570661, 0.0 ], [ 107.5625607, -6.7574949, 0.0 ], [ 107.5626357, -6.7577162, 0.0 ], [ 107.5626642, -6.7579232, 0.0 ], [ 107.5626535, -6.7582515, 0.0 ], [ 107.56265, -6.7584764, 0.0 ], [ 107.5626357, -6.758944, 0.0 ], [ 107.5626999, -6.7594543, 0.0 ], [ 107.562704, -6.759783, 0.0 ], [ 107.5626464, -6.7599398, 0.0 ], [ 107.5625429, -6.7601039, 0.0 ], [ 107.5624073, -6.760286, 0.0 ], [ 107.5623466, -6.7604466, 0.0 ], [ 107.5623359, -6.7605394, 0.0 ], [ 107.5623502, -6.760675, 0.0 ], [ 107.5623966, -6.760857, 0.0 ], [ 107.5625714, -6.7610533, 0.0 ], [ 107.5627785, -6.7611818, 0.0 ], [ 107.5630609, -6.7613647, 0.0 ], [ 107.563503, -6.7614888, 0.0 ], [ 107.5636755, -6.7615533, 0.0 ], [ 107.5637647, -6.7616069, 0.0 ], [ 107.5638421, -6.7616961, 0.0 ], [ 107.5639016, -6.7617913, 0.0 ], [ 107.5639135, -6.7619281, 0.0 ], [ 107.5638821, -6.7620917, 0.0 ], [ 107.5638488, -6.7621988, 0.0 ], [ 107.5638036, -6.7623439, 0.0 ], [ 107.5637751, -6.7624891, 0.0 ], [ 107.5637765, -6.7630667, 0.0 ], [ 107.5637771, -6.7631667, 0.0 ], [ 107.5637774, -6.7632172, 0.0 ], [ 107.5637883, -6.7633662, 0.0 ], [ 107.5638036, -6.7634313, 0.0 ], [ 107.5638345, -6.7635717, 0.0 ], [ 107.5638679, -6.7637192, 0.0 ], [ 107.5639002, -6.7638452, 0.0 ], [ 107.5639273, -6.7638929, 0.0 ], [ 107.5639868, -6.7640119, 0.0 ], [ 107.5640011, -6.7640952, 0.0 ], [ 107.563994, -6.7641547, 0.0 ], [ 107.5639464, -6.7643474, 0.0 ], [ 107.5639178, -6.7645045, 0.0 ], [ 107.5638821, -6.7646615, 0.0 ], [ 107.5638464, -6.7649542, 0.0 ], [ 107.5637965, -6.7650779, 0.0 ], [ 107.5636727, -6.7652445, 0.0 ], [ 107.5636014, -6.7653753, 0.0 ], [ 107.5635704, -6.7654491, 0.0 ], [ 107.5634776, -6.7656535, 0.0 ], [ 107.5633884, -6.7657784, 0.0 ], [ 107.5632956, -6.7659033, 0.0 ], [ 107.5632563, -6.7659783, 0.0 ], [ 107.5632469, -6.7660752, 0.0 ], [ 107.5632635, -6.7662567, 0.0 ], [ 107.5632813, -6.7666279, 0.0 ], [ 107.5632885, -6.7668242, 0.0 ], [ 107.5633349, -6.7672061, 0.0 ], [ 107.563392, -6.7674345, 0.0 ], [ 107.5634312, -6.7675559, 0.0 ], [ 107.5634384, -6.7676665, 0.0 ], [ 107.5634098, -6.7677879, 0.0 ], [ 107.5633384, -6.7679271, 0.0 ], [ 107.5632813, -6.7680341, 0.0 ], [ 107.5631992, -6.7681662, 0.0 ], [ 107.563085, -6.7682733, 0.0 ], [ 107.5629601, -6.7683839, 0.0 ], [ 107.5627638, -6.7686409, 0.0 ], [ 107.5626531, -6.7687765, 0.0 ], [ 107.5625354, -6.7689015, 0.0 ], [ 107.5623426, -6.7690121, 0.0 ], [ 107.5622141, -6.7690871, 0.0 ], [ 107.5621106, -6.7691513, 0.0 ], [ 107.5620608, -6.7692137, 0.0 ], [ 107.5620094, -6.7694896, 0.0 ], [ 107.5619951, -6.7696347, 0.0 ], [ 107.5620165, -6.7697299, 0.0 ], [ 107.5620617, -6.7698846, 0.0 ], [ 107.5621141, -6.7702367, 0.0 ], [ 107.5622164, -6.7706436, 0.0 ], [ 107.5622545, -6.7708435, 0.0 ], [ 107.5622542, -6.7709986, 0.0 ], [ 107.5622435, -6.7711414, 0.0 ], [ 107.5622043, -6.7712842, 0.0 ], [ 107.5621079, -6.7715412, 0.0 ], [ 107.5620758, -6.7716482, 0.0 ], [ 107.5620008, -6.7718838, 0.0 ], [ 107.5619366, -6.771998, 0.0 ], [ 107.5618866, -6.7720872, 0.0 ], [ 107.5618045, -6.7722728, 0.0 ], [ 107.5617474, -6.7724085, 0.0 ], [ 107.5616618, -6.7725834, 0.0 ], [ 107.5628358, -6.7739164, 0.0 ], [ 107.5630171, -6.773887, 0.0 ], [ 107.5630218, -6.7738862, 0.0 ], [ 107.5633165, -6.7737624, 0.0 ], [ 107.5635272, -6.7736283, 0.0 ], [ 107.5636064, -6.7735779, 0.0 ], [ 107.5637742, -6.7734253, 0.0 ], [ 107.5639072, -6.7732982, 0.0 ], [ 107.5640336, -6.7731774, 0.0 ], [ 107.5642472, -6.7729928, 0.0 ], [ 107.5645677, -6.7728045, 0.0 ], [ 107.5651322, -6.772515, 0.0 ], [ 107.5657884, -6.772248, 0.0 ], [ 107.5662783, -6.7720657, 0.0 ], [ 107.56662, -6.7719385, 0.0 ], [ 107.5678178, -6.7714207, 0.0 ], [ 107.5683448, -6.7711965, 0.0 ], [ 107.5683671, -6.771187, 0.0 ], [ 107.5684054, -6.7711736, 0.0 ], [ 107.5687867, -6.7710397, 0.0 ], [ 107.569275, -6.7709434, 0.0 ], [ 107.5697328, -6.7708852, 0.0 ], [ 107.5701922, -6.770878, 0.0 ], [ 107.5704881, -6.7708733, 0.0 ], [ 107.5706017, -6.7708875, 0.0 ], [ 107.5709764, -6.7709343, 0.0 ], [ 107.5712129, -6.771034, 0.0 ], [ 107.5713883, -6.7711313, 0.0 ], [ 107.5715867, -6.7712953, 0.0 ], [ 107.5718537, -6.7715485, 0.0 ], [ 107.5720979, -6.7717898, 0.0 ], [ 107.57222, -6.771971, 0.0 ], [ 107.5722963, -6.7721202, 0.0 ], [ 107.5724183, -6.7723997, 0.0 ], [ 107.5724946, -6.7725951, 0.0 ], [ 107.5725404, -6.7727439, 0.0 ], [ 107.5725938, -6.7729027, 0.0 ], [ 107.5726548, -6.7730891, 0.0 ], [ 107.5727464, -6.7732379, 0.0 ], [ 107.5728913, -6.7734377, 0.0 ], [ 107.5729905, -6.7737033, 0.0 ], [ 107.5730134, -6.7738988, 0.0 ], [ 107.5730439, -6.7740901, 0.0 ], [ 107.5730821, -6.7742345, 0.0 ], [ 107.5733796, -6.7744992, 0.0 ], [ 107.5734712, -6.7746947, 0.0 ], [ 107.5735322, -6.774811, 0.0 ], [ 107.5735627, -6.775007, 0.0 ], [ 107.5737077, -6.7751882, 0.0 ], [ 107.5740815, -6.7758066, 0.0 ], [ 107.5742646, -6.776067, 0.0 ], [ 107.5743638, -6.7763212, 0.0 ], [ 107.5744935, -6.776458, 0.0 ], [ 107.5745642, -6.776499, 0.0 ], [ 107.5746676, -6.7765591, 0.0 ], [ 107.5746766, -6.7765643, 0.0 ], [ 107.57473, -6.776592, 0.0 ], [ 107.5748139, -6.7766664, 0.0 ], [ 107.5749208, -6.7767589, 0.0 ], [ 107.5752488, -6.7768133, 0.0 ], [ 107.5755921, -6.7768395, 0.0 ], [ 107.5758439, -6.7768476, 0.0 ], [ 107.5761186, -6.7768366, 0.0 ], [ 107.5763093, -6.7767937, 0.0 ], [ 107.5767671, -6.7766373, 0.0 ], [ 107.5774003, -6.7763631, 0.0 ], [ 107.5780106, -6.7761033, 0.0 ], [ 107.5783082, -6.775934, 0.0 ], [ 107.5783872, -6.7758056, 0.0 ], [ 107.5784285, -6.7757913, 0.0 ], [ 107.5784864, -6.7757712, 0.0 ], [ 107.5791188, -6.7763669, 0.0 ], [ 107.57926, -6.77641, 0.0 ], [ 107.57926, -6.77647, 0.0 ], [ 107.57932, -6.77651, 0.0 ], [ 107.5794, -6.77653, 0.0 ], [ 107.57954, -6.7767, 0.0 ], [ 107.57965, -6.77682, 0.0 ], [ 107.5798, -6.77707, 0.0 ], [ 107.58001, -6.77726, 0.0 ], [ 107.58012, -6.77745, 0.0 ], [ 107.58013, -6.77787, 0.0 ], [ 107.5801239, -6.7780359, 0.0 ], [ 107.5803209, -6.77896, 0.0 ], [ 107.5817051, -6.7793109, 0.0 ], [ 107.5818663, -6.7794703, 0.0 ], [ 107.58195, -6.77948, 0.0 ], [ 107.58211, -6.77951, 0.0 ], [ 107.58223, -6.77956, 0.0 ], [ 107.58231, -6.77968, 0.0 ], [ 107.58248, -6.78024, 0.0 ], [ 107.58251, -6.78044, 0.0 ], [ 107.58247, -6.78074, 0.0 ], [ 107.58241, -6.78098, 0.0 ], [ 107.58233, -6.78112, 0.0 ], [ 107.58232, -6.78129, 0.0 ], [ 107.58229, -6.78153, 0.0 ], [ 107.58222, -6.78159, 0.0 ], [ 107.58211, -6.78165, 0.0 ], [ 107.58201, -6.78167, 0.0 ], [ 107.58187, -6.78178, 0.0 ], [ 107.58181, -6.7819, 0.0 ], [ 107.58174, -6.78209, 0.0 ], [ 107.58164, -6.78229, 0.0 ], [ 107.5815, -6.78249, 0.0 ], [ 107.58148, -6.78268, 0.0 ], [ 107.58148, -6.78283, 0.0 ], [ 107.58164, -6.78306, 0.0 ], [ 107.58176, -6.78327, 0.0 ], [ 107.5817952, -6.7834517, 0.0 ], [ 107.58182, -6.78358, 0.0 ], [ 107.58184, -6.78369, 0.0 ], [ 107.581842, -6.7837052, 0.0 ], [ 107.5819307, -6.7839179, 0.0 ], [ 107.5821687, -6.7844883, 0.0 ], [ 107.58248, -6.78496, 0.0 ], [ 107.58281, -6.78544, 0.0 ], [ 107.58283, -6.78557, 0.0 ], [ 107.58278, -6.78575, 0.0 ], [ 107.58267, -6.78588, 0.0 ], [ 107.58254, -6.78604, 0.0 ], [ 107.58251, -6.78615, 0.0 ], [ 107.58256, -6.78629, 0.0 ], [ 107.58261, -6.78641, 0.0 ], [ 107.58262, -6.78655, 0.0 ], [ 107.58253, -6.78673, 0.0 ], [ 107.5825, -6.78682, 0.0 ], [ 107.58256, -6.7869, 0.0 ], [ 107.58251, -6.78705, 0.0 ], [ 107.58241, -6.7873, 0.0 ], [ 107.58229, -6.7875, 0.0 ], [ 107.58221, -6.78767, 0.0 ], [ 107.58209, -6.78801, 0.0 ], [ 107.5820887, -6.788019, 0.0 ], [ 107.5820702, -6.7883206, 0.0 ], [ 107.58212, -6.78845, 0.0 ], [ 107.58216, -6.7886, 0.0 ], [ 107.58223, -6.78885, 0.0 ], [ 107.58225, -6.78912, 0.0 ], [ 107.58226, -6.78923, 0.0 ], [ 107.58224, -6.78947, 0.0 ], [ 107.58208, -6.78976, 0.0 ], [ 107.58205, -6.78984, 0.0 ], [ 107.58195, -6.78992, 0.0 ], [ 107.58174, -6.78999, 0.0 ], [ 107.5816844, -6.7900178, 0.0 ], [ 107.5816672, -6.7900586, 0.0 ], [ 107.58169, -6.79015, 0.0 ], [ 107.58172, -6.79029, 0.0 ], [ 107.58175, -6.79047, 0.0 ], [ 107.58171, -6.79068, 0.0 ], [ 107.5816, -6.79092, 0.0 ], [ 107.5815, -6.79104, 0.0 ], [ 107.58111, -6.79135, 0.0 ], [ 107.58088, -6.79153, 0.0 ], [ 107.58067, -6.79168, 0.0 ], [ 107.58052, -6.79183, 0.0 ], [ 107.58038, -6.7921, 0.0 ], [ 107.58033, -6.79217, 0.0 ], [ 107.58023, -6.79222, 0.0 ], [ 107.58009, -6.79219, 0.0 ], [ 107.57986, -6.7923, 0.0 ], [ 107.5797, -6.79236, 0.0 ], [ 107.57951, -6.79259, 0.0 ], [ 107.57934, -6.79272, 0.0 ], [ 107.57909, -6.79279, 0.0 ], [ 107.57883, -6.79275, 0.0 ], [ 107.5786173, -6.7926564, 0.0 ], [ 107.5782696, -6.7927633, 0.0 ], [ 107.5781654, -6.7930816, 0.0 ], [ 107.57816, -6.79313, 0.0 ], [ 107.5781384, -6.793164, 0.0 ], [ 107.5781185, -6.7932247, 0.0 ], [ 107.5780053, -6.7933892, 0.0 ], [ 107.57787, -6.79375, 0.0 ], [ 107.5775802, -6.794007, 0.0 ], [ 107.5773056, -6.7944061, 0.0 ], [ 107.5773083, -6.7949136, 0.0 ], [ 107.5773092, -6.7950714, 0.0 ], [ 107.5772873, -6.7951607, 0.0 ], [ 107.5773, -6.7953, 0.0 ], [ 107.5773, -6.79555, 0.0 ], [ 107.57736, -6.79561, 0.0 ], [ 107.5776, -6.79568, 0.0 ], [ 107.57765, -6.79574, 0.0 ], [ 107.57753, -6.79599, 0.0 ], [ 107.57734, -6.79609, 0.0 ], [ 107.57715, -6.79619, 0.0 ], [ 107.57708, -6.79626, 0.0 ], [ 107.57711, -6.79634, 0.0 ], [ 107.57734, -6.79655, 0.0 ], [ 107.5774147, -6.7967646, 0.0 ], [ 107.5776782, -6.7970653, 0.0 ], [ 107.5784489, -6.797573, 0.0 ], [ 107.5783967, -6.7978411, 0.0 ], [ 107.5784, -6.79791, 0.0 ], [ 107.5783558, -6.7980514, 0.0 ], [ 107.5782495, -6.7985976, 0.0 ], [ 107.5781735, -6.798657, 0.0 ], [ 107.57814, -6.79877, 0.0 ], [ 107.57799, -6.79915, 0.0 ], [ 107.57793, -6.79925, 0.0 ], [ 107.57779, -6.79929, 0.0 ], [ 107.57759, -6.79932, 0.0 ], [ 107.5772, -6.7995, 0.0 ], [ 107.5770683, -6.7995068, 0.0 ], [ 107.5753754, -6.8004492, 0.0 ], [ 107.57529, -6.80062, 0.0 ], [ 107.57511, -6.80085, 0.0 ], [ 107.57485, -6.80097, 0.0 ], [ 107.5746322, -6.8011376, 0.0 ], [ 107.5744651, -6.8013317, 0.0 ], [ 107.5744394, -6.8013615, 0.0 ], [ 107.57435, -6.8016, 0.0 ], [ 107.574133, -6.8017175, 0.0 ], [ 107.574105, -6.8017501, 0.0 ], [ 107.5740722, -6.8018812, 0.0 ], [ 107.5740731, -6.8019004, 0.0 ], [ 107.57412, -6.80206, 0.0 ], [ 107.57412, -6.80239, 0.0 ], [ 107.5741941, -6.8025951, 0.0 ], [ 107.57425, -6.80275, 0.0 ], [ 107.57437, -6.80309, 0.0 ], [ 107.57441, -6.80324, 0.0 ], [ 107.57439, -6.80336, 0.0 ], [ 107.57426, -6.80369, 0.0 ], [ 107.5742592, -6.8037007, 0.0 ], [ 107.5744939, -6.8048101, 0.0 ], [ 107.5743757, -6.8050166, 0.0 ], [ 107.5739359, -6.8057854, 0.0 ], [ 107.5742482, -6.8067561, 0.0 ], [ 107.5736503, -6.807663, 0.0 ], [ 107.573334, -6.8081428, 0.0 ], [ 107.5730629, -6.8084167, 0.0 ], [ 107.5725701, -6.8089145, 0.0 ], [ 107.5734451, -6.8097799, 0.0 ], [ 107.5729887, -6.8106012, 0.0 ], [ 107.5727967, -6.8130076, 0.0 ], [ 107.5723411, -6.8139824, 0.0 ], [ 107.5727559, -6.8149525, 0.0 ], [ 107.572553, -6.8153118, 0.0 ], [ 107.5706464, -6.8151755, 0.0 ], [ 107.57056, -6.81521, 0.0 ], [ 107.57047, -6.81524, 0.0 ], [ 107.57006, -6.81519, 0.0 ], [ 107.56977, -6.81514, 0.0 ], [ 107.5696513, -6.8151121, 0.0 ], [ 107.56943, -6.81506, 0.0 ], [ 107.56928, -6.81501, 0.0 ], [ 107.56922, -6.81501, 0.0 ], [ 107.56917, -6.81507, 0.0 ], [ 107.56915, -6.81534, 0.0 ], [ 107.56921, -6.81583, 0.0 ], [ 107.56922, -6.8162, 0.0 ], [ 107.56921, -6.81634, 0.0 ], [ 107.56925, -6.8167, 0.0 ], [ 107.56924, -6.81683, 0.0 ], [ 107.5692254, -6.8168796, 0.0 ], [ 107.56919, -6.817, 0.0 ], [ 107.56908, -6.81718, 0.0 ], [ 107.5689, -6.81733, 0.0 ], [ 107.56864, -6.81741, 0.0 ], [ 107.5685, -6.81752, 0.0 ], [ 107.56844, -6.81764, 0.0 ], [ 107.56843, -6.81784, 0.0 ], [ 107.56867, -6.81803, 0.0 ], [ 107.56878, -6.81813, 0.0 ], [ 107.56885, -6.81826, 0.0 ], [ 107.56888, -6.81858, 0.0 ], [ 107.56887, -6.81887, 0.0 ], [ 107.56877, -6.81915, 0.0 ], [ 107.56875, -6.81922, 0.0 ], [ 107.56875, -6.81941, 0.0 ], [ 107.56881, -6.81949, 0.0 ], [ 107.56892, -6.81966, 0.0 ], [ 107.5689893, -6.8197985, 0.0 ], [ 107.56899, -6.8198, 0.0 ], [ 107.56908, -6.81988, 0.0 ], [ 107.56908, -6.81999, 0.0 ], [ 107.56902, -6.82019, 0.0 ], [ 107.56892, -6.82046, 0.0 ], [ 107.56886, -6.82069, 0.0 ], [ 107.56869, -6.82122, 0.0 ], [ 107.56861, -6.82178, 0.0 ], [ 107.56862, -6.82189, 0.0 ], [ 107.56861, -6.822, 0.0 ], [ 107.56857, -6.82221, 0.0 ], [ 107.56855, -6.82233, 0.0 ], [ 107.56862, -6.82249, 0.0 ], [ 107.56872, -6.82268, 0.0 ], [ 107.5687602, -6.8227685, 0.0 ], [ 107.56877, -6.82279, 0.0 ], [ 107.56881, -6.82293, 0.0 ], [ 107.56876, -6.82338, 0.0 ], [ 107.56877, -6.82356, 0.0 ], [ 107.56881, -6.82379, 0.0 ], [ 107.56895, -6.824, 0.0 ], [ 107.56907, -6.82404, 0.0 ], [ 107.56917, -6.82414, 0.0 ], [ 107.56921, -6.82426, 0.0 ], [ 107.5691836, -6.824334, 0.0 ], [ 107.56916, -6.8244, 0.0 ], [ 107.56906, -6.82475, 0.0 ], [ 107.56909, -6.82507, 0.0 ], [ 107.56911, -6.82526, 0.0 ], [ 107.56914, -6.82541, 0.0 ], [ 107.56908, -6.8256, 0.0 ], [ 107.56888, -6.82596, 0.0 ], [ 107.56879, -6.82618, 0.0 ], [ 107.568785, -6.8261926, 0.0 ], [ 107.56861, -6.82663, 0.0 ], [ 107.56852, -6.82683, 0.0 ], [ 107.56846, -6.82703, 0.0 ], [ 107.56818, -6.82742, 0.0 ], [ 107.56809, -6.82759, 0.0 ], [ 107.5679431, -6.8278147, 0.0 ], [ 107.56792, -6.82785, 0.0 ], [ 107.56789, -6.82805, 0.0 ], [ 107.56792, -6.82833, 0.0 ], [ 107.56777, -6.82842, 0.0 ], [ 107.5676, -6.82861, 0.0 ], [ 107.56755, -6.82872, 0.0 ], [ 107.5675, -6.82895, 0.0 ], [ 107.56739, -6.82918, 0.0 ], [ 107.5673344, -6.8292911, 0.0 ], [ 107.56731, -6.82934, 0.0 ], [ 107.56715, -6.8295, 0.0 ], [ 107.5671, -6.82962, 0.0 ], [ 107.5671, -6.82972, 0.0 ], [ 107.56715, -6.82986, 0.0 ], [ 107.5671694, -6.8299155, 0.0 ], [ 107.5671651, -6.829921, 0.0 ], [ 107.5670193, -6.830256, 0.0 ], [ 107.5669412, -6.8305892, 0.0 ], [ 107.567062, -6.831209, 0.0 ], [ 107.56706, -6.83167, 0.0 ], [ 107.56696, -6.83193, 0.0 ], [ 107.56682, -6.83204, 0.0 ], [ 107.56667, -6.83212, 0.0 ], [ 107.56649, -6.8322, 0.0 ], [ 107.56635, -6.83224, 0.0 ], [ 107.56618, -6.83236, 0.0 ], [ 107.5661, -6.83251, 0.0 ], [ 107.56611, -6.83271, 0.0 ], [ 107.56607, -6.83296, 0.0 ], [ 107.56591, -6.83324, 0.0 ], [ 107.56589, -6.83331, 0.0 ], [ 107.5658623, -6.8335892, 0.0 ], [ 107.5658623, -6.8338819, 0.0 ], [ 107.5658843, -6.8340795, 0.0 ], [ 107.5659106, -6.8342111, 0.0 ], [ 107.5658993, -6.8344681, 0.0 ], [ 107.5658497, -6.8346839, 0.0 ], [ 107.5657818, -6.8349432, 0.0 ], [ 107.5655915, -6.8351188, 0.0 ], [ 107.5655184, -6.8352432, 0.0 ], [ 107.5656062, -6.835353, 0.0 ], [ 107.5656126, -6.8353567, 0.0 ], [ 107.56574, -6.83543, 0.0 ], [ 107.56584, -6.83546, 0.0 ], [ 107.5658544, -6.8356708, 0.0 ], [ 107.5658709, -6.835913, 0.0 ], [ 107.565886, -6.8361393, 0.0 ], [ 107.566052, -6.8368987, 0.0 ], [ 107.5660721, -6.837814, 0.0 ], [ 107.5661224, -6.8381861, 0.0 ], [ 107.566233, -6.8387997, 0.0 ], [ 107.5662567, -6.8389115, 0.0 ], [ 107.5663091, -6.839159, 0.0 ], [ 107.5663496, -6.8393504, 0.0 ], [ 107.5664141, -6.8396546, 0.0 ], [ 107.566394, -6.8399664, 0.0 ], [ 107.5663874, -6.840065, 0.0 ], [ 107.5663738, -6.8402682, 0.0 ], [ 107.5663336, -6.8405498, 0.0 ], [ 107.5665046, -6.8408314, 0.0 ], [ 107.5666655, -6.8412841, 0.0 ], [ 107.5666856, -6.8416361, 0.0 ], [ 107.5665146, -6.841968, 0.0 ], [ 107.5664751, -6.8420323, 0.0 ], [ 107.5664342, -6.8420988, 0.0 ], [ 107.5665649, -6.8423704, 0.0 ], [ 107.5666856, -6.8427023, 0.0 ], [ 107.5666321, -6.8428273, 0.0 ], [ 107.5665649, -6.8429839, 0.0 ], [ 107.566575, -6.8431851, 0.0 ], [ 107.5667259, -6.8433359, 0.0 ], [ 107.5668566, -6.8438891, 0.0 ], [ 107.5668576, -6.8439049, 0.0 ], [ 107.5668868, -6.8443619, 0.0 ], [ 107.566877, -6.844489, 0.0 ], [ 107.5668667, -6.8446234, 0.0 ], [ 107.5668767, -6.8448849, 0.0 ], [ 107.5668859, -6.8449354, 0.0 ], [ 107.5669572, -6.8453275, 0.0 ], [ 107.5668164, -6.8458002, 0.0 ], [ 107.5665624, -6.8459225, 0.0 ], [ 107.56636, -6.84602, 0.0 ], [ 107.56634, -6.84623, 0.0 ], [ 107.56624, -6.84641, 0.0 ], [ 107.5662265, -6.846419, 0.0 ], [ 107.56609, -6.84651, 0.0 ], [ 107.56585, -6.84681, 0.0 ], [ 107.56569, -6.84691, 0.0 ], [ 107.5656151, -6.8469792, 0.0 ], [ 107.56556, -6.84703, 0.0 ], [ 107.56546, -6.84719, 0.0 ], [ 107.56533, -6.84723, 0.0 ], [ 107.56509, -6.84745, 0.0 ], [ 107.56484, -6.84768, 0.0 ], [ 107.56464, -6.84781, 0.0 ], [ 107.56444, -6.84812, 0.0 ], [ 107.56429, -6.8483, 0.0 ], [ 107.56419, -6.84849, 0.0 ], [ 107.56418, -6.84879, 0.0 ], [ 107.564118, -6.8488786, 0.0 ], [ 107.56411, -6.84889, 0.0 ], [ 107.5640664, -6.8489433, 0.0 ], [ 107.56402, -6.849, 0.0 ], [ 107.56393, -6.8493, 0.0 ], [ 107.56382, -6.84965, 0.0 ], [ 107.56354, -6.85005, 0.0 ], [ 107.56346, -6.85024, 0.0 ], [ 107.56291, -6.85051, 0.0 ], [ 107.56269, -6.85061, 0.0 ], [ 107.56262, -6.85064, 0.0 ], [ 107.56258, -6.85069, 0.0 ], [ 107.56257, -6.85083, 0.0 ], [ 107.56275, -6.85111, 0.0 ], [ 107.56276, -6.85141, 0.0 ], [ 107.562756, -6.851452, 0.0 ], [ 107.56274, -6.85162, 0.0 ], [ 107.56271, -6.85176, 0.0 ], [ 107.56244, -6.85201, 0.0 ], [ 107.56233, -6.85218, 0.0 ], [ 107.56213, -6.85263, 0.0 ], [ 107.5620208, -6.8528266, 0.0 ], [ 107.56198, -6.8529, 0.0 ], [ 107.56177, -6.85326, 0.0 ], [ 107.56178, -6.8534, 0.0 ], [ 107.56188, -6.85359, 0.0 ], [ 107.5618871, -6.8536028, 0.0 ], [ 107.5619701, -6.8537522, 0.0 ], [ 107.5619672, -6.8537762, 0.0 ], [ 107.5620314, -6.8539106, 0.0 ], [ 107.5620479, -6.8540453, 0.0 ], [ 107.5620566, -6.8541879, 0.0 ], [ 107.5621287, -6.8543222, 0.0 ], [ 107.5622085, -6.854409, 0.0 ], [ 107.5622647, -6.8545513, 0.0 ], [ 107.5623054, -6.8546202, 0.0 ], [ 107.56233, -6.8547, 0.0 ], [ 107.5624735, -6.8549093, 0.0 ], [ 107.5624736, -6.8549094, 0.0 ], [ 107.5624752, -6.8549093, 0.0 ], [ 107.5626652, -6.8548975, 0.0 ], [ 107.5626711, -6.8549093, 0.0 ], [ 107.5628418, -6.8552509, 0.0 ], [ 107.5627827, -6.8554059, 0.0 ], [ 107.5626788, -6.8555811, 0.0 ], [ 107.5626042, -6.8556314, 0.0 ], [ 107.5625912, -6.8556772, 0.0 ], [ 107.5625635, -6.8557742, 0.0 ], [ 107.562569, -6.8557746, 0.0 ], [ 107.5626506, -6.8557746, 0.0 ], [ 107.5627171, -6.8557666, 0.0 ], [ 107.5629044, -6.855744, 0.0 ], [ 107.5630034, -6.8557495, 0.0 ], [ 107.5630603, -6.855822, 0.0 ], [ 107.5630618, -6.8558274, 0.0 ], [ 107.5630859, -6.8559122, 0.0 ], [ 107.5631559, -6.8559688, 0.0 ], [ 107.5632381, -6.8560848, 0.0 ], [ 107.5632536, -6.8561954, 0.0 ], [ 107.5631283, -6.8564318, 0.0 ], [ 107.5631023, -6.8566652, 0.0 ], [ 107.5631537, -6.8568731, 0.0 ], [ 107.5633003, -6.8570544, 0.0 ], [ 107.5633723, -6.857147, 0.0 ], [ 107.5633836, -6.8575334, 0.0 ], [ 107.563364, -6.8576535, 0.0 ], [ 107.563339, -6.8578803, 0.0 ], [ 107.5633273, -6.8580242, 0.0 ], [ 107.5632781, -6.858201, 0.0 ], [ 107.5632264, -6.8582939, 0.0 ], [ 107.5631644, -6.8583291, 0.0 ], [ 107.5630196, -6.8584043, 0.0 ], [ 107.5629444, -6.8584836, 0.0 ], [ 107.5629084, -6.8585955, 0.0 ], [ 107.5630017, -6.8586963, 0.0 ], [ 107.5630799, -6.8587204, 0.0 ], [ 107.5630958, -6.8587253, 0.0 ], [ 107.5631591, -6.8587448, 0.0 ], [ 107.5631828, -6.8587631, 0.0 ], [ 107.5632442, -6.8588103, 0.0 ], [ 107.5632723, -6.8588795, 0.0 ], [ 107.563115, -6.8590058, 0.0 ], [ 107.5629702, -6.8591221, 0.0 ], [ 107.5629182, -6.8591446, 0.0 ], [ 107.5627978, -6.8591966, 0.0 ], [ 107.5627464, -6.8592255, 0.0 ], [ 107.562668, -6.8592696, 0.0 ], [ 107.5625543, -6.8593544, 0.0 ], [ 107.5625283, -6.8593738, 0.0 ], [ 107.5624569, -6.8594921, 0.0 ], [ 107.5624577, -6.8595433, 0.0 ], [ 107.5624591, -6.8596301, 0.0 ], [ 107.5624603, -6.8597084, 0.0 ], [ 107.5624696, -6.8597361, 0.0 ], [ 107.5625542, -6.8599883, 0.0 ], [ 107.5625913, -6.8601041, 0.0 ], [ 107.562587, -6.8601342, 0.0 ], [ 107.5625813, -6.8601732, 0.0 ], [ 107.5624441, -6.8602151, 0.0 ], [ 107.5620834, -6.8603252, 0.0 ], [ 107.5620188, -6.8603256, 0.0 ], [ 107.5619797, -6.8603258, 0.0 ], [ 107.5618864, -6.8602985, 0.0 ], [ 107.5618609, -6.8603102, 0.0 ], [ 107.5618125, -6.8603323, 0.0 ], [ 107.5617622, -6.8604461, 0.0 ], [ 107.5617529, -6.8604672, 0.0 ], [ 107.561753, -6.8605955, 0.0 ], [ 107.5617531, -6.8606686, 0.0 ], [ 107.5617302, -6.8607887, 0.0 ], [ 107.5617131, -6.8608839, 0.0 ], [ 107.5617027, -6.8609412, 0.0 ], [ 107.5617147, -6.8609635, 0.0 ], [ 107.5617608, -6.8610495, 0.0 ], [ 107.5617724, -6.8610744, 0.0 ], [ 107.5618948, -6.861336, 0.0 ], [ 107.561903, -6.8613534, 0.0 ], [ 107.5619249, -6.8614125, 0.0 ], [ 107.5619289, -6.8614233, 0.0 ], [ 107.5619606, -6.8615086, 0.0 ], [ 107.5619694, -6.8615324, 0.0 ], [ 107.5619655, -6.8615553, 0.0 ], [ 107.5619625, -6.861573, 0.0 ], [ 107.5619543, -6.8616212, 0.0 ], [ 107.5618967, -6.8616699, 0.0 ], [ 107.5617534, -6.8616574, 0.0 ], [ 107.5617539, -6.8616584, 0.0 ], [ 107.5618014, -6.8617567, 0.0 ], [ 107.5618592, -6.8618185, 0.0 ], [ 107.5619744, -6.8618944, 0.0 ], [ 107.5623226, -6.8621745, 0.0 ], [ 107.5625457, -6.8623411, 0.0 ], [ 107.5627747, -6.8624898, 0.0 ], [ 107.5630097, -6.8626355, 0.0 ], [ 107.5635975, -6.8630045, 0.0 ], [ 107.56347, -6.8632011, 0.0 ], [ 107.5632991, -6.8634621, 0.0 ], [ 107.5630049, -6.8639125, 0.0 ], [ 107.5628815, -6.8641025, 0.0 ], [ 107.562779, -6.8642637, 0.0 ], [ 107.5626595, -6.8644748, 0.0 ], [ 107.5624935, -6.864706, 0.0 ], [ 107.5625316, -6.8647278, 0.0 ], [ 107.5625713, -6.8647524, 0.0 ], [ 107.5626728, -6.8648073, 0.0 ], [ 107.5626975, -6.8648644, 0.0 ], [ 107.5627289, -6.8648891, 0.0 ], [ 107.5627775, -6.8649139, 0.0 ], [ 107.5628317, -6.8649634, 0.0 ], [ 107.5628431, -6.864951, 0.0 ], [ 107.5628812, -6.8649824, 0.0 ], [ 107.5628679, -6.8650033, 0.0 ], [ 107.5630521, -6.8651629, 0.0 ], [ 107.5631068, -6.865205, 0.0 ], [ 107.5631841, -6.8652645, 0.0 ], [ 107.5631934, -6.8652559, 0.0 ], [ 107.5632849, -6.86533, 0.0 ], [ 107.5632955, -6.8653467, 0.0 ], [ 107.5633185, -6.8653167, 0.0 ], [ 107.5634737, -6.8654478, 0.0 ], [ 107.5635626, -6.8655197, 0.0 ], [ 107.5638187, -6.8657023, 0.0 ], [ 107.5638679, -6.8657007, 0.0 ], [ 107.5639134, -6.8657559, 0.0 ], [ 107.5639287, -6.8658055, 0.0 ], [ 107.5639395, -6.8658407, 0.0 ], [ 107.5639568, -6.865913, 0.0 ], [ 107.5639952, -6.8659595, 0.0 ], [ 107.5640344, -6.8659959, 0.0 ], [ 107.5642056, -6.865738, 0.0 ], [ 107.5643058, -6.8658026, 0.0 ], [ 107.5643058, -6.8658026, 0.0 ], [ 107.5644995, -6.8655346, 0.0 ], [ 107.5646641, -6.8653271, 0.0 ], [ 107.5647715, -6.8651676, 0.0 ], [ 107.5649323, -6.8649285, 0.0 ], [ 107.5649209, -6.8649028, 0.0 ], [ 107.5650616, -6.864702, 0.0 ], [ 107.5652157, -6.8647916, 0.0 ], [ 107.5652534, -6.8648107, 0.0 ], [ 107.5653217, -6.864868, 0.0 ], [ 107.565555, -6.8649996, 0.0 ], [ 107.5657414, -6.8651048, 0.0 ], [ 107.5658058, -6.8651412, 0.0 ], [ 107.5657729, -6.865256, 0.0 ], [ 107.5658015, -6.8654906, 0.0 ], [ 107.5658121, -6.865578, 0.0 ], [ 107.5658236, -6.8656724, 0.0 ], [ 107.5658186, -6.8657534, 0.0 ], [ 107.5658175, -6.8657714, 0.0 ], [ 107.5658161, -6.8657941, 0.0 ], [ 107.565745, -6.8659304, 0.0 ], [ 107.5656456, -6.8660039, 0.0 ], [ 107.5655711, -6.8660591, 0.0 ], [ 107.5652441, -6.8664444, 0.0 ], [ 107.5652283, -6.866463, 0.0 ], [ 107.5650433, -6.8666489, 0.0 ], [ 107.5649954, -6.866692, 0.0 ], [ 107.5649846, -6.8667018, 0.0 ], [ 107.564891, -6.8667861, 0.0 ], [ 107.5646887, -6.8669346, 0.0 ], [ 107.5645603, -6.8670321, 0.0 ], [ 107.5645078, -6.86711, 0.0 ], [ 107.5644702, -6.8671663, 0.0 ], [ 107.5644386, -6.8672136, 0.0 ], [ 107.5644376, -6.8672152, 0.0 ], [ 107.5642625, -6.8673182, 0.0 ], [ 107.5641957, -6.8673389, 0.0 ], [ 107.5641604, -6.8673499, 0.0 ], [ 107.5641419, -6.8674103, 0.0 ], [ 107.5641152, -6.8674971, 0.0 ], [ 107.5641066, -6.8675161, 0.0 ], [ 107.564058, -6.867623, 0.0 ], [ 107.5639083, -6.8677773, 0.0 ], [ 107.5637661, -6.8678667, 0.0 ], [ 107.5636297, -6.8678883, 0.0 ], [ 107.5634846, -6.8678902, 0.0 ], [ 107.5634655, -6.8678983, 0.0 ], [ 107.563379, -6.8679347, 0.0 ], [ 107.5632938, -6.8680639, 0.0 ], [ 107.5632284, -6.8683235, 0.0 ], [ 107.5631689, -6.8685369, 0.0 ], [ 107.5631472, -6.8685722, 0.0 ], [ 107.5631014, -6.8686468, 0.0 ], [ 107.5630215, -6.8686848, 0.0 ], [ 107.5629706, -6.8686983, 0.0 ], [ 107.5629382, -6.8687069, 0.0 ], [ 107.5628786, -6.868771, 0.0 ], [ 107.5628583, -6.8687928, 0.0 ], [ 107.562855, -6.8688019, 0.0 ], [ 107.5628147, -6.8689114, 0.0 ], [ 107.5628237, -6.868952, 0.0 ], [ 107.5628546, -6.8690913, 0.0 ], [ 107.5629079, -6.8692015, 0.0 ], [ 107.5629612, -6.8693282, 0.0 ], [ 107.5629985, -6.8693576, 0.0 ], [ 107.562999, -6.8694473, 0.0 ], [ 107.5629337, -6.8695373, 0.0 ], [ 107.5628358, -6.8696753, 0.0 ], [ 107.5627171, -6.8698493, 0.0 ], [ 107.5625775, -6.8700413, 0.0 ], [ 107.5624656, -6.8701908, 0.0 ], [ 107.5624136, -6.8703082, 0.0 ], [ 107.5623618, -6.8704663, 0.0 ], [ 107.5623366, -6.8705645, 0.0 ], [ 107.562332, -6.8706051, 0.0 ], [ 107.5623193, -6.8706877, 0.0 ], [ 107.5622707, -6.8707752, 0.0 ], [ 107.5620181, -6.8708565, 0.0 ], [ 107.5619999, -6.8709154, 0.0 ], [ 107.5619806, -6.8709773, 0.0 ], [ 107.5620052, -6.8711061, 0.0 ], [ 107.5621053, -6.8716321, 0.0 ], [ 107.562106, -6.8716661, 0.0 ], [ 107.5621077, -6.8717501, 0.0 ], [ 107.5620817, -6.8719464, 0.0 ], [ 107.562074, -6.8720196, 0.0 ], [ 107.56205, -6.8720338, 0.0 ], [ 107.5620494, -6.8720342, 0.0 ], [ 107.5620443, -6.8720371, 0.0 ], [ 107.5620265, -6.8720471, 0.0 ], [ 107.5618908, -6.872014, 0.0 ], [ 107.5616999, -6.8719675, 0.0 ], [ 107.5616643, -6.8721331, 0.0 ], [ 107.561663, -6.8721394, 0.0 ], [ 107.5616634, -6.8721585, 0.0 ], [ 107.5616667, -6.8723111, 0.0 ], [ 107.5617467, -6.8725637, 0.0 ], [ 107.5617875, -6.872792, 0.0 ], [ 107.5617908, -6.8728106, 0.0 ], [ 107.561811, -6.8729233, 0.0 ], [ 107.5618119, -6.8729287, 0.0 ], [ 107.5618155, -6.8729485, 0.0 ], [ 107.5618197, -6.8729719, 0.0 ], [ 107.5618643, -6.8729697, 0.0 ], [ 107.5620294, -6.872976, 0.0 ], [ 107.5622448, -6.8729868, 0.0 ], [ 107.5624074, -6.8729812, 0.0 ], [ 107.5624172, -6.873017, 0.0 ], [ 107.5624726, -6.8730932, 0.0 ], [ 107.5625351, -6.8731383, 0.0 ], [ 107.5625759, -6.873162, 0.0 ], [ 107.5627166, -6.8732206, 0.0 ], [ 107.5628665, -6.8732946, 0.0 ], [ 107.5631846, -6.8734156, 0.0 ], [ 107.5632771, -6.8734508, 0.0 ], [ 107.563322, -6.8734744, 0.0 ], [ 107.5633232, -6.8734758, 0.0 ], [ 107.5634177, -6.8735837, 0.0 ], [ 107.5635187, -6.873635, 0.0 ], [ 107.5635482, -6.8736499, 0.0 ], [ 107.5634751, -6.8738216, 0.0 ], [ 107.5634404, -6.873903, 0.0 ], [ 107.5636064, -6.8739657, 0.0 ], [ 107.5638423, -6.874055, 0.0 ], [ 107.5639804, -6.8741072, 0.0 ], [ 107.5639752, -6.8741213, 0.0 ], [ 107.5639238, -6.8742605, 0.0 ], [ 107.5638402, -6.8744604, 0.0 ], [ 107.563942, -6.8744957, 0.0 ], [ 107.5641099, -6.8745606, 0.0 ], [ 107.5642777, -6.8746314, 0.0 ], [ 107.5642946, -6.8746408, 0.0 ], [ 107.5644157, -6.8747084, 0.0 ], [ 107.5646197, -6.8748208, 0.0 ], [ 107.5647663, -6.8749282, 0.0 ], [ 107.5647568, -6.8749594, 0.0 ], [ 107.5646854, -6.8751947, 0.0 ], [ 107.5645974, -6.8755707, 0.0 ], [ 107.5649519, -6.875742, 0.0 ], [ 107.5649876, -6.8757825, 0.0 ], [ 107.5650304, -6.8758515, 0.0 ], [ 107.5650393, -6.8758536, 0.0 ], [ 107.565147, -6.87588, 0.0 ], [ 107.5654516, -6.8759371, 0.0 ], [ 107.5655242, -6.8759465, 0.0 ], [ 107.5655578, -6.8759508, 0.0 ], [ 107.5656182, -6.8759585, 0.0 ], [ 107.565922, -6.8760682, 0.0 ], [ 107.5660203, -6.8761037, 0.0 ], [ 107.5664867, -6.8763036, 0.0 ], [ 107.5666056, -6.876344, 0.0 ], [ 107.5666889, -6.8763511, 0.0 ], [ 107.5667246, -6.8763535, 0.0 ], [ 107.566777, -6.8763654, 0.0 ], [ 107.5668399, -6.8763911, 0.0 ], [ 107.5668481, -6.8763945, 0.0 ], [ 107.5668936, -6.876413, 0.0 ], [ 107.5670054, -6.8764725, 0.0 ], [ 107.5670982, -6.8765011, 0.0 ], [ 107.5671529, -6.8765558, 0.0 ], [ 107.5672291, -6.8766462, 0.0 ], [ 107.5673385, -6.8766986, 0.0 ], [ 107.5673371, -6.8767705, 0.0 ], [ 107.5673361, -6.8768175, 0.0 ], [ 107.5673568, -6.8768208, 0.0 ], [ 107.5674236, -6.8768316, 0.0 ], [ 107.5676145, -6.876877, 0.0 ], [ 107.5677097, -6.8769056, 0.0 ], [ 107.5678239, -6.876927, 0.0 ], [ 107.5682951, -6.8770602, 0.0 ], [ 107.568959, -6.8771723, 0.0 ], [ 107.5690751, -6.8772398, 0.0 ], [ 107.5691184, -6.8772649, 0.0 ], [ 107.5693373, -6.8773458, 0.0 ], [ 107.5693277, -6.877429, 0.0 ], [ 107.5695014, -6.8774457, 0.0 ], [ 107.5695609, -6.8774409, 0.0 ], [ 107.5698988, -6.8774743, 0.0 ], [ 107.569994, -6.8774838, 0.0 ], [ 107.5702129, -6.8775052, 0.0 ], [ 107.5701796, -6.877786, 0.0 ], [ 107.5704794, -6.8778145, 0.0 ], [ 107.5704316, -6.8782622, 0.0 ], [ 107.5704181, -6.8783881, 0.0 ], [ 107.5704033, -6.8784665, 0.0 ], [ 107.5703866, -6.8785165, 0.0 ], [ 107.5703295, -6.8785997, 0.0 ], [ 107.57027, -6.8786711, 0.0 ], [ 107.5701844, -6.8787592, 0.0 ], [ 107.5701201, -6.878821, 0.0 ], [ 107.5700344, -6.8788996, 0.0 ], [ 107.569975, -6.8789424, 0.0 ], [ 107.5699202, -6.8789733, 0.0 ], [ 107.5698441, -6.8790114, 0.0 ], [ 107.5696823, -6.8790685, 0.0 ], [ 107.56958, -6.8791089, 0.0 ], [ 107.5694777, -6.8791494, 0.0 ], [ 107.5695252, -6.8792565, 0.0 ], [ 107.5695319, -6.8792688, 0.0 ], [ 107.5695538, -6.8793088, 0.0 ], [ 107.569636, -6.8793982, 0.0 ], [ 107.56966, -6.8794242, 0.0 ], [ 107.5696037, -6.879501, 0.0 ], [ 107.5694871, -6.8796295, 0.0 ], [ 107.5694857, -6.8796302, 0.0 ], [ 107.5694737, -6.8796368, 0.0 ], [ 107.5695045, -6.8796413, 0.0 ], [ 107.5695232, -6.879644, 0.0 ], [ 107.5696856, -6.879754, 0.0 ], [ 107.5697234, -6.8797985, 0.0 ], [ 107.5698067, -6.8798968, 0.0 ], [ 107.5698821, -6.8800379, 0.0 ], [ 107.5699699, -6.8802022, 0.0 ], [ 107.5699776, -6.8802165, 0.0 ], [ 107.5699978, -6.8802544, 0.0 ], [ 107.5701836, -6.8804089, 0.0 ], [ 107.5701838, -6.8804334, 0.0 ], [ 107.570156, -6.8805467, 0.0 ], [ 107.56999, -6.8809776, 0.0 ], [ 107.5698993, -6.881213, 0.0 ], [ 107.5698945, -6.8812255, 0.0 ], [ 107.5697607, -6.8815215, 0.0 ], [ 107.5697621, -6.8815564, 0.0 ], [ 107.5697645, -6.8816168, 0.0 ], [ 107.5698554, -6.8817177, 0.0 ], [ 107.5698955, -6.8817622, 0.0 ], [ 107.5699047, -6.8817724, 0.0 ], [ 107.5699569, -6.8818588, 0.0 ], [ 107.5700217, -6.8819664, 0.0 ], [ 107.5700856, -6.8820623, 0.0 ], [ 107.5701651, -6.8821818, 0.0 ], [ 107.5703698, -6.8824895, 0.0 ], [ 107.5704046, -6.8825467, 0.0 ], [ 107.5704368, -6.8825996, 0.0 ], [ 107.5704442, -6.8826161, 0.0 ], [ 107.5704713, -6.8826763, 0.0 ], [ 107.570516, -6.882776, 0.0 ], [ 107.5705243, -6.8827546, 0.0 ], [ 107.5705459, -6.8826992, 0.0 ], [ 107.570665, -6.8823932, 0.0 ], [ 107.570708, -6.8824002, 0.0 ], [ 107.5707929, -6.882414, 0.0 ], [ 107.571037, -6.8823276, 0.0 ], [ 107.5714996, -6.8821638, 0.0 ], [ 107.571573, -6.8821378, 0.0 ], [ 107.5715673, -6.8820795, 0.0 ], [ 107.5715461, -6.8818632, 0.0 ], [ 107.5715461, -6.881863, 0.0 ], [ 107.571563, -6.8815815, 0.0 ], [ 107.571613, -6.8814118, 0.0 ], [ 107.5717145, -6.8812201, 0.0 ], [ 107.5717176, -6.8809929, 0.0 ], [ 107.5717255, -6.8808666, 0.0 ], [ 107.5717303, -6.8807881, 0.0 ], [ 107.5717481, -6.880731, 0.0 ], [ 107.5717964, -6.8805755, 0.0 ], [ 107.5718971, -6.8804319, 0.0 ], [ 107.5719819, -6.8803312, 0.0 ], [ 107.571991, -6.8801904, 0.0 ], [ 107.5719963, -6.880108, 0.0 ], [ 107.5720108, -6.8799934, 0.0 ], [ 107.5720258, -6.8798745, 0.0 ], [ 107.5720533, -6.8797627, 0.0 ], [ 107.5720538, -6.8797599, 0.0 ], [ 107.57207, -6.8796606, 0.0 ], [ 107.5720904, -6.8795495, 0.0 ], [ 107.5721935, -6.8789884, 0.0 ], [ 107.5722119, -6.8788879, 0.0 ], [ 107.5722633, -6.8788062, 0.0 ], [ 107.5723256, -6.8787069, 0.0 ], [ 107.5726323, -6.878374, 0.0 ], [ 107.5727773, -6.8783256, 0.0 ], [ 107.5729347, -6.8782519, 0.0 ], [ 107.5729347, -6.8782511, 0.0 ], [ 107.5729388, -6.8781617, 0.0 ], [ 107.5728957, -6.8777544, 0.0 ], [ 107.5728872, -6.8776747, 0.0 ], [ 107.5728826, -6.8776309, 0.0 ], [ 107.5728799, -6.8776056, 0.0 ], [ 107.5728786, -6.8775932, 0.0 ], [ 107.5729053, -6.8775284, 0.0 ], [ 107.572948, -6.8774248, 0.0 ], [ 107.5730984, -6.8772618, 0.0 ], [ 107.5732117, -6.8772352, 0.0 ], [ 107.5733462, -6.8772692, 0.0 ], [ 107.5737009, -6.877368, 0.0 ], [ 107.5738166, -6.877331, 0.0 ], [ 107.5738436, -6.8773081, 0.0 ], [ 107.5738648, -6.8772902, 0.0 ], [ 107.5739288, -6.8772358, 0.0 ], [ 107.5739869, -6.8771186, 0.0 ], [ 107.5740031, -6.8770299, 0.0 ], [ 107.5740258, -6.8769063, 0.0 ], [ 107.5740261, -6.8769047, 0.0 ], [ 107.5739984, -6.8766895, 0.0 ], [ 107.5739941, -6.8766563, 0.0 ], [ 107.5739671, -6.876602, 0.0 ], [ 107.5738394, -6.8763444, 0.0 ], [ 107.5737768, -6.8762404, 0.0 ], [ 107.5737719, -6.8762322, 0.0 ], [ 107.5737486, -6.8761155, 0.0 ], [ 107.5737569, -6.8760833, 0.0 ], [ 107.5737698, -6.8760627, 0.0 ], [ 107.5737755, -6.8760536, 0.0 ], [ 107.5738181, -6.8759909, 0.0 ], [ 107.5738329, -6.8759174, 0.0 ], [ 107.5738431, -6.8758663, 0.0 ], [ 107.5738444, -6.87586, 0.0 ], [ 107.5738449, -6.8758575, 0.0 ], [ 107.5738201, -6.8758175, 0.0 ], [ 107.5737925, -6.8757728, 0.0 ], [ 107.5737463, -6.8756989, 0.0 ], [ 107.5737284, -6.8756702, 0.0 ], [ 107.573728, -6.8756695, 0.0 ], [ 107.5737499, -6.8756285, 0.0 ], [ 107.5737783, -6.8755752, 0.0 ], [ 107.5738147, -6.8755138, 0.0 ], [ 107.5738794, -6.8754046, 0.0 ], [ 107.5739201, -6.8752389, 0.0 ], [ 107.5739359, -6.8751744, 0.0 ], [ 107.5739905, -6.8750003, 0.0 ], [ 107.5740252, -6.8748895, 0.0 ], [ 107.574033, -6.8748649, 0.0 ], [ 107.5740419, -6.8748576, 0.0 ], [ 107.5741192, -6.8747937, 0.0 ], [ 107.574201, -6.8747233, 0.0 ], [ 107.5742139, -6.8746756, 0.0 ], [ 107.5742299, -6.874616, 0.0 ], [ 107.5742559, -6.8743945, 0.0 ], [ 107.5742559, -6.8743945, 0.0 ], [ 107.5743388, -6.8743058, 0.0 ], [ 107.5743403, -6.8743042, 0.0 ], [ 107.57435, -6.8743004, 0.0 ], [ 107.5744684, -6.8742535, 0.0 ], [ 107.5745469, -6.8742029, 0.0 ], [ 107.5745531, -6.8741876, 0.0 ], [ 107.5745794, -6.8741226, 0.0 ], [ 107.5745914, -6.8740948, 0.0 ], [ 107.5746365, -6.8739909, 0.0 ], [ 107.5746563, -6.8739451, 0.0 ], [ 107.5747519, -6.8738374, 0.0 ], [ 107.5748518, -6.8737084, 0.0 ], [ 107.5750064, -6.8735087, 0.0 ], [ 107.5750585, -6.8733225, 0.0 ], [ 107.5750586, -6.8733224, 0.0 ], [ 107.5751584, -6.8730424, 0.0 ], [ 107.575255, -6.8727774, 0.0 ], [ 107.5752552, -6.8727769, 0.0 ], [ 107.5752582, -6.8725593, 0.0 ], [ 107.5752444, -6.8723401, 0.0 ], [ 107.5753002, -6.8721687, 0.0 ], [ 107.5753471, -6.8721035, 0.0 ], [ 107.575382, -6.8720548, 0.0 ], [ 107.5753897, -6.872044, 0.0 ], [ 107.5753978, -6.8720327, 0.0 ], [ 107.5754001, -6.8720257, 0.0 ], [ 107.5754027, -6.8720181, 0.0 ], [ 107.5754033, -6.8720164, 0.0 ], [ 107.5753994, -6.8719924, 0.0 ], [ 107.5753464, -6.8718855, 0.0 ], [ 107.5753406, -6.8718778, 0.0 ], [ 107.5752305, -6.8717322, 0.0 ], [ 107.5750414, -6.8716018, 0.0 ], [ 107.5749768, -6.8715473, 0.0 ], [ 107.5749264, -6.8715047, 0.0 ], [ 107.5749254, -6.8715002, 0.0 ], [ 107.5749097, -6.8714298, 0.0 ], [ 107.5749102, -6.871428, 0.0 ], [ 107.5749547, -6.8712851, 0.0 ], [ 107.5750331, -6.8712022, 0.0 ], [ 107.5751759, -6.8711281, 0.0 ], [ 107.5753235, -6.8710309, 0.0 ], [ 107.575358, -6.8709487, 0.0 ], [ 107.5753572, -6.8709469, 0.0 ], [ 107.5753278, -6.8708839, 0.0 ], [ 107.5752679, -6.8707752, 0.0 ], [ 107.5752684, -6.8707747, 0.0 ], [ 107.5752931, -6.8707474, 0.0 ], [ 107.5753024, -6.8707372, 0.0 ], [ 107.5753943, -6.8707241, 0.0 ], [ 107.5755058, -6.8707511, 0.0 ], [ 107.5757906, -6.8708311, 0.0 ], [ 107.5758667, -6.8707696, 0.0 ], [ 107.5759098, -6.8706688, 0.0 ], [ 107.5760223, -6.870382, 0.0 ], [ 107.576023, -6.870381, 0.0 ], [ 107.5760921, -6.8702807, 0.0 ], [ 107.5760922, -6.8702805, 0.0 ], [ 107.5760961, -6.8702303, 0.0 ], [ 107.5761016, -6.8701572, 0.0 ], [ 107.5760652, -6.8700669, 0.0 ], [ 107.5759587, -6.8699568, 0.0 ], [ 107.5759587, -6.8699568, 0.0 ], [ 107.5757626, -6.8698481, 0.0 ], [ 107.575611, -6.8696866, 0.0 ], [ 107.5756102, -6.8696857, 0.0 ], [ 107.5756374, -6.8696515, 0.0 ], [ 107.575658, -6.8696256, 0.0 ], [ 107.5758687, -6.8694982, 0.0 ], [ 107.5759631, -6.8694412, 0.0 ], [ 107.5760725, -6.8693668, 0.0 ], [ 107.5761864, -6.8692298, 0.0 ], [ 107.5763016, -6.8690913, 0.0 ], [ 107.5763782, -6.8690419, 0.0 ], [ 107.5763926, -6.8690327, 0.0 ], [ 107.5765235, -6.8689483, 0.0 ], [ 107.5765395, -6.868938, 0.0 ], [ 107.5765706, -6.868902, 0.0 ], [ 107.5766553, -6.8688058, 0.0 ], [ 107.5767098, -6.8686968, 0.0 ], [ 107.5767699, -6.8685767, 0.0 ], [ 107.5767749, -6.8683888, 0.0 ], [ 107.576775, -6.8683867, 0.0 ], [ 107.5767393, -6.8682994, 0.0 ], [ 107.5767141, -6.8682378, 0.0 ], [ 107.5766276, -6.8681582, 0.0 ], [ 107.5766036, -6.8681362, 0.0 ], [ 107.5764607, -6.8680099, 0.0 ], [ 107.5763231, -6.8679015, 0.0 ], [ 107.5761933, -6.8678626, 0.0 ], [ 107.5761541, -6.8678508, 0.0 ], [ 107.5757206, -6.8677744, 0.0 ], [ 107.5757048, -6.867757, 0.0 ], [ 107.5756975, -6.867735, 0.0 ], [ 107.5756905, -6.8677139, 0.0 ], [ 107.5756902, -6.8677133, 0.0 ], [ 107.5757178, -6.8675351, 0.0 ], [ 107.5757433, -6.8675009, 0.0 ], [ 107.5757959, -6.8674308, 0.0 ], [ 107.5758903, -6.8673736, 0.0 ], [ 107.5759194, -6.8673661, 0.0 ], [ 107.5760857, -6.8673233, 0.0 ], [ 107.5763145, -6.867348, 0.0 ], [ 107.5764521, -6.8673612, 0.0 ], [ 107.5765679, -6.8673724, 0.0 ], [ 107.5767172, -6.8673348, 0.0 ], [ 107.5768475, -6.8672501, 0.0 ], [ 107.5768621, -6.8672406, 0.0 ], [ 107.5768626, -6.8672403, 0.0 ], [ 107.576896, -6.8671329, 0.0 ], [ 107.5768959, -6.8671324, 0.0 ], [ 107.5768451, -6.866848, 0.0 ], [ 107.5768406, -6.8668034, 0.0 ], [ 107.5768399, -6.8667967, 0.0 ], [ 107.5767793, -6.8666354, 0.0 ], [ 107.5767576, -6.8665777, 0.0 ], [ 107.5767561, -6.8665761, 0.0 ], [ 107.5766895, -6.8665039, 0.0 ], [ 107.5766077, -6.8664153, 0.0 ], [ 107.5765949, -6.8664007, 0.0 ], [ 107.5765854, -6.8663899, 0.0 ], [ 107.5764685, -6.8662571, 0.0 ], [ 107.5764292, -6.8661525, 0.0 ], [ 107.5764247, -6.8661404, 0.0 ], [ 107.5764373, -6.8661116, 0.0 ], [ 107.5764625, -6.866054, 0.0 ], [ 107.5766087, -6.8657987, 0.0 ], [ 107.5767065, -6.8655644, 0.0 ], [ 107.576843, -6.8654544, 0.0 ], [ 107.5770216, -6.8654064, 0.0 ], [ 107.5775063, -6.8653525, 0.0 ], [ 107.5777437, -6.8653219, 0.0 ], [ 107.5777821, -6.8652418, 0.0 ], [ 107.5778063, -6.8650869, 0.0 ], [ 107.5778079, -6.8650761, 0.0 ], [ 107.5778088, -6.8650705, 0.0 ], [ 107.5778199, -6.8649992, 0.0 ], [ 107.5778527, -6.8648106, 0.0 ], [ 107.5778649, -6.8647402, 0.0 ], [ 107.5778986, -6.8646914, 0.0 ], [ 107.5779448, -6.8646245, 0.0 ], [ 107.577991, -6.8646023, 0.0 ], [ 107.578065, -6.8645667, 0.0 ], [ 107.5781837, -6.8644944, 0.0 ], [ 107.5782836, -6.8644336, 0.0 ], [ 107.5783788, -6.8643911, 0.0 ], [ 107.5784122, -6.8643763, 0.0 ], [ 107.5786047, -6.864338, 0.0 ], [ 107.5788269, -6.8642938, 0.0 ], [ 107.5790025, -6.8642589, 0.0 ], [ 107.5790428, -6.8642509, 0.0 ], [ 107.5792503, -6.8641498, 0.0 ], [ 107.5793666, -6.8640476, 0.0 ], [ 107.5793668, -6.8640472, 0.0 ], [ 107.5793956, -6.8639795, 0.0 ], [ 107.5794173, -6.8639286, 0.0 ], [ 107.5794232, -6.8639063, 0.0 ], [ 107.5794635, -6.8637549, 0.0 ], [ 107.5794783, -6.8636995, 0.0 ], [ 107.5796288, -6.8634929, 0.0 ], [ 107.5796589, -6.8634822, 0.0 ], [ 107.5797234, -6.8634595, 0.0 ], [ 107.579748, -6.863457, 0.0 ], [ 107.579756, -6.8634562, 0.0 ], [ 107.579948, -6.8634367, 0.0 ], [ 107.5799945, -6.8634192, 0.0 ], [ 107.5800845, -6.8633852, 0.0 ], [ 107.5802494, -6.863287, 0.0 ], [ 107.5802894, -6.8632632, 0.0 ], [ 107.5806187, -6.8629519, 0.0 ], [ 107.5806457, -6.8629032, 0.0 ], [ 107.5806697, -6.8628599, 0.0 ], [ 107.5807139, -6.8627392, 0.0 ], [ 107.5807618, -6.8626083, 0.0 ], [ 107.5808051, -6.862383, 0.0 ], [ 107.5808316, -6.8621741, 0.0 ], [ 107.5808957, -6.8620976, 0.0 ], [ 107.5809046, -6.8620869, 0.0 ], [ 107.5810265, -6.8620226, 0.0 ], [ 107.5810567, -6.8620111, 0.0 ], [ 107.5813012, -6.8619172, 0.0 ], [ 107.5813329, -6.861852, 0.0 ], [ 107.5813549, -6.8618066, 0.0 ], [ 107.5814592, -6.861551, 0.0 ], [ 107.5814658, -6.8615347, 0.0 ], [ 107.5814674, -6.8615307, 0.0 ], [ 107.5814879, -6.86151, 0.0 ], [ 107.5815622, -6.8614349, 0.0 ], [ 107.5816999, -6.861315, 0.0 ], [ 107.5817536, -6.8612667, 0.0 ], [ 107.5818437, -6.8611859, 0.0 ], [ 107.581844, -6.8611856, 0.0 ], [ 107.581844, -6.8611856, 0.0 ], [ 107.5820195, -6.8610279, 0.0 ], [ 107.5821123, -6.8609855, 0.0 ], [ 107.5821469, -6.8609697, 0.0 ], [ 107.5822042, -6.8609573, 0.0 ], [ 107.5823436, -6.8609271, 0.0 ], [ 107.5826052, -6.8608206, 0.0 ], [ 107.5826099, -6.8608142, 0.0 ], [ 107.5827451, -6.8606336, 0.0 ], [ 107.5828222, -6.8605591, 0.0 ], [ 107.5828443, -6.8605376, 0.0 ], [ 107.5829498, -6.8604989, 0.0 ], [ 107.5830447, -6.8604641, 0.0 ], [ 107.5831239, -6.8604432, 0.0 ], [ 107.5832655, -6.8603987, 0.0 ], [ 107.5832823, -6.8603935, 0.0 ], [ 107.5833029, -6.8603802, 0.0 ], [ 107.583468, -6.8602741, 0.0 ], [ 107.5836441, -6.8601134, 0.0 ], [ 107.5836597, -6.8600846, 0.0 ], [ 107.5837337, -6.8599483, 0.0 ], [ 107.5838176, -6.8597799, 0.0 ], [ 107.5838562, -6.8597022, 0.0 ], [ 107.5839401, -6.8596209, 0.0 ], [ 107.5839402, -6.8596207, 0.0 ], [ 107.5839465, -6.8596146, 0.0 ], [ 107.5839601, -6.8596065, 0.0 ], [ 107.5840459, -6.8595851, 0.0 ], [ 107.5840692, -6.8595862, 0.0 ], [ 107.5841422, -6.8595897, 0.0 ], [ 107.5842073, -6.8596067, 0.0 ], [ 107.5842524, -6.8596185, 0.0 ], [ 107.584255, -6.8596192, 0.0 ], [ 107.5843645, -6.8596478, 0.0 ], [ 107.5843887, -6.8596548, 0.0 ], [ 107.5844376, -6.8596689, 0.0 ], [ 107.5845644, -6.8597061, 0.0 ], [ 107.5846692, -6.8597367, 0.0 ], [ 107.5847688, -6.8597523, 0.0 ], [ 107.5849088, -6.8597742, 0.0 ], [ 107.5850396, -6.8597661, 0.0 ], [ 107.5851182, -6.8597613, 0.0 ], [ 107.5853373, -6.8597344, 0.0 ], [ 107.5854233, -6.8597239, 0.0 ], [ 107.5854609, -6.8597164, 0.0 ], [ 107.5854967, -6.8597093, 0.0 ], [ 107.5855655, -6.8596747, 0.0 ], [ 107.5856643, -6.859625, 0.0 ], [ 107.5856905, -6.8596114, 0.0 ], [ 107.5857027, -6.8596052, 0.0 ], [ 107.5857925, -6.8595677, 0.0 ], [ 107.5859186, -6.8595565, 0.0 ], [ 107.5859954, -6.8595938, 0.0 ], [ 107.5860279, -6.8596096, 0.0 ], [ 107.5860286, -6.85961, 0.0 ], [ 107.5860337, -6.8596124, 0.0 ], [ 107.5860824, -6.8596272, 0.0 ], [ 107.5861089, -6.8596352, 0.0 ], [ 107.5861578, -6.85965, 0.0 ], [ 107.5863068, -6.859685, 0.0 ], [ 107.5863471, -6.85968, 0.0 ], [ 107.5863867, -6.8596751, 0.0 ], [ 107.5864435, -6.8596074, 0.0 ], [ 107.5864709, -6.8595748, 0.0 ], [ 107.5864719, -6.8595741, 0.0 ], [ 107.5865734, -6.8594857, 0.0 ], [ 107.5865914, -6.85947, 0.0 ], [ 107.5866228, -6.8594427, 0.0 ], [ 107.5867692, -6.8593248, 0.0 ], [ 107.5869189, -6.8592631, 0.0 ], [ 107.5870984, -6.8591892, 0.0 ], [ 107.5871352, -6.859161, 0.0 ], [ 107.5872109, -6.8591029, 0.0 ], [ 107.5874651, -6.8586124, 0.0 ], [ 107.5874715, -6.8585999, 0.0 ], [ 107.5875574, -6.8584725, 0.0 ], [ 107.5876394, -6.858417, 0.0 ], [ 107.5878156, -6.8582976, 0.0 ], [ 107.5879485, -6.8582421, 0.0 ], [ 107.5879801, -6.8582416, 0.0 ], [ 107.5879947, -6.8582418, 0.0 ], [ 107.5880728, -6.8582305, 0.0 ], [ 107.5881363, -6.8582113, 0.0 ], [ 107.5882119, -6.8581688, 0.0 ], [ 107.5883067, -6.8580855, 0.0 ], [ 107.5883349, -6.8580388, 0.0 ], [ 107.5883584, -6.8579998, 0.0 ], [ 107.5884046, -6.8577759, 0.0 ], [ 107.5884313, -6.8576463, 0.0 ], [ 107.588437, -6.8576167, 0.0 ], [ 107.5884755, -6.8575234, 0.0 ], [ 107.5885666, -6.8574355, 0.0 ], [ 107.588611, -6.857405, 0.0 ], [ 107.5886179, -6.8574002, 0.0 ], [ 107.5888282, -6.8573294, 0.0 ], [ 107.5889764, -6.857327, 0.0 ], [ 107.5890214, -6.8573114, 0.0 ], [ 107.5890957, -6.8572856, 0.0 ], [ 107.5891334, -6.8572553, 0.0 ], [ 107.589157, -6.8572363, 0.0 ], [ 107.5891663, -6.8572231, 0.0 ], [ 107.5891796, -6.8572041, 0.0 ], [ 107.5892487, -6.8570307, 0.0 ], [ 107.5892678, -6.8569215, 0.0 ], [ 107.5892702, -6.8569073, 0.0 ], [ 107.5892732, -6.8568007, 0.0 ], [ 107.5892777, -6.8566353, 0.0 ], [ 107.5892778, -6.8566325, 0.0 ], [ 107.589237, -6.8563989, 0.0 ], [ 107.5892173, -6.8563291, 0.0 ], [ 107.5891982, -6.8562618, 0.0 ], [ 107.5891986, -6.8562603, 0.0 ], [ 107.5892442, -6.8560951, 0.0 ], [ 107.5892631, -6.8560618, 0.0 ], [ 107.5894705, -6.8558599, 0.0 ], [ 107.5895771, -6.8557607, 0.0 ], [ 107.5896128, -6.8557053, 0.0 ], [ 107.5896433, -6.8556346, 0.0 ], [ 107.5896552, -6.8555368, 0.0 ], [ 107.5896549, -6.8555331, 0.0 ], [ 107.5896468, -6.8554344, 0.0 ], [ 107.5896053, -6.8552724, 0.0 ], [ 107.5895867, -6.8551995, 0.0 ], [ 107.5895824, -6.8551893, 0.0 ], [ 107.5895297, -6.8550634, 0.0 ], [ 107.5894366, -6.8549746, 0.0 ], [ 107.5894225, -6.854964, 0.0 ], [ 107.589408, -6.8549531, 0.0 ], [ 107.5892877, -6.8549113, 0.0 ], [ 107.589287, -6.854911, 0.0 ], [ 107.5892868, -6.8549109, 0.0 ], [ 107.5892809, -6.8549109, 0.0 ], [ 107.5889775, -6.8549063, 0.0 ], [ 107.5888776, -6.8548954, 0.0 ], [ 107.5888731, -6.8548949, 0.0 ], [ 107.5888143, -6.8548487, 0.0 ], [ 107.5888077, -6.8548322, 0.0 ], [ 107.5887975, -6.8548068, 0.0 ], [ 107.5887919, -6.8547755, 0.0 ], [ 107.5887857, -6.8547406, 0.0 ], [ 107.5887854, -6.8547388, 0.0 ], [ 107.588832, -6.8546384, 0.0 ], [ 107.5889207, -6.854531, 0.0 ], [ 107.5889276, -6.8545228, 0.0 ], [ 107.5890099, -6.8544019, 0.0 ], [ 107.5890358, -6.8543064, 0.0 ], [ 107.5890358, -6.8543064, 0.0 ], [ 107.5890222, -6.8542615, 0.0 ], [ 107.5889759, -6.8541901, 0.0 ], [ 107.5889181, -6.8541012, 0.0 ], [ 107.5888192, -6.8539326, 0.0 ], [ 107.5887782, -6.8538512, 0.0 ], [ 107.5887526, -6.8537097, 0.0 ], [ 107.5887481, -6.853685, 0.0 ], [ 107.5887743, -6.8535782, 0.0 ], [ 107.588781, -6.8535676, 0.0 ], [ 107.5887893, -6.8535544, 0.0 ], [ 107.5888111, -6.853547, 0.0 ], [ 107.5889709, -6.8534926, 0.0 ], [ 107.5891037, -6.8534644, 0.0 ], [ 107.5891804, -6.8534617, 0.0 ], [ 107.5892832, -6.8534581, 0.0 ], [ 107.5894132, -6.8534554, 0.0 ], [ 107.5894846, -6.8534538, 0.0 ], [ 107.5895812, -6.8534626, 0.0 ], [ 107.5896067, -6.8534649, 0.0 ], [ 107.5898134, -6.8534836, 0.0 ], [ 107.5898735, -6.85348, 0.0 ], [ 107.5899188, -6.8534773, 0.0 ], [ 107.5900224, -6.8534581, 0.0 ], [ 107.5900513, -6.8534527, 0.0 ], [ 107.5900795, -6.8534379, 0.0 ], [ 107.590144, -6.8534041, 0.0 ], [ 107.5903037, -6.8532941, 0.0 ], [ 107.5903274, -6.8532723, 0.0 ], [ 107.590375, -6.8532284, 0.0 ], [ 107.5903901, -6.8532082, 0.0 ], [ 107.5903913, -6.8531774, 0.0 ], [ 107.5903919, -6.8531608, 0.0 ], [ 107.5903924, -6.8530526, 0.0 ], [ 107.5903831, -6.8529749, 0.0 ], [ 107.5903725, -6.8529083, 0.0 ], [ 107.5903753, -6.852862, 0.0 ], [ 107.5903783, -6.8528124, 0.0 ], [ 107.590383, -6.8527105, 0.0 ], [ 107.590383, -6.8527098, 0.0 ], [ 107.5903827, -6.8526992, 0.0 ], [ 107.5903812, -6.8526429, 0.0 ], [ 107.5903793, -6.8525726, 0.0 ], [ 107.5903725, -6.8525536, 0.0 ], [ 107.5903551, -6.852505, 0.0 ], [ 107.5903454, -6.852474, 0.0 ], [ 107.5903389, -6.8524532, 0.0 ], [ 107.5903254, -6.8524209, 0.0 ], [ 107.5902294, -6.8521922, 0.0 ], [ 107.5902185, -6.8521661, 0.0 ], [ 107.5902097, -6.8521578, 0.0 ], [ 107.5901958, -6.8521447, 0.0 ], [ 107.5901455, -6.8520793, 0.0 ], [ 107.5901186, -6.8520258, 0.0 ], [ 107.5900035, -6.8519461, 0.0 ], [ 107.5899916, -6.8519172, 0.0 ], [ 107.589991, -6.8519159, 0.0 ], [ 107.5899908, -6.8519155, 0.0 ], [ 107.58996, -6.8517268, 0.0 ], [ 107.5899558, -6.8516821, 0.0 ], [ 107.5899538, -6.8516605, 0.0 ], [ 107.5899352, -6.8515452, 0.0 ], [ 107.5899038, -6.8514614, 0.0 ], [ 107.5898652, -6.8513885, 0.0 ], [ 107.5897932, -6.8512526, 0.0 ], [ 107.5897703, -6.8512042, 0.0 ], [ 107.5897445, -6.8511293, 0.0 ], [ 107.5897158, -6.851046, 0.0 ], [ 107.5897156, -6.8510453, 0.0 ], [ 107.5897153, -6.8510432, 0.0 ], [ 107.5897069, -6.8509813, 0.0 ], [ 107.5897042, -6.850961, 0.0 ], [ 107.5896845, -6.8509155, 0.0 ], [ 107.5896701, -6.8508853, 0.0 ], [ 107.5896496, -6.8508425, 0.0 ], [ 107.5896516, -6.8507893, 0.0 ], [ 107.589652, -6.8507792, 0.0 ] ] ] ] } },
{ "type": "Feature", "properties": { "kd_propinsi": "32", "kd_dati2": "17", "kd_kecamatan": "003", "nama_kecamatan": "Cisarua", "id_kecamatan": 3 }, "geometry": { "type": "MultiPolygon", "coordinates": [ [ [ [ 107.56943, -6.81506, 0.0 ], [ 107.5696513, -6.8151121, 0.0 ], [ 107.56977, -6.81514, 0.0 ], [ 107.57006, -6.81519, 0.0 ], [ 107.57047, -6.81524, 0.0 ], [ 107.57056, -6.81521, 0.0 ], [ 107.5706464, -6.8151755, 0.0 ], [ 107.572553, -6.8153118, 0.0 ], [ 107.5727559, -6.8149525, 0.0 ], [ 107.5723411, -6.8139824, 0.0 ], [ 107.5727967, -6.8130076, 0.0 ], [ 107.5729887, -6.8106012, 0.0 ], [ 107.5734451, -6.8097799, 0.0 ], [ 107.5725701, -6.8089145, 0.0 ], [ 107.5730629, -6.8084167, 0.0 ], [ 107.573334, -6.8081428, 0.0 ], [ 107.5736503, -6.807663, 0.0 ], [ 107.5742482, -6.8067561, 0.0 ], [ 107.5739359, -6.8057854, 0.0 ], [ 107.5743757, -6.8050166, 0.0 ], [ 107.5744939, -6.8048101, 0.0 ], [ 107.5742592, -6.8037007, 0.0 ], [ 107.57426, -6.80369, 0.0 ], [ 107.57439, -6.80336, 0.0 ], [ 107.57441, -6.80324, 0.0 ], [ 107.57437, -6.80309, 0.0 ], [ 107.57425, -6.80275, 0.0 ], [ 107.5741941, -6.8025951, 0.0 ], [ 107.57412, -6.80239, 0.0 ], [ 107.57412, -6.80206, 0.0 ], [ 107.5740731, -6.8019004, 0.0 ], [ 107.5740722, -6.8018812, 0.0 ], [ 107.574105, -6.8017501, 0.0 ], [ 107.574133, -6.8017175, 0.0 ], [ 107.57435, -6.8016, 0.0 ], [ 107.5744394, -6.8013615, 0.0 ], [ 107.5744651, -6.8013317, 0.0 ], [ 107.5746322, -6.8011376, 0.0 ], [ 107.57485, -6.80097, 0.0 ], [ 107.57511, -6.80085, 0.0 ], [ 107.57529, -6.80062, 0.0 ], [ 107.5753754, -6.8004492, 0.0 ], [ 107.5770683, -6.7995068, 0.0 ], [ 107.5772, -6.7995, 0.0 ], [ 107.57759, -6.79932, 0.0 ], [ 107.57779, -6.79929, 0.0 ], [ 107.57793, -6.79925, 0.0 ], [ 107.57799, -6.79915, 0.0 ], [ 107.57814, -6.79877, 0.0 ], [ 107.5781735, -6.798657, 0.0 ], [ 107.5782495, -6.7985976, 0.0 ], [ 107.5783558, -6.7980514, 0.0 ], [ 107.5784, -6.79791, 0.0 ], [ 107.5783967, -6.7978411, 0.0 ], [ 107.5784489, -6.797573, 0.0 ], [ 107.5776782, -6.7970653, 0.0 ], [ 107.5774147, -6.7967646, 0.0 ], [ 107.57734, -6.79655, 0.0 ], [ 107.57711, -6.79634, 0.0 ], [ 107.57708, -6.79626, 0.0 ], [ 107.57715, -6.79619, 0.0 ], [ 107.57734, -6.79609, 0.0 ], [ 107.57753, -6.79599, 0.0 ], [ 107.57765, -6.79574, 0.0 ], [ 107.5776, -6.79568, 0.0 ], [ 107.57736, -6.79561, 0.0 ], [ 107.5773, -6.79555, 0.0 ], [ 107.5773, -6.7953, 0.0 ], [ 107.5772873, -6.7951607, 0.0 ], [ 107.5773092, -6.7950714, 0.0 ], [ 107.5773083, -6.7949136, 0.0 ], [ 107.5773056, -6.7944061, 0.0 ], [ 107.5775802, -6.794007, 0.0 ], [ 107.57787, -6.79375, 0.0 ], [ 107.5780053, -6.7933892, 0.0 ], [ 107.5781185, -6.7932247, 0.0 ], [ 107.5781384, -6.793164, 0.0 ], [ 107.57816, -6.79313, 0.0 ], [ 107.5781654, -6.7930816, 0.0 ], [ 107.5782696, -6.7927633, 0.0 ], [ 107.5786173, -6.7926564, 0.0 ], [ 107.57883, -6.79275, 0.0 ], [ 107.57909, -6.79279, 0.0 ], [ 107.57934, -6.79272, 0.0 ], [ 107.57951, -6.79259, 0.0 ], [ 107.5797, -6.79236, 0.0 ], [ 107.57986, -6.7923, 0.0 ], [ 107.58009, -6.79219, 0.0 ], [ 107.58023, -6.79222, 0.0 ], [ 107.58033, -6.79217, 0.0 ], [ 107.58038, -6.7921, 0.0 ], [ 107.58052, -6.79183, 0.0 ], [ 107.58067, -6.79168, 0.0 ], [ 107.58088, -6.79153, 0.0 ], [ 107.58111, -6.79135, 0.0 ], [ 107.5815, -6.79104, 0.0 ], [ 107.5816, -6.79092, 0.0 ], [ 107.58171, -6.79068, 0.0 ], [ 107.58175, -6.79047, 0.0 ], [ 107.58172, -6.79029, 0.0 ], [ 107.58169, -6.79015, 0.0 ], [ 107.5816672, -6.7900586, 0.0 ], [ 107.5816844, -6.7900178, 0.0 ], [ 107.58174, -6.78999, 0.0 ], [ 107.58195, -6.78992, 0.0 ], [ 107.58205, -6.78984, 0.0 ], [ 107.58208, -6.78976, 0.0 ], [ 107.58224, -6.78947, 0.0 ], [ 107.58226, -6.78923, 0.0 ], [ 107.58225, -6.78912, 0.0 ], [ 107.58223, -6.78885, 0.0 ], [ 107.58216, -6.7886, 0.0 ], [ 107.58212, -6.78845, 0.0 ], [ 107.5820702, -6.7883206, 0.0 ], [ 107.5820887, -6.788019, 0.0 ], [ 107.58209, -6.78801, 0.0 ], [ 107.58221, -6.78767, 0.0 ], [ 107.58229, -6.7875, 0.0 ], [ 107.58241, -6.7873, 0.0 ], [ 107.58251, -6.78705, 0.0 ], [ 107.58256, -6.7869, 0.0 ], [ 107.5825, -6.78682, 0.0 ], [ 107.58253, -6.78673, 0.0 ], [ 107.58262, -6.78655, 0.0 ], [ 107.58261, -6.78641, 0.0 ], [ 107.58256, -6.78629, 0.0 ], [ 107.58251, -6.78615, 0.0 ], [ 107.58254, -6.78604, 0.0 ], [ 107.58267, -6.78588, 0.0 ], [ 107.58278, -6.78575, 0.0 ], [ 107.58283, -6.78557, 0.0 ], [ 107.58281, -6.78544, 0.0 ], [ 107.58248, -6.78496, 0.0 ], [ 107.5821687, -6.7844883, 0.0 ], [ 107.5819307, -6.7839179, 0.0 ], [ 107.581842, -6.7837052, 0.0 ], [ 107.58184, -6.78369, 0.0 ], [ 107.58182, -6.78358, 0.0 ], [ 107.5817952, -6.7834517, 0.0 ], [ 107.58176, -6.78327, 0.0 ], [ 107.58164, -6.78306, 0.0 ], [ 107.58148, -6.78283, 0.0 ], [ 107.58148, -6.78268, 0.0 ], [ 107.5815, -6.78249, 0.0 ], [ 107.58164, -6.78229, 0.0 ], [ 107.58174, -6.78209, 0.0 ], [ 107.58181, -6.7819, 0.0 ], [ 107.58187, -6.78178, 0.0 ], [ 107.58201, -6.78167, 0.0 ], [ 107.58211, -6.78165, 0.0 ], [ 107.58222, -6.78159, 0.0 ], [ 107.58229, -6.78153, 0.0 ], [ 107.58232, -6.78129, 0.0 ], [ 107.58233, -6.78112, 0.0 ], [ 107.58241, -6.78098, 0.0 ], [ 107.58247, -6.78074, 0.0 ], [ 107.58251, -6.78044, 0.0 ], [ 107.58248, -6.78024, 0.0 ], [ 107.58231, -6.77968, 0.0 ], [ 107.58223, -6.77956, 0.0 ], [ 107.58211, -6.77951, 0.0 ], [ 107.58195, -6.77948, 0.0 ], [ 107.5818663, -6.7794703, 0.0 ], [ 107.5817051, -6.7793109, 0.0 ], [ 107.5803209, -6.77896, 0.0 ], [ 107.5801239, -6.7780359, 0.0 ], [ 107.58013, -6.77787, 0.0 ], [ 107.58012, -6.77745, 0.0 ], [ 107.58001, -6.77726, 0.0 ], [ 107.5798, -6.77707, 0.0 ], [ 107.57965, -6.77682, 0.0 ], [ 107.57954, -6.7767, 0.0 ], [ 107.5794, -6.77653, 0.0 ], [ 107.57932, -6.77651, 0.0 ], [ 107.57926, -6.77647, 0.0 ], [ 107.57926, -6.77641, 0.0 ], [ 107.5791188, -6.7763669, 0.0 ], [ 107.5784864, -6.7757712, 0.0 ], [ 107.5784285, -6.7757913, 0.0 ], [ 107.5783872, -6.7758056, 0.0 ], [ 107.5783082, -6.775934, 0.0 ], [ 107.5780106, -6.7761033, 0.0 ], [ 107.5774003, -6.7763631, 0.0 ], [ 107.5767671, -6.7766373, 0.0 ], [ 107.5763093, -6.7767937, 0.0 ], [ 107.5761186, -6.7768366, 0.0 ], [ 107.5758439, -6.7768476, 0.0 ], [ 107.5755921, -6.7768395, 0.0 ], [ 107.5752488, -6.7768133, 0.0 ], [ 107.5749208, -6.7767589, 0.0 ], [ 107.5748139, -6.7766664, 0.0 ], [ 107.57473, -6.776592, 0.0 ], [ 107.5746766, -6.7765643, 0.0 ], [ 107.5746676, -6.7765591, 0.0 ], [ 107.5745642, -6.776499, 0.0 ], [ 107.5744935, -6.776458, 0.0 ], [ 107.5743638, -6.7763212, 0.0 ], [ 107.5742646, -6.776067, 0.0 ], [ 107.5740815, -6.7758066, 0.0 ], [ 107.5737077, -6.7751882, 0.0 ], [ 107.5735627, -6.775007, 0.0 ], [ 107.5735322, -6.774811, 0.0 ], [ 107.5734712, -6.7746947, 0.0 ], [ 107.5733796, -6.7744992, 0.0 ], [ 107.5730821, -6.7742345, 0.0 ], [ 107.5730439, -6.7740901, 0.0 ], [ 107.5730134, -6.7738988, 0.0 ], [ 107.5729905, -6.7737033, 0.0 ], [ 107.5728913, -6.7734377, 0.0 ], [ 107.5727464, -6.7732379, 0.0 ], [ 107.5726548, -6.7730891, 0.0 ], [ 107.5725938, -6.7729027, 0.0 ], [ 107.5725404, -6.7727439, 0.0 ], [ 107.5724946, -6.7725951, 0.0 ], [ 107.5724183, -6.7723997, 0.0 ], [ 107.5722963, -6.7721202, 0.0 ], [ 107.57222, -6.771971, 0.0 ], [ 107.5720979, -6.7717898, 0.0 ], [ 107.5718537, -6.7715485, 0.0 ], [ 107.5715867, -6.7712953, 0.0 ], [ 107.5713883, -6.7711313, 0.0 ], [ 107.5712129, -6.771034, 0.0 ], [ 107.5709764, -6.7709343, 0.0 ], [ 107.5706017, -6.7708875, 0.0 ], [ 107.5704881, -6.7708733, 0.0 ], [ 107.5701922, -6.770878, 0.0 ], [ 107.5697328, -6.7708852, 0.0 ], [ 107.569275, -6.7709434, 0.0 ], [ 107.5687867, -6.7710397, 0.0 ], [ 107.5684054, -6.7711736, 0.0 ], [ 107.5683671, -6.771187, 0.0 ], [ 107.5683448, -6.7711965, 0.0 ], [ 107.5678178, -6.7714207, 0.0 ], [ 107.56662, -6.7719385, 0.0 ], [ 107.5662783, -6.7720657, 0.0 ], [ 107.5657884, -6.772248, 0.0 ], [ 107.5651322, -6.772515, 0.0 ], [ 107.5645677, -6.7728045, 0.0 ], [ 107.5642472, -6.7729928, 0.0 ], [ 107.5640336, -6.7731774, 0.0 ], [ 107.5639072, -6.7732982, 0.0 ], [ 107.5637742, -6.7734253, 0.0 ], [ 107.5636064, -6.7735779, 0.0 ], [ 107.5635272, -6.7736283, 0.0 ], [ 107.5633165, -6.7737624, 0.0 ], [ 107.5630218, -6.7738862, 0.0 ], [ 107.5630171, -6.773887, 0.0 ], [ 107.5628358, -6.7739164, 0.0 ], [ 107.5616618, -6.7725834, 0.0 ], [ 107.5615448, -6.7727539, 0.0 ], [ 107.5614869, -6.7728725, 0.0 ], [ 107.561419, -6.7730652, 0.0 ], [ 107.5613619, -6.7731544, 0.0 ], [ 107.5612977, -6.7731758, 0.0 ], [ 107.5612156, -6.7731758, 0.0 ], [ 107.5610586, -6.7731509, 0.0 ], [ 107.5609629, -6.7731301, 0.0 ], [ 107.5608123, -6.7730973, 0.0 ], [ 107.5606083, -6.7730226, 0.0 ], [ 107.5604875, -6.7729474, 0.0 ], [ 107.5603911, -6.7728903, 0.0 ], [ 107.5602698, -6.7728582, 0.0 ], [ 107.5600949, -6.7728403, 0.0 ], [ 107.5598879, -6.7728189, 0.0 ], [ 107.5596846, -6.7727841, 0.0 ], [ 107.5596104, -6.7727663, 0.0 ], [ 107.5594705, -6.7727163, 0.0 ], [ 107.5593688, -6.7726937, 0.0 ], [ 107.5592337, -6.7726442, 0.0 ], [ 107.5591595, -6.7726023, 0.0 ], [ 107.5590909, -6.7725376, 0.0 ], [ 107.5590224, -6.7724729, 0.0 ], [ 107.5589729, -6.7724348, 0.0 ], [ 107.5588378, -6.7723929, 0.0 ], [ 107.558678, -6.7723848, 0.0 ], [ 107.5585027, -6.7724462, 0.0 ], [ 107.5583314, -6.7725643, 0.0 ], [ 107.558094, -6.7727633, 0.0 ], [ 107.5579316, -6.7728911, 0.0 ], [ 107.5578763, -6.7729347, 0.0 ], [ 107.5576657, -6.7730453, 0.0 ], [ 107.5574549, -6.7731379, 0.0 ], [ 107.5574301, -6.7731488, 0.0 ], [ 107.5572017, -6.7732273, 0.0 ], [ 107.556989, -6.7732696, 0.0 ], [ 107.5567555, -6.773313, 0.0 ], [ 107.5565816, -6.773335, 0.0 ], [ 107.5564414, -6.7733586, 0.0 ], [ 107.5563415, -6.7733824, 0.0 ], [ 107.5562249, -6.7734466, 0.0 ], [ 107.5560621, -6.7735928, 0.0 ], [ 107.555997, -6.7736811, 0.0 ], [ 107.5557752, -6.773982, 0.0 ], [ 107.5556465, -6.774139, 0.0 ], [ 107.5556024, -6.7741807, 0.0 ], [ 107.5555539, -6.7742121, 0.0 ], [ 107.5555006, -6.7742369, 0.0 ], [ 107.5553537, -6.7742751, 0.0 ], [ 107.5552922, -6.7742911, 0.0 ], [ 107.5551732, -6.7743463, 0.0 ], [ 107.5550913, -6.7744223, 0.0 ], [ 107.5550056, -6.7745008, 0.0 ], [ 107.5549049, -6.774554, 0.0 ], [ 107.5548192, -6.7745635, 0.0 ], [ 107.554467, -6.7744873, 0.0 ], [ 107.5542434, -6.774435, 0.0 ], [ 107.5541054, -6.7744112, 0.0 ], [ 107.5540147, -6.7744049, 0.0 ], [ 107.5539007, -6.7743969, 0.0 ], [ 107.5537151, -6.7743874, 0.0 ], [ 107.5535771, -6.7743493, 0.0 ], [ 107.5534207, -6.7742981, 0.0 ], [ 107.5532202, -6.7742863, 0.0 ], [ 107.5529702, -6.7742458, 0.0 ], [ 107.5527741, -6.7741899, 0.0 ], [ 107.5526694, -6.7741375, 0.0 ], [ 107.5525314, -6.7740186, 0.0 ], [ 107.5523411, -6.7739377, 0.0 ], [ 107.552165, -6.7739139, 0.0 ], [ 107.5520365, -6.7739139, 0.0 ], [ 107.5518604, -6.7739139, 0.0 ], [ 107.5516082, -6.7738663, 0.0 ], [ 107.551284, -6.773743, 0.0 ], [ 107.55114, -6.773689, 0.0 ], [ 107.551039, -6.773645, 0.0 ], [ 107.550888, -6.773546, 0.0 ], [ 107.550797, -6.773483, 0.0 ], [ 107.550642, -6.773412, 0.0 ], [ 107.550541, -6.773367, 0.0 ], [ 107.55052, -6.7733588, 0.0 ], [ 107.5505174, -6.7733577, 0.0 ], [ 107.5504956, -6.7733492, 0.0 ], [ 107.5504483, -6.7733306, 0.0 ], [ 107.5503802, -6.7733039, 0.0 ], [ 107.550337, -6.773287, 0.0 ], [ 107.550083, -6.773234, 0.0 ], [ 107.55004, -6.773216, 0.0 ], [ 107.5500243, -6.7731999, 0.0 ], [ 107.5496786, -6.7729676, 0.0 ], [ 107.5495961, -6.7729213, 0.0 ], [ 107.5495945, -6.7729199, 0.0 ], [ 107.5493708, -6.7729605, 0.0 ], [ 107.5492662, -6.7729795, 0.0 ], [ 107.54898, -6.77308, 0.0 ], [ 107.5488967, -6.7731505, 0.0 ], [ 107.54885, -6.77319, 0.0 ], [ 107.5487633, -6.7733003, 0.0 ], [ 107.54874, -6.77333, 0.0 ], [ 107.54862, -6.77346, 0.0 ], [ 107.54835, -6.77356, 0.0 ], [ 107.54793, -6.77362, 0.0 ], [ 107.54702, -6.77368, 0.0 ], [ 107.54609, -6.77362, 0.0 ], [ 107.54516, -6.77354, 0.0 ], [ 107.54498, -6.77347, 0.0 ], [ 107.54475, -6.77335, 0.0 ], [ 107.54459, -6.77324, 0.0 ], [ 107.54441, -6.77318, 0.0 ], [ 107.54418, -6.77316, 0.0 ], [ 107.54395, -6.77312, 0.0 ], [ 107.54383, -6.77309, 0.0 ], [ 107.54359, -6.77315, 0.0 ], [ 107.54327, -6.7731702, 0.0 ], [ 107.54313, -6.77319, 0.0 ], [ 107.54294, -6.77322, 0.0 ], [ 107.54254, -6.77321, 0.0 ], [ 107.54228, -6.77307, 0.0 ], [ 107.542, -6.77278, 0.0 ], [ 107.54184, -6.77269, 0.0 ], [ 107.54164, -6.77256, 0.0 ], [ 107.54158, -6.77245, 0.0 ], [ 107.54147, -6.77238, 0.0 ], [ 107.54131, -6.77239, 0.0 ], [ 107.54113, -6.7724, 0.0 ], [ 107.54103, -6.77225, 0.0 ], [ 107.54087, -6.77205, 0.0 ], [ 107.54072, -6.77199, 0.0 ], [ 107.54063, -6.77199, 0.0 ], [ 107.54046, -6.77207, 0.0 ], [ 107.54032, -6.77204, 0.0 ], [ 107.54015, -6.77198, 0.0 ], [ 107.54, -6.77198, 0.0 ], [ 107.53982, -6.77209, 0.0 ], [ 107.53966, -6.77233, 0.0 ], [ 107.53956, -6.77233, 0.0 ], [ 107.53923, -6.77233, 0.0 ], [ 107.53911, -6.77237, 0.0 ], [ 107.53881, -6.7725, 0.0 ], [ 107.53841, -6.77261, 0.0 ], [ 107.53808, -6.77265, 0.0 ], [ 107.53775, -6.77261, 0.0 ], [ 107.53743, -6.77252, 0.0 ], [ 107.53712, -6.77248, 0.0 ], [ 107.53692, -6.77244, 0.0 ], [ 107.53679, -6.7724, 0.0 ], [ 107.53658, -6.77241, 0.0 ], [ 107.53633, -6.77257, 0.0 ], [ 107.53616, -6.77278, 0.0 ], [ 107.53602, -6.77287, 0.0 ], [ 107.53579, -6.77294, 0.0 ], [ 107.53553, -6.77317, 0.0 ], [ 107.53529, -6.77348, 0.0 ], [ 107.53503, -6.77379, 0.0 ], [ 107.53497, -6.77395, 0.0 ], [ 107.53474, -6.77413, 0.0 ], [ 107.53444, -6.77429, 0.0 ], [ 107.53405, -6.77444, 0.0 ], [ 107.5340315, -6.774457, 0.0 ], [ 107.53392, -6.77456, 0.0 ], [ 107.5334173, -6.7747903, 0.0 ], [ 107.5333922, -6.7746689, 0.0 ], [ 107.5333001, -6.7745643, 0.0 ], [ 107.5331452, -6.7745266, 0.0 ], [ 107.5330987, -6.7745179, 0.0 ], [ 107.532991, -6.7745184, 0.0 ], [ 107.5328564, -6.7746312, 0.0 ], [ 107.532576, -6.7747694, 0.0 ], [ 107.5321616, -6.7751084, 0.0 ], [ 107.5319733, -6.7752256, 0.0 ], [ 107.5318703, -6.7752336, 0.0 ], [ 107.5318255, -6.7752758, 0.0 ], [ 107.5308718, -6.7757587, 0.0 ], [ 107.5309473, -6.7755477, 0.0 ], [ 107.53092, -6.77556, 0.0 ], [ 107.53082, -6.77565, 0.0 ], [ 107.5304413, -6.7760711, 0.0 ], [ 107.5303409, -6.7761966, 0.0 ], [ 107.5300772, -6.7761757, 0.0 ], [ 107.5297507, -6.7762887, 0.0 ], [ 107.5294201, -6.7763389, 0.0 ], [ 107.5292819, -6.7763479, 0.0 ], [ 107.5291605, -6.7763473, 0.0 ], [ 107.5289262, -6.7764101, 0.0 ], [ 107.5287294, -6.7763934, 0.0 ], [ 107.5285913, -6.776251, 0.0 ], [ 107.5284574, -6.7762469, 0.0 ], [ 107.5281937, -6.7762636, 0.0 ], [ 107.528043, -6.7762636, 0.0 ], [ 107.5278463, -6.776159, 0.0 ], [ 107.5276537, -6.7760334, 0.0 ], [ 107.5273942, -6.7758074, 0.0 ], [ 107.5272603, -6.7757781, 0.0 ], [ 107.5270301, -6.7756483, 0.0 ], [ 107.5268794, -6.7756483, 0.0 ], [ 107.526758, -6.7757446, 0.0 ], [ 107.5266032, -6.7758534, 0.0 ], [ 107.5264902, -6.7757111, 0.0 ], [ 107.5264064, -6.7757153, 0.0 ], [ 107.5262348, -6.7758534, 0.0 ], [ 107.5260883, -6.7758702, 0.0 ], [ 107.5259167, -6.7758576, 0.0 ], [ 107.5256363, -6.7756902, 0.0 ], [ 107.5253642, -6.7754767, 0.0 ], [ 107.5252933, -6.7754385, 0.0 ], [ 107.5251466, -6.7753595, 0.0 ], [ 107.524954, -6.7752088, 0.0 ], [ 107.5247071, -6.7751963, 0.0 ], [ 107.5245229, -6.7751377, 0.0 ], [ 107.5241923, -6.7751335, 0.0 ], [ 107.5236733, -6.7751335, 0.0 ], [ 107.5234598, -6.7751921, 0.0 ], [ 107.5232631, -6.7753135, 0.0 ], [ 107.5229785, -6.7754474, 0.0 ], [ 107.5227273, -6.7754725, 0.0 ], [ 107.5224511, -6.77546, 0.0 ], [ 107.5223423, -6.7755479, 0.0 ], [ 107.5222795, -6.7755437, 0.0 ], [ 107.5221748, -6.7754097, 0.0 ], [ 107.52202, -6.7753219, 0.0 ], [ 107.5217646, -6.7751251, 0.0 ], [ 107.5217437, -6.7748573, 0.0 ], [ 107.5216499, -6.7747847, 0.0 ], [ 107.5215219, -6.7746856, 0.0 ], [ 107.5213838, -6.7746731, 0.0 ], [ 107.521208, -6.7746815, 0.0 ], [ 107.5211159, -6.7746438, 0.0 ], [ 107.5210698, -6.7745308, 0.0 ], [ 107.5210494, -6.7743748, 0.0 ], [ 107.5210866, -6.7742462, 0.0 ], [ 107.5209819, -6.7741122, 0.0 ], [ 107.5208396, -6.7741499, 0.0 ], [ 107.520781, -6.7741332, 0.0 ], [ 107.5207308, -6.7740871, 0.0 ], [ 107.5205508, -6.7741708, 0.0 ], [ 107.5203583, -6.774355, 0.0 ], [ 107.5201741, -6.7745182, 0.0 ], [ 107.5198477, -6.7744136, 0.0 ], [ 107.519743, -6.7744387, 0.0 ], [ 107.5196551, -6.7743592, 0.0 ], [ 107.5195081, -6.7744104, 0.0 ], [ 107.5192617, -6.7742796, 0.0 ], [ 107.5191738, -6.7743089, 0.0 ], [ 107.5188639, -6.7744505, 0.0 ], [ 107.5186297, -6.7744847, 0.0 ], [ 107.5183911, -6.7745726, 0.0 ], [ 107.5182531, -6.7746572, 0.0 ], [ 107.5181106, -6.7746773, 0.0 ], [ 107.5180311, -6.7747484, 0.0 ], [ 107.5179014, -6.7747903, 0.0 ], [ 107.5178218, -6.7749242, 0.0 ], [ 107.5176795, -6.7749493, 0.0 ], [ 107.5173941, -6.7749339, 0.0 ], [ 107.5173698, -6.7749326, 0.0 ], [ 107.5172826, -6.7748964, 0.0 ], [ 107.5171246, -6.7748307, 0.0 ], [ 107.516968, -6.7747359, 0.0 ], [ 107.5168885, -6.7746689, 0.0 ], [ 107.5168131, -6.774648, 0.0 ], [ 107.5167294, -6.7747066, 0.0 ], [ 107.5165997, -6.7747819, 0.0 ], [ 107.5165662, -6.7749075, 0.0 ], [ 107.5166164, -6.7751502, 0.0 ], [ 107.5165662, -6.7751712, 0.0 ], [ 107.516495, -6.7752967, 0.0 ], [ 107.5164113, -6.7753428, 0.0 ], [ 107.516269, -6.775326, 0.0 ], [ 107.5161141, -6.7751335, 0.0 ], [ 107.5160137, -6.7750749, 0.0 ], [ 107.5159174, -6.7751335, 0.0 ], [ 107.5158086, -6.7751837, 0.0 ], [ 107.5157625, -6.7752423, 0.0 ], [ 107.5156956, -6.7752842, 0.0 ], [ 107.5155826, -6.7752172, 0.0 ], [ 107.5153105, -6.775213, 0.0 ], [ 107.5151599, -6.7751984, 0.0 ], [ 107.5151012, -6.7751586, 0.0 ], [ 107.514984, -6.7751879, 0.0 ], [ 107.5149464, -6.7752842, 0.0 ], [ 107.51475, -6.77548, 0.0 ], [ 107.51465, -6.77566, 0.0 ], [ 107.5145738, -6.7755814, 0.0 ], [ 107.5144943, -6.7754893, 0.0 ], [ 107.5144064, -6.7754725, 0.0 ], [ 107.5143227, -6.77546, 0.0 ], [ 107.5142306, -6.7755102, 0.0 ], [ 107.5141184, -6.7755934, 0.0 ], [ 107.5141009, -6.7756065, 0.0 ], [ 107.513992, -6.7755939, 0.0 ], [ 107.513833, -6.7756818, 0.0 ], [ 107.5138, -6.77585, 0.0 ], [ 107.51383, -6.77594, 0.0 ], [ 107.51383, -6.77606, 0.0 ], [ 107.51379, -6.77618, 0.0 ], [ 107.51368, -6.77629, 0.0 ], [ 107.51355, -6.77636, 0.0 ], [ 107.51338, -6.77641, 0.0 ], [ 107.51317, -6.77637, 0.0 ], [ 107.5131111, -6.77637, 0.0 ], [ 107.51298, -6.77637, 0.0 ], [ 107.51282, -6.77642, 0.0 ], [ 107.51273, -6.77652, 0.0 ], [ 107.51269, -6.77663, 0.0 ], [ 107.51265, -6.77673, 0.0 ], [ 107.5125648, -6.7767742, 0.0 ], [ 107.5124685, -6.7768161, 0.0 ], [ 107.5122801, -6.7767659, 0.0 ], [ 107.51217, -6.7767, 0.0 ], [ 107.51207, -6.7766, 0.0 ], [ 107.5119453, -6.7765482, 0.0 ], [ 107.5118197, -6.7765943, 0.0 ], [ 107.51173, -6.77666, 0.0 ], [ 107.51159, -6.77665, 0.0 ], [ 107.5114807, -6.7765943, 0.0 ], [ 107.5113844, -6.7766487, 0.0 ], [ 107.51135, -6.77676, 0.0 ], [ 107.5113677, -6.776904, 0.0 ], [ 107.5114095, -6.7770756, 0.0 ], [ 107.51136, -6.77714, 0.0 ], [ 107.5112714, -6.7771342, 0.0 ], [ 107.5111333, -6.7771216, 0.0 ], [ 107.5109952, -6.7770337, 0.0 ], [ 107.5108863, -6.7768454, 0.0 ], [ 107.51075, -6.77674, 0.0 ], [ 107.51064, -6.77674, 0.0 ], [ 107.5104803, -6.7767115, 0.0 ], [ 107.5103632, -6.7767575, 0.0 ], [ 107.510292, -6.7768956, 0.0 ], [ 107.5102, -6.77701, 0.0 ], [ 107.51009, -6.77707, 0.0 ], [ 107.51002, -6.77708, 0.0 ], [ 107.50993, -6.77702, 0.0 ], [ 107.50988, -6.77679, 0.0 ], [ 107.50979, -6.77666, 0.0 ], [ 107.5097413, -6.776607, 0.0 ], [ 107.50945, -6.77629, 0.0 ], [ 107.50927, -6.7762, 0.0 ], [ 107.50915, -6.77616, 0.0 ], [ 107.50894, -6.77619, 0.0 ], [ 107.5088317, -6.77623, 0.0 ], [ 107.5086387, -6.7763013, 0.0 ], [ 107.5085382, -6.7763055, 0.0 ], [ 107.5084883, -6.7762573, 0.0 ], [ 107.508421, -6.7761924, 0.0 ], [ 107.5083708, -6.7760753, 0.0 ], [ 107.5083792, -6.7758199, 0.0 ], [ 107.5083164, -6.7756902, 0.0 ], [ 107.508251, -6.7756661, 0.0 ], [ 107.507688, -6.7759865, 0.0 ], [ 107.5072831, -6.776007, 0.0 ], [ 107.5070569, -6.7759292, 0.0 ], [ 107.5069812, -6.7759581, 0.0 ], [ 107.5068212, -6.7759574, 0.0 ], [ 107.5066887, -6.7758691, 0.0 ], [ 107.5062331, -6.7758469, 0.0 ], [ 107.5062039, -6.7758276, 0.0 ], [ 107.5060185, -6.775845, 0.0 ], [ 107.50587, -6.77568, 0.0 ], [ 107.50579, -6.77557, 0.0 ], [ 107.5057779, -6.7754891, 0.0 ], [ 107.5055739, -6.7751799, 0.0 ], [ 107.50537, -6.77506, 0.0 ], [ 107.50509, -6.77483, 0.0 ], [ 107.5049438, -6.7747639, 0.0 ], [ 107.5047736, -6.7748056, 0.0 ], [ 107.5046354, -6.7747298, 0.0 ], [ 107.5046206, -6.7747317, 0.0 ], [ 107.5044531, -6.7747401, 0.0 ], [ 107.50429, -6.77469, 0.0 ], [ 107.5041388, -6.7745741, 0.0 ], [ 107.5039676, -6.7744429, 0.0 ], [ 107.5039492, -6.7743876, 0.0 ], [ 107.5039249, -6.7744052, 0.0 ], [ 107.5037992, -6.7750314, 0.0 ], [ 107.503712, -6.7750537, 0.0 ], [ 107.50365, -6.77517, 0.0 ], [ 107.5036, -6.77522, 0.0 ], [ 107.50342, -6.77522, 0.0 ], [ 107.5032309, -6.7751419, 0.0 ], [ 107.50318, -6.77507, 0.0 ], [ 107.50314, -6.77494, 0.0 ], [ 107.50314, -6.77472, 0.0 ], [ 107.5031263, -6.7745852, 0.0 ], [ 107.502965, -6.7744508, 0.0 ], [ 107.5029039, -6.7744262, 0.0 ], [ 107.5027329, -6.7743801, 0.0 ], [ 107.5025947, -6.7743131, 0.0 ], [ 107.5025452, -6.7742679, 0.0 ], [ 107.5022503, -6.7744874, 0.0 ], [ 107.50205, -6.7749117, 0.0 ], [ 107.5019221, -6.7748963, 0.0 ], [ 107.5019, -6.77494, 0.0 ], [ 107.5018162, -6.7749242, 0.0 ], [ 107.5017059, -6.7748766, 0.0 ], [ 107.5015118, -6.7748776, 0.0 ], [ 107.5014856, -6.7748907, 0.0 ], [ 107.5013684, -6.7749284, 0.0 ], [ 107.5013529, -6.7749362, 0.0 ], [ 107.501223, -6.7751551, 0.0 ], [ 107.5013357, -6.7755961, 0.0 ], [ 107.5012078, -6.7757808, 0.0 ], [ 107.5010225, -6.7758629, 0.0 ], [ 107.5010168, -6.7758785, 0.0 ], [ 107.5009791, -6.7759999, 0.0 ], [ 107.5009331, -6.7761213, 0.0 ], [ 107.500841, -6.7761129, 0.0 ], [ 107.5008322, -6.7761141, 0.0 ], [ 107.5009355, -6.7765182, 0.0 ], [ 107.5009465, -6.7765578, 0.0 ], [ 107.5009958, -6.7765943, 0.0 ], [ 107.501021, -6.7766989, 0.0 ], [ 107.5010097, -6.7767847, 0.0 ], [ 107.5010451, -6.7769118, 0.0 ], [ 107.5009609, -6.7769403, 0.0 ], [ 107.5009205, -6.7770254, 0.0 ], [ 107.50087, -6.77712, 0.0 ], [ 107.5008201, -6.7771384, 0.0 ], [ 107.5007573, -6.7771216, 0.0 ], [ 107.5006987, -6.7771133, 0.0 ], [ 107.5006484, -6.7770589, 0.0 ], [ 107.5006493, -6.7770459, 0.0 ], [ 107.5005567, -6.7770773, 0.0 ], [ 107.50057, -6.7771737, 0.0 ], [ 107.5002942, -6.7772187, 0.0 ], [ 107.5003136, -6.7773351, 0.0 ], [ 107.5002759, -6.7773932, 0.0 ], [ 107.5002592, -6.7774188, 0.0 ], [ 107.5001922, -6.7774397, 0.0 ], [ 107.5001127, -6.7774439, 0.0 ], [ 107.5000248, -6.7774356, 0.0 ], [ 107.4999453, -6.7774272, 0.0 ], [ 107.4998532, -6.7773016, 0.0 ], [ 107.4998071, -6.7771509, 0.0 ], [ 107.4997151, -6.7770254, 0.0 ], [ 107.4996062, -6.7769919, 0.0 ], [ 107.4994556, -6.7770086, 0.0 ], [ 107.4993467, -6.7771342, 0.0 ], [ 107.4992002, -6.777243, 0.0 ], [ 107.4989282, -6.7775737, 0.0 ], [ 107.4988654, -6.7775779, 0.0 ], [ 107.4988194, -6.7774858, 0.0 ], [ 107.4987929, -6.7772891, 0.0 ], [ 107.4983673, -6.7770303, 0.0 ], [ 107.4983422, -6.7770589, 0.0 ], [ 107.4982752, -6.7770589, 0.0 ], [ 107.4982083, -6.7771258, 0.0 ], [ 107.4981329, -6.7772095, 0.0 ], [ 107.4979948, -6.7773477, 0.0 ], [ 107.4979739, -6.7774272, 0.0 ], [ 107.4978609, -6.7774607, 0.0 ], [ 107.497773, -6.7775067, 0.0 ], [ 107.4977311, -6.7776323, 0.0 ], [ 107.4976306, -6.7777244, 0.0 ], [ 107.4974381, -6.7778374, 0.0 ], [ 107.4974339, -6.7779127, 0.0 ], [ 107.49734, -6.77802, 0.0 ], [ 107.49724, -6.77821, 0.0 ], [ 107.4972163, -6.7782852, 0.0 ], [ 107.4971158, -6.7783773, 0.0 ], [ 107.4970196, -6.778348, 0.0 ], [ 107.4969596, -6.778305, 0.0 ], [ 107.4969509, -6.778314, 0.0 ], [ 107.4969311, -6.7782845, 0.0 ], [ 107.4968563, -6.7782308, 0.0 ], [ 107.4967894, -6.7782434, 0.0 ], [ 107.496714, -6.7781932, 0.0 ], [ 107.4965257, -6.7781471, 0.0 ], [ 107.4965207, -6.7781402, 0.0 ], [ 107.4965149, -6.7781422, 0.0 ], [ 107.4959915, -6.7779274, 0.0 ], [ 107.4954373, -6.778164, 0.0 ], [ 107.4954395, -6.7780002, 0.0 ], [ 107.4953997, -6.778009, 0.0 ], [ 107.4952407, -6.7781053, 0.0 ], [ 107.4950565, -6.7782392, 0.0 ], [ 107.4949728, -6.7782894, 0.0 ], [ 107.4948431, -6.7784192, 0.0 ], [ 107.494698, -6.7785083, 0.0 ], [ 107.4945769, -6.7785132, 0.0 ], [ 107.4944783, -6.7785285, 0.0 ], [ 107.4943977, -6.7785374, 0.0 ], [ 107.4942331, -6.7784454, 0.0 ], [ 107.4941168, -6.7783969, 0.0 ], [ 107.4940587, -6.7784551, 0.0 ], [ 107.4940926, -6.7786439, 0.0 ], [ 107.49403, -6.77871, 0.0 ], [ 107.4939957, -6.7787844, 0.0 ], [ 107.4938989, -6.7788667, 0.0 ], [ 107.4938214, -6.7788183, 0.0 ], [ 107.4937368, -6.7786713, 0.0 ], [ 107.4937294, -6.7786585, 0.0 ], [ 107.4935792, -6.7785955, 0.0 ], [ 107.4934436, -6.7786149, 0.0 ], [ 107.4933661, -6.7786875, 0.0 ], [ 107.49328, -6.77884, 0.0 ], [ 107.49318, -6.77896, 0.0 ], [ 107.4930223, -6.7791331, 0.0 ], [ 107.4930416, -6.7792203, 0.0 ], [ 107.4932402, -6.77923, 0.0 ], [ 107.493308, -6.7792736, 0.0 ], [ 107.4932741, -6.779351, 0.0 ], [ 107.4932886, -6.779414, 0.0 ], [ 107.4933468, -6.7794721, 0.0 ], [ 107.4933419, -6.7796804, 0.0 ], [ 107.4933322, -6.7797821, 0.0 ], [ 107.4933758, -6.779845, 0.0 ], [ 107.4933952, -6.7799807, 0.0 ], [ 107.4934291, -6.7801163, 0.0 ], [ 107.4933177, -6.7802083, 0.0 ], [ 107.4931676, -6.7802422, 0.0 ], [ 107.4929302, -6.7802422, 0.0 ], [ 107.4928721, -6.7803633, 0.0 ], [ 107.49276, -6.78052, 0.0 ], [ 107.49245, -6.78087, 0.0 ], [ 107.4921662, -6.7812266, 0.0 ], [ 107.49206, -6.78136, 0.0 ], [ 107.491889, -6.7818985, 0.0 ], [ 107.49177, -6.78197, 0.0 ], [ 107.4916226, -6.7820874, 0.0 ], [ 107.4914289, -6.7821698, 0.0 ], [ 107.49139, -6.78225, 0.0 ], [ 107.4913126, -6.7823586, 0.0 ], [ 107.49122, -6.78236, 0.0 ], [ 107.49115, -6.7824, 0.0 ], [ 107.4909591, -6.7823586, 0.0 ], [ 107.4908913, -6.7822473, 0.0 ], [ 107.4908089, -6.7822037, 0.0 ], [ 107.4907508, -6.7821116, 0.0 ], [ 107.4908138, -6.7819567, 0.0 ], [ 107.4908186, -6.7818646, 0.0 ], [ 107.4907072, -6.7818259, 0.0 ], [ 107.490591, -6.7817532, 0.0 ], [ 107.490436, -6.7817436, 0.0 ], [ 107.4903408, -6.7817492, 0.0 ], [ 107.4902713, -6.7817532, 0.0 ], [ 107.4902229, -6.7818307, 0.0 ], [ 107.4901261, -6.7819373, 0.0 ], [ 107.4900001, -6.7820099, 0.0 ], [ 107.4899245, -6.7819758, 0.0 ], [ 107.4897967, -6.7818937, 0.0 ], [ 107.4896708, -6.7819082, 0.0 ], [ 107.4895788, -6.7819906, 0.0 ], [ 107.48954, -6.7821116, 0.0 ], [ 107.4895836, -6.7822473, 0.0 ], [ 107.4896514, -6.7823393, 0.0 ], [ 107.489771, -6.7824442, 0.0 ], [ 107.4898209, -6.78247, 0.0 ], [ 107.4898452, -6.7825814, 0.0 ], [ 107.4897386, -6.782717, 0.0 ], [ 107.4895981, -6.7827994, 0.0 ], [ 107.48956, -6.78287, 0.0 ], [ 107.4894335, -6.7830222, 0.0 ], [ 107.4893705, -6.7830464, 0.0 ], [ 107.4893076, -6.7829786, 0.0 ], [ 107.489172, -6.7829108, 0.0 ], [ 107.4891332, -6.7828478, 0.0 ], [ 107.4890945, -6.7827509, 0.0 ], [ 107.4890267, -6.7826977, 0.0 ], [ 107.4889831, -6.7824797, 0.0 ], [ 107.488891, -6.7823877, 0.0 ], [ 107.4888329, -6.7822908, 0.0 ], [ 107.4888089, -6.7822042, 0.0 ], [ 107.488799, -6.7821165, 0.0 ], [ 107.4887119, -6.7820584, 0.0 ], [ 107.4886344, -6.7820535, 0.0 ], [ 107.4885327, -6.7820681, 0.0 ], [ 107.4884261, -6.7821213, 0.0 ], [ 107.4883, -6.78224, 0.0 ], [ 107.4882082, -6.7822666, 0.0 ], [ 107.4880968, -6.782223, 0.0 ], [ 107.4879273, -6.782102, 0.0 ], [ 107.4877674, -6.7819809, 0.0 ], [ 107.4877432, -6.7818646, 0.0 ], [ 107.4876996, -6.7817048, 0.0 ], [ 107.4875882, -6.781637, 0.0 ], [ 107.4874333, -6.7815595, 0.0 ], [ 107.487317, -6.7815498, 0.0 ], [ 107.4872541, -6.7816128, 0.0 ], [ 107.48716, -6.78176, 0.0 ], [ 107.4870555, -6.7818065, 0.0 ], [ 107.4868182, -6.7819518, 0.0 ], [ 107.4866, -6.78219, 0.0 ], [ 107.4861353, -6.7826444, 0.0 ], [ 107.4860917, -6.7827558, 0.0 ], [ 107.4861256, -6.7829156, 0.0 ], [ 107.4862031, -6.7830415, 0.0 ], [ 107.4863339, -6.7833273, 0.0 ], [ 107.4863532, -6.7834241, 0.0 ], [ 107.48613, -6.7836, 0.0 ], [ 107.4858834, -6.7837341, 0.0 ], [ 107.4857817, -6.7838407, 0.0 ], [ 107.4857963, -6.7839472, 0.0 ], [ 107.4859028, -6.7840053, 0.0 ], [ 107.4860045, -6.784107, 0.0 ], [ 107.486053, -6.7841797, 0.0 ], [ 107.4860239, -6.7844025, 0.0 ], [ 107.4859319, -6.7844412, 0.0 ], [ 107.485835, -6.7844557, 0.0 ], [ 107.4858156, -6.7845187, 0.0 ], [ 107.4858592, -6.7845962, 0.0 ], [ 107.4858495, -6.7846591, 0.0 ], [ 107.4858931, -6.7847027, 0.0 ], [ 107.4859319, -6.7848044, 0.0 ], [ 107.4859028, -6.7848916, 0.0 ], [ 107.4857866, -6.7849449, 0.0 ], [ 107.4857139, -6.7850127, 0.0 ], [ 107.4856897, -6.7850757, 0.0 ], [ 107.4856268, -6.7852645, 0.0 ], [ 107.4855057, -6.7854583, 0.0 ], [ 107.4854253, -6.7855048, 0.0 ], [ 107.4854137, -6.7855115, 0.0 ], [ 107.4851376, -6.7855212, 0.0 ], [ 107.4849536, -6.7854776, 0.0 ], [ 107.4848664, -6.7854001, 0.0 ], [ 107.484784, -6.7852306, 0.0 ], [ 107.4847405, -6.7851192, 0.0 ], [ 107.4846678, -6.7849933, 0.0 ], [ 107.4845467, -6.7848916, 0.0 ], [ 107.4844741, -6.7848771, 0.0 ], [ 107.4844, -6.78502, 0.0 ], [ 107.4844838, -6.785187, 0.0 ], [ 107.48445, -6.7852629, 0.0 ], [ 107.484445, -6.7852742, 0.0 ], [ 107.4843336, -6.7854001, 0.0 ], [ 107.4842368, -6.7854583, 0.0 ], [ 107.4841157, -6.7856036, 0.0 ], [ 107.4841254, -6.7858312, 0.0 ], [ 107.4840866, -6.7861218, 0.0 ], [ 107.4839462, -6.7861944, 0.0 ], [ 107.483859, -6.7862671, 0.0 ], [ 107.4837864, -6.7864608, 0.0 ], [ 107.4835926, -6.7866836, 0.0 ], [ 107.4833989, -6.7867659, 0.0 ], [ 107.4834183, -6.786887, 0.0 ], [ 107.4833214, -6.7870468, 0.0 ], [ 107.4831955, -6.7872551, 0.0 ], [ 107.483026, -6.7874004, 0.0 ], [ 107.4828129, -6.7873955, 0.0 ], [ 107.4826773, -6.7873762, 0.0 ], [ 107.4825223, -6.7872938, 0.0 ], [ 107.4823431, -6.7870953, 0.0 ], [ 107.4822462, -6.7868918, 0.0 ], [ 107.4822511, -6.7864947, 0.0 ], [ 107.4822123, -6.7863349, 0.0 ], [ 107.4822511, -6.7861654, 0.0 ], [ 107.482222, -6.7860346, 0.0 ], [ 107.4820913, -6.7859329, 0.0 ], [ 107.4818588, -6.7858651, 0.0 ], [ 107.4816457, -6.7858167, 0.0 ], [ 107.4814423, -6.7858215, 0.0 ], [ 107.4812921, -6.7857634, 0.0 ], [ 107.4811583, -6.7857958, 0.0 ], [ 107.4811323, -6.7858021, 0.0 ], [ 107.4810403, -6.7858602, 0.0 ], [ 107.48095, -6.78599, 0.0 ], [ 107.4809628, -6.7860976, 0.0 ], [ 107.480832, -6.7862041, 0.0 ], [ 107.4807109, -6.7861847, 0.0 ], [ 107.4805075, -6.7861266, 0.0 ], [ 107.480246, -6.786146, 0.0 ], [ 107.4800959, -6.7862138, 0.0 ], [ 107.479815, -6.7863397, 0.0 ], [ 107.47935, -6.7864947, 0.0 ], [ 107.4790885, -6.7866545, 0.0 ], [ 107.47882, -6.78673, 0.0 ], [ 107.4787156, -6.7866448, 0.0 ], [ 107.4785654, -6.786548, 0.0 ], [ 107.4783475, -6.7861799, 0.0 ], [ 107.4781925, -6.7857876, 0.0 ], [ 107.4779503, -6.7856181, 0.0 ], [ 107.4779116, -6.7853662, 0.0 ], [ 107.4777954, -6.785313, 0.0 ], [ 107.4776888, -6.785468, 0.0 ], [ 107.4776016, -6.785497, 0.0 ], [ 107.4776016, -6.7856104, 0.0 ], [ 107.4776016, -6.7856714, 0.0 ], [ 107.4776065, -6.7858167, 0.0 ], [ 107.4775581, -6.7859087, 0.0 ], [ 107.4774806, -6.7860249, 0.0 ], [ 107.4772996, -6.7862269, 0.0 ], [ 107.4772723, -6.7862574, 0.0 ], [ 107.477064, -6.7863978, 0.0 ], [ 107.4769817, -6.7864027, 0.0 ], [ 107.4767977, -6.7862816, 0.0 ], [ 107.4766766, -6.7862622, 0.0 ], [ 107.47656, -6.78626, 0.0 ], [ 107.47648, -6.78631, 0.0 ], [ 107.47641, -6.78639, 0.0 ], [ 107.47637, -6.78655, 0.0 ], [ 107.4763, -6.78677, 0.0 ], [ 107.4761826, -6.7868628, 0.0 ], [ 107.4759743, -6.7868676, 0.0 ], [ 107.4757467, -6.7869112, 0.0 ], [ 107.4752183, -6.7868067, 0.0 ], [ 107.4750009, -6.7867514, 0.0 ], [ 107.474749, -6.7866933, 0.0 ], [ 107.4744584, -6.7865625, 0.0 ], [ 107.4741194, -6.7864463, 0.0 ], [ 107.4739257, -6.7863882, 0.0 ], [ 107.4738869, -6.7862864, 0.0 ], [ 107.4738288, -6.7862671, 0.0 ], [ 107.4737562, -6.7861847, 0.0 ], [ 107.4736109, -6.7861557, 0.0 ], [ 107.4734607, -6.7859716, 0.0 ], [ 107.4732331, -6.7856568, 0.0 ], [ 107.47302, -6.7855745, 0.0 ], [ 107.4728699, -6.7855164, 0.0 ], [ 107.4728311, -6.7852936, 0.0 ], [ 107.4726907, -6.7852064, 0.0 ], [ 107.4725599, -6.7851338, 0.0 ], [ 107.4724582, -6.7851338, 0.0 ], [ 107.4723517, -6.78525, 0.0 ], [ 107.47229, -6.7854, 0.0 ], [ 107.4722014, -6.7855242, 0.0 ], [ 107.4721482, -6.7855987, 0.0 ], [ 107.4719294, -6.7856943, 0.0 ], [ 107.4718237, -6.7857682, 0.0 ], [ 107.4717458, -6.7859022, 0.0 ], [ 107.4716397, -6.7859523, 0.0 ], [ 107.4715428, -6.7858893, 0.0 ], [ 107.4715089, -6.7857682, 0.0 ], [ 107.4715283, -6.7856375, 0.0 ], [ 107.4715506, -6.7855401, 0.0 ], [ 107.4714363, -6.7854534, 0.0 ], [ 107.4712571, -6.785434, 0.0 ], [ 107.4711554, -6.7853856, 0.0 ], [ 107.4710731, -6.7852742, 0.0 ], [ 107.4709375, -6.785187, 0.0 ], [ 107.4706565, -6.7850999, 0.0 ], [ 107.4704432, -6.7849742, 0.0 ], [ 107.4702303, -6.7847948, 0.0 ], [ 107.4700076, -6.7849013, 0.0 ], [ 107.4698332, -6.7849836, 0.0 ], [ 107.4695426, -6.7849933, 0.0 ], [ 107.4693344, -6.785066, 0.0 ], [ 107.4692278, -6.7850708, 0.0 ], [ 107.4690099, -6.7849352, 0.0 ], [ 107.4688743, -6.7849788, 0.0 ], [ 107.4687435, -6.7850514, 0.0 ], [ 107.4686273, -6.7851774, 0.0 ], [ 107.4685401, -6.7852452, 0.0 ], [ 107.4679298, -6.7848771, 0.0 ], [ 107.4678378, -6.7847512, 0.0 ], [ 107.467615, -6.7847657, 0.0 ], [ 107.4675376, -6.7846349, 0.0 ], [ 107.4673002, -6.7847269, 0.0 ], [ 107.4668353, -6.7842862, 0.0 ], [ 107.4666803, -6.7843395, 0.0 ], [ 107.4666236, -6.7843841, 0.0 ], [ 107.4665447, -6.784446, 0.0 ], [ 107.4664333, -6.7844654, 0.0 ], [ 107.4662202, -6.7844073, 0.0 ], [ 107.4660604, -6.7844315, 0.0 ], [ 107.465765, -6.7846301, 0.0 ], [ 107.4655519, -6.7845235, 0.0 ], [ 107.465363, -6.7844267, 0.0 ], [ 107.4652516, -6.7842233, 0.0 ], [ 107.4651806, -6.7841964, 0.0 ], [ 107.4650261, -6.7842009, 0.0 ], [ 107.4648975, -6.7842354, 0.0 ], [ 107.46514, -6.78473, 0.0 ], [ 107.46532, -6.78506, 0.0 ], [ 107.46566, -6.78559, 0.0 ], [ 107.46646, -6.7865, 0.0 ], [ 107.4664969, -6.7865299, 0.0 ], [ 107.46662, -6.78663, 0.0 ], [ 107.46681, -6.78688, 0.0 ], [ 107.46704, -6.78727, 0.0 ], [ 107.46721, -6.78748, 0.0 ], [ 107.4675, -6.78777, 0.0 ], [ 107.46773, -6.78797, 0.0 ], [ 107.46781, -6.78811, 0.0 ], [ 107.46785, -6.78817, 0.0 ], [ 107.46794, -6.78838, 0.0 ], [ 107.46819, -6.78884, 0.0 ], [ 107.46846, -6.7894, 0.0 ], [ 107.46858, -6.78959, 0.0 ], [ 107.4687, -6.78974, 0.0 ], [ 107.46885, -6.78983, 0.0 ], [ 107.46911, -6.78988, 0.0 ], [ 107.47049, -6.78991, 0.0 ], [ 107.470629, -6.7899263, 0.0 ], [ 107.471, -6.78997, 0.0 ], [ 107.47137, -6.79074, 0.0 ], [ 107.47166, -6.79137, 0.0 ], [ 107.47173, -6.79153, 0.0 ], [ 107.47175, -6.79161, 0.0 ], [ 107.47195, -6.79205, 0.0 ], [ 107.47183, -6.79215, 0.0 ], [ 107.4718, -6.79221, 0.0 ], [ 107.47184, -6.79247, 0.0 ], [ 107.47171, -6.79261, 0.0 ], [ 107.47166, -6.79278, 0.0 ], [ 107.47156, -6.79303, 0.0 ], [ 107.4714, -6.79326, 0.0 ], [ 107.47135, -6.79335, 0.0 ], [ 107.47125, -6.79345, 0.0 ], [ 107.47118, -6.79352, 0.0 ], [ 107.47128, -6.79372, 0.0 ], [ 107.47137, -6.7941, 0.0 ], [ 107.47143, -6.79454, 0.0 ], [ 107.47139, -6.79478, 0.0 ], [ 107.4713197, -6.7949701, 0.0 ], [ 107.47122, -6.79524, 0.0 ], [ 107.47083, -6.79551, 0.0 ], [ 107.47058, -6.79576, 0.0 ], [ 107.47043, -6.79601, 0.0 ], [ 107.4703098, -6.796422, 0.0 ], [ 107.47015, -6.79697, 0.0 ], [ 107.47004, -6.79732, 0.0 ], [ 107.46961, -6.79806, 0.0 ], [ 107.46943, -6.79844, 0.0 ], [ 107.4693616, -6.7985939, 0.0 ], [ 107.46931, -6.79871, 0.0 ], [ 107.4699, -6.79874, 0.0 ], [ 107.47061, -6.79876, 0.0 ], [ 107.4716, -6.79873, 0.0 ], [ 107.47262, -6.79863, 0.0 ], [ 107.4729308, -6.7985929, 0.0 ], [ 107.47371, -6.7985, 0.0 ], [ 107.47427, -6.79846, 0.0 ], [ 107.47487, -6.79842, 0.0 ], [ 107.4755456, -6.7981592, 0.0 ], [ 107.4764079, -6.7974748, 0.0 ], [ 107.4770834, -6.7965442, 0.0 ], [ 107.4776371, -6.795985, 0.0 ], [ 107.4783148, -6.795487, 0.0 ], [ 107.4789309, -6.7950512, 0.0 ], [ 107.4796705, -6.7945529, 0.0 ], [ 107.4801639, -6.7943031, 0.0 ], [ 107.4808413, -6.7937433, 0.0 ], [ 107.4815808, -6.793245, 0.0 ], [ 107.4817831, -6.7930747, 0.0 ], [ 107.4819964, -6.7928031, 0.0 ], [ 107.4826824, -6.7921536, 0.0 ], [ 107.4830573, -6.7917539, 0.0 ], [ 107.4831566, -6.7917046, 0.0 ], [ 107.4831825, -6.7916801, 0.0 ], [ 107.4840236, -6.7910801, 0.0 ], [ 107.4846933, -6.7909277, 0.0 ], [ 107.4853621, -6.7906265, 0.0 ], [ 107.4854919, -6.790598, 0.0 ], [ 107.48571, -6.7905041, 0.0 ], [ 107.4859247, -6.7905029, 0.0 ], [ 107.486751, -6.7903215, 0.0 ], [ 107.487517, -6.7901393, 0.0 ], [ 107.4879336, -6.7899981, 0.0 ], [ 107.4882234, -6.7901063, 0.0 ], [ 107.4885627, -6.7901385, 0.0 ], [ 107.4891478, -6.7904514, 0.0 ], [ 107.4897303, -6.7906688, 0.0 ], [ 107.4904393, -6.7907832, 0.0 ], [ 107.4905027, -6.7907738, 0.0 ], [ 107.4905422, -6.7907998, 0.0 ], [ 107.4908444, -6.7908486, 0.0 ], [ 107.49116, -6.7909938, 0.0 ], [ 107.4914722, -6.7909922, 0.0 ], [ 107.4916542, -6.7912212, 0.0 ], [ 107.4917741, -6.7912765, 0.0 ], [ 107.4919016, -6.7920176, 0.0 ], [ 107.4918606, -6.7928876, 0.0 ], [ 107.4919817, -6.7934964, 0.0 ], [ 107.4920326, -6.7936023, 0.0 ], [ 107.4923173, -6.7940027, 0.0 ], [ 107.4925807, -6.794089, 0.0 ], [ 107.4928041, -6.7940878, 0.0 ], [ 107.4931032, -6.7943096, 0.0 ], [ 107.49313, -6.7946818, 0.0 ], [ 107.4935535, -6.7949526, 0.0 ], [ 107.4936295, -6.7952501, 0.0 ], [ 107.4935575, -6.795722, 0.0 ], [ 107.4935496, -6.7957355, 0.0 ], [ 107.4935657, -6.7957583, 0.0 ], [ 107.4935046, -6.7958124, 0.0 ], [ 107.4931637, -6.7963942, 0.0 ], [ 107.4917786, -6.7974437, 0.0 ], [ 107.4912318, -6.7978195, 0.0 ], [ 107.4905856, -6.7983902, 0.0 ], [ 107.4909184, -6.7991155, 0.0 ], [ 107.4909475, -6.7990522, 0.0 ], [ 107.49145, -6.79927, 0.0 ], [ 107.492, -6.79964, 0.0 ], [ 107.49271, -6.80007, 0.0 ], [ 107.49336, -6.80045, 0.0 ], [ 107.49368, -6.8006, 0.0 ], [ 107.49425, -6.80081, 0.0 ], [ 107.4942902, -6.8008236, 0.0 ], [ 107.49478, -6.80099, 0.0 ], [ 107.49522, -6.80122, 0.0 ], [ 107.49554, -6.80154, 0.0 ], [ 107.49598, -6.80197, 0.0 ], [ 107.49629, -6.80233, 0.0 ], [ 107.4965759, -6.8027092, 0.0 ], [ 107.49678, -6.80298, 0.0 ], [ 107.49737, -6.80355, 0.0 ], [ 107.4979806, -6.8042358, 0.0 ], [ 107.4982174, -6.8043479, 0.0 ], [ 107.4983457, -6.8043703, 0.0 ], [ 107.4987248, -6.8044366, 0.0 ], [ 107.4989161, -6.8044812, 0.0 ], [ 107.4992532, -6.8045025, 0.0 ], [ 107.4994878, -6.8043772, 0.0 ], [ 107.499515, -6.8043627, 0.0 ], [ 107.4997168, -6.8042537, 0.0 ], [ 107.4997744, -6.8042119, 0.0 ], [ 107.4997988, -6.8041608, 0.0 ], [ 107.4998095, -6.8041526, 0.0 ], [ 107.4998103, -6.8041437, 0.0 ], [ 107.4998424, -6.8040389, 0.0 ], [ 107.4999203, -6.8039775, 0.0 ], [ 107.4999986, -6.8039312, 0.0 ], [ 107.5000704, -6.8038886, 0.0 ], [ 107.5000989, -6.8038714, 0.0 ], [ 107.500102, -6.8038576, 0.0 ], [ 107.5001295, -6.803853, 0.0 ], [ 107.5002128, -6.8038027, 0.0 ], [ 107.5002929, -6.8037746, 0.0 ], [ 107.5003998, -6.8036816, 0.0 ], [ 107.5004331, -6.8036526, 0.0 ], [ 107.5005175, -6.8035791, 0.0 ], [ 107.5005986, -6.8035319, 0.0 ], [ 107.5006589, -6.8034274, 0.0 ], [ 107.5006526, -6.803359, 0.0 ], [ 107.500638, -6.8031985, 0.0 ], [ 107.5006068, -6.8029572, 0.0 ], [ 107.5006176, -6.8028873, 0.0 ], [ 107.5006566, -6.8026356, 0.0 ], [ 107.5006934, -6.802313, 0.0 ], [ 107.5007701, -6.8021328, 0.0 ], [ 107.5009443, -6.8018524, 0.0 ], [ 107.5012097, -6.8013536, 0.0 ], [ 107.5012506, -6.8013049, 0.0 ], [ 107.5013623, -6.8011375, 0.0 ], [ 107.5013873, -6.8011, 0.0 ], [ 107.5014312, -6.8010277, 0.0 ], [ 107.5015481, -6.8008352, 0.0 ], [ 107.5015496, -6.8008352, 0.0 ], [ 107.5016001, -6.8008649, 0.0 ], [ 107.5016182, -6.8008885, 0.0 ], [ 107.5016826, -6.8009722, 0.0 ], [ 107.5017402, -6.8010099, 0.0 ], [ 107.5018037, -6.8009695, 0.0 ], [ 107.5018734, -6.8008755, 0.0 ], [ 107.5019091, -6.8008187, 0.0 ], [ 107.5019556, -6.8007446, 0.0 ], [ 107.5021094, -6.8006178, 0.0 ], [ 107.5021548, -6.8005804, 0.0 ], [ 107.5021608, -6.8005755, 0.0 ], [ 107.5022712, -6.8004682, 0.0 ], [ 107.5023091, -6.8004593, 0.0 ], [ 107.5023858, -6.8004413, 0.0 ], [ 107.502811, -6.8003346, 0.0 ], [ 107.5029506, -6.8002859, 0.0 ], [ 107.5030626, -6.8002679, 0.0 ], [ 107.5032122, -6.8002505, 0.0 ], [ 107.5032901, -6.8002545, 0.0 ], [ 107.5035848, -6.8003152, 0.0 ], [ 107.5037684, -6.8004168, 0.0 ], [ 107.5038621, -6.8004319, 0.0 ], [ 107.5040526, -6.8004386, 0.0 ], [ 107.5043645, -6.8003875, 0.0 ], [ 107.504687, -6.8003257, 0.0 ], [ 107.505155, -6.8001444, 0.0 ], [ 107.5054382, -6.8000319, 0.0 ], [ 107.5056704, -6.7999862, 0.0 ], [ 107.5058686, -6.7999766, 0.0 ], [ 107.506098, -6.7999213, 0.0 ], [ 107.5061952, -6.7998008, 0.0 ], [ 107.5062286, -6.7997593, 0.0 ], [ 107.506373, -6.7995885, 0.0 ], [ 107.5065126, -6.7994235, 0.0 ], [ 107.5067644, -6.7992515, 0.0 ], [ 107.5068872, -6.7992178, 0.0 ], [ 107.5069303, -6.7992059, 0.0 ], [ 107.5069804, -6.7991936, 0.0 ], [ 107.50711, -6.79917, 0.0 ], [ 107.5073064, -6.7990679, 0.0 ], [ 107.5073488, -6.7990458, 0.0 ], [ 107.5074227, -6.7989773, 0.0 ], [ 107.5074985, -6.798907, 0.0 ], [ 107.5076319, -6.798797, 0.0 ], [ 107.5079502, -6.7985235, 0.0 ], [ 107.5079648, -6.798504, 0.0 ], [ 107.50797, -6.7985, 0.0 ], [ 107.50813, -6.79829, 0.0 ], [ 107.5081508, -6.7982483, 0.0 ], [ 107.5082276, -6.7981307, 0.0 ], [ 107.5082452, -6.798045, 0.0 ], [ 107.5082571, -6.7979332, 0.0 ], [ 107.5082837, -6.7978913, 0.0 ], [ 107.5083606, -6.797792, 0.0 ], [ 107.5083886, -6.7977535, 0.0 ], [ 107.50853, -6.79758, 0.0 ], [ 107.50864, -6.79741, 0.0 ], [ 107.50863, -6.79729, 0.0 ], [ 107.50863, -6.79715, 0.0 ], [ 107.50872, -6.79703, 0.0 ], [ 107.50887, -6.7969, 0.0 ], [ 107.50902, -6.79678, 0.0 ], [ 107.50917, -6.79686, 0.0 ], [ 107.5093, -6.79685, 0.0 ], [ 107.50937, -6.79678, 0.0 ], [ 107.50944, -6.79661, 0.0 ], [ 107.5094756, -6.7965546, 0.0 ], [ 107.5094819, -6.7965448, 0.0 ], [ 107.5097008, -6.7963421, 0.0 ], [ 107.509752, -6.7962946, 0.0 ], [ 107.5098288, -6.7962235, 0.0 ], [ 107.509894, -6.7962375, 0.0 ], [ 107.5099722, -6.7962625, 0.0 ], [ 107.5100438, -6.7962853, 0.0 ], [ 107.5100901, -6.7962646, 0.0 ], [ 107.51015, -6.79626, 0.0 ], [ 107.5102128, -6.7962098, 0.0 ], [ 107.5102562, -6.7961904, 0.0 ], [ 107.5102641, -6.7960874, 0.0 ], [ 107.5103168, -6.7958509, 0.0 ], [ 107.5103852, -6.7957716, 0.0 ], [ 107.5104637, -6.7957536, 0.0 ], [ 107.5104757, -6.7957508, 0.0 ], [ 107.5107026, -6.7957107, 0.0 ], [ 107.5107113, -6.7957032, 0.0 ], [ 107.5107604, -6.7956408, 0.0 ], [ 107.5108877, -6.7955085, 0.0 ], [ 107.5109366, -6.7955026, 0.0 ], [ 107.5109893, -6.7954962, 0.0 ], [ 107.5110864, -6.7954844, 0.0 ], [ 107.5111169, -6.7954575, 0.0 ], [ 107.5111333, -6.795443, 0.0 ], [ 107.5112283, -6.7954144, 0.0 ], [ 107.5113106, -6.7953806, 0.0 ], [ 107.5113679, -6.795315, 0.0 ], [ 107.5113951, -6.7952604, 0.0 ], [ 107.5114392, -6.7951722, 0.0 ], [ 107.5114961, -6.7949777, 0.0 ], [ 107.5115282, -6.7948317, 0.0 ], [ 107.5116037, -6.7947886, 0.0 ], [ 107.5116358, -6.7947777, 0.0 ], [ 107.5117211, -6.7947487, 0.0 ], [ 107.5117531, -6.7947379, 0.0 ], [ 107.5117864, -6.7947265, 0.0 ], [ 107.5118935, -6.7946658, 0.0 ], [ 107.5121537, -6.7945798, 0.0 ], [ 107.5122328, -6.7944789, 0.0 ], [ 107.5123419, -6.7943563, 0.0 ], [ 107.5124185, -6.7943079, 0.0 ], [ 107.51249, -6.79427, 0.0 ], [ 107.5125202, -6.7942434, 0.0 ], [ 107.5126846, -6.7941394, 0.0 ], [ 107.5128116, -6.7940303, 0.0 ], [ 107.5128435, -6.7939426, 0.0 ], [ 107.5129445, -6.7936856, 0.0 ], [ 107.5129924, -6.7935637, 0.0 ], [ 107.5130712, -6.7934968, 0.0 ], [ 107.5131471, -6.7934899, 0.0 ], [ 107.5131966, -6.7934854, 0.0 ], [ 107.5133469, -6.7935177, 0.0 ], [ 107.5134243, -6.7935089, 0.0 ], [ 107.5136366, -6.7934571, 0.0 ], [ 107.5139669, -6.7934083, 0.0 ], [ 107.5141331, -6.7933604, 0.0 ], [ 107.5141873, -6.7933013, 0.0 ], [ 107.5142805, -6.7931996, 0.0 ], [ 107.5143737, -6.7930404, 0.0 ], [ 107.5144542, -6.7930101, 0.0 ], [ 107.5144788, -6.793011, 0.0 ], [ 107.51448, -6.79301, 0.0 ], [ 107.5147774, -6.792545, 0.0 ], [ 107.5149022, -6.7926705, 0.0 ], [ 107.5149797, -6.7927708, 0.0 ], [ 107.5150435, -6.7930033, 0.0 ], [ 107.5152122, -6.7932813, 0.0 ], [ 107.5152456, -6.7933236, 0.0 ], [ 107.5153671, -6.7934773, 0.0 ], [ 107.5157728, -6.7936049, 0.0 ], [ 107.5158913, -6.7936687, 0.0 ], [ 107.515987, -6.7937599, 0.0 ], [ 107.5160508, -6.7938556, 0.0 ], [ 107.5161101, -6.7939741, 0.0 ], [ 107.516101, -6.7941291, 0.0 ], [ 107.51622, -6.79503, 0.0 ], [ 107.51625, -6.79566, 0.0 ], [ 107.5163, -6.79617, 0.0 ], [ 107.5165, -6.79681, 0.0 ], [ 107.5166844, -6.7970142, 0.0 ], [ 107.5171766, -6.7971373, 0.0 ], [ 107.5175732, -6.7971601, 0.0 ], [ 107.5180563, -6.7971783, 0.0 ], [ 107.5184027, -6.797192, 0.0 ], [ 107.5185577, -6.7972102, 0.0 ], [ 107.518895, -6.7973606, 0.0 ], [ 107.5194192, -6.7977207, 0.0 ], [ 107.5196303, -6.7978827, 0.0 ], [ 107.5202007, -6.7984693, 0.0 ], [ 107.5204329, -6.7987091, 0.0 ], [ 107.5205191, -6.7987908, 0.0 ], [ 107.5206766, -6.7987206, 0.0 ], [ 107.5209244, -6.7992716, 0.0 ], [ 107.5209659, -6.7993639, 0.0 ], [ 107.52119, -6.79976, 0.0 ], [ 107.52148, -6.80029, 0.0 ], [ 107.52156, -6.80058, 0.0 ], [ 107.5216674, -6.8010452, 0.0 ], [ 107.5216, -6.80109, 0.0 ], [ 107.5215363, -6.8011269, 0.0 ], [ 107.5214045, -6.8011533, 0.0 ], [ 107.5213046, -6.8012068, 0.0 ], [ 107.5212511, -6.8012782, 0.0 ], [ 107.5212618, -6.8013568, 0.0 ], [ 107.5213117, -6.8014139, 0.0 ], [ 107.5214045, -6.8015388, 0.0 ], [ 107.5214402, -6.8016137, 0.0 ], [ 107.5214902, -6.8016566, 0.0 ], [ 107.5213546, -6.8017565, 0.0 ], [ 107.5212537, -6.8018317, 0.0 ], [ 107.5210655, -6.80181, 0.0 ], [ 107.5209441, -6.8016744, 0.0 ], [ 107.5208661, -6.8016752, 0.0 ], [ 107.5207978, -6.8016744, 0.0 ], [ 107.5207549, -6.8017815, 0.0 ], [ 107.5207549, -6.8019028, 0.0 ], [ 107.5207835, -6.8019385, 0.0 ], [ 107.5207371, -6.8020813, 0.0 ], [ 107.5207335, -6.8022455, 0.0 ], [ 107.5208699, -6.8024055, 0.0 ], [ 107.5209905, -6.8026988, 0.0 ], [ 107.520937, -6.8029807, 0.0 ], [ 107.520912, -6.8032413, 0.0 ], [ 107.5208692, -6.803459, 0.0 ], [ 107.5209477, -6.8037624, 0.0 ], [ 107.5209477, -6.8039516, 0.0 ], [ 107.5209402, -6.8040063, 0.0 ], [ 107.520937, -6.8040301, 0.0 ], [ 107.5208941, -6.8040979, 0.0 ], [ 107.5208228, -6.8041157, 0.0 ], [ 107.5207245, -6.8041272, 0.0 ], [ 107.5205122, -6.80413, 0.0 ], [ 107.5204227, -6.8041533, 0.0 ], [ 107.5202475, -6.804116, 0.0 ], [ 107.5200946, -6.8041157, 0.0 ], [ 107.5200233, -6.8041372, 0.0 ], [ 107.5199412, -6.8041728, 0.0 ], [ 107.5198769, -6.8042478, 0.0 ], [ 107.5198448, -6.8043192, 0.0 ], [ 107.5198484, -6.8044048, 0.0 ], [ 107.5198198, -6.8044941, 0.0 ], [ 107.5197948, -6.8045512, 0.0 ], [ 107.5197663, -6.8046154, 0.0 ], [ 107.5197342, -6.8047189, 0.0 ], [ 107.5196414, -6.8048224, 0.0 ], [ 107.5194948, -6.8048315, 0.0 ], [ 107.5193166, -6.8049045, 0.0 ], [ 107.5192238, -6.8050187, 0.0 ], [ 107.519131, -6.8051579, 0.0 ], [ 107.5191247, -6.8051941, 0.0 ], [ 107.5190988, -6.8053435, 0.0 ], [ 107.5191131, -6.8054649, 0.0 ], [ 107.5191095, -6.8055506, 0.0 ], [ 107.5191345, -6.8056005, 0.0 ], [ 107.5191477, -6.805675, 0.0 ], [ 107.5191738, -6.8057219, 0.0 ], [ 107.5191595, -6.8058147, 0.0 ], [ 107.5191524, -6.8060431, 0.0 ], [ 107.5190953, -6.8061145, 0.0 ], [ 107.5189989, -6.8061609, 0.0 ], [ 107.5188166, -6.8061768, 0.0 ], [ 107.5187681, -6.8061842, 0.0 ], [ 107.5187276, -6.8061823, 0.0 ], [ 107.5187098, -6.8062644, 0.0 ], [ 107.5186812, -6.8063429, 0.0 ], [ 107.5187134, -6.8063893, 0.0 ], [ 107.5187134, -6.8064714, 0.0 ], [ 107.518799, -6.8065963, 0.0 ], [ 107.5188276, -6.8068997, 0.0 ], [ 107.5187348, -6.8069675, 0.0 ], [ 107.5187134, -6.8070211, 0.0 ], [ 107.5187942, -6.8071605, 0.0 ], [ 107.5187, -6.80731, 0.0 ], [ 107.51853, -6.80743, 0.0 ], [ 107.51829, -6.80745, 0.0 ], [ 107.51812, -6.80747, 0.0 ], [ 107.5181147, -6.8074761, 0.0 ], [ 107.51805, -6.80755, 0.0 ], [ 107.51801, -6.80776, 0.0 ], [ 107.51788, -6.80781, 0.0 ], [ 107.51757, -6.8079, 0.0 ], [ 107.51725, -6.80809, 0.0 ], [ 107.51719, -6.80817, 0.0 ], [ 107.51719, -6.80834, 0.0 ], [ 107.51719, -6.80853, 0.0 ], [ 107.51725, -6.80869, 0.0 ], [ 107.51723, -6.80886, 0.0 ], [ 107.51718, -6.80919, 0.0 ], [ 107.51711, -6.8094, 0.0 ], [ 107.517, -6.80957, 0.0 ], [ 107.51687, -6.80986, 0.0 ], [ 107.51678, -6.81002, 0.0 ], [ 107.51667, -6.81011, 0.0 ], [ 107.51652, -6.81022, 0.0 ], [ 107.5164, -6.81029, 0.0 ], [ 107.51635, -6.81041, 0.0 ], [ 107.516337, -6.8104882, 0.0 ], [ 107.51631, -6.81065, 0.0 ], [ 107.51629, -6.81092, 0.0 ], [ 107.51624, -6.81111, 0.0 ], [ 107.51615, -6.81142, 0.0 ], [ 107.51612, -6.81157, 0.0 ], [ 107.51616, -6.81201, 0.0 ], [ 107.51622, -6.81242, 0.0 ], [ 107.51602, -6.81265, 0.0 ], [ 107.51591, -6.81276, 0.0 ], [ 107.51553, -6.81313, 0.0 ], [ 107.51526, -6.81338, 0.0 ], [ 107.51512, -6.81355, 0.0 ], [ 107.515, -6.81386, 0.0 ], [ 107.51492, -6.81406, 0.0 ], [ 107.5148143, -6.8142856, 0.0 ], [ 107.51489, -6.81434, 0.0 ], [ 107.5149708, -6.8144831, 0.0 ], [ 107.5149298, -6.8145502, 0.0 ], [ 107.5149559, -6.8146135, 0.0 ], [ 107.5152578, -6.8147887, 0.0 ], [ 107.5152652, -6.8149191, 0.0 ], [ 107.515146, -6.8150719, 0.0 ], [ 107.515146, -6.81518, 0.0 ], [ 107.5152802, -6.8152537, 0.0 ], [ 107.51531, -6.81527, 0.0 ], [ 107.51542, -6.81531, 0.0 ], [ 107.51554, -6.81524, 0.0 ], [ 107.51584, -6.81498, 0.0 ], [ 107.51628, -6.81519, 0.0 ], [ 107.51649, -6.81532, 0.0 ], [ 107.51668, -6.81555, 0.0 ], [ 107.51653, -6.81566, 0.0 ], [ 107.51642, -6.81575, 0.0 ], [ 107.51631, -6.81595, 0.0 ], [ 107.51602, -6.81621, 0.0 ], [ 107.51596, -6.81631, 0.0 ], [ 107.51585, -6.81638, 0.0 ], [ 107.51566, -6.81645, 0.0 ], [ 107.51538, -6.81648, 0.0 ], [ 107.51505, -6.81672, 0.0 ], [ 107.51465, -6.81702, 0.0 ], [ 107.5145574, -6.8170729, 0.0 ], [ 107.5143518, -6.8171397, 0.0 ], [ 107.5142055, -6.8171718, 0.0 ], [ 107.5139556, -6.8173253, 0.0 ], [ 107.5136487, -6.8175609, 0.0 ], [ 107.51346, -6.81781, 0.0 ], [ 107.51339, -6.81781, 0.0 ], [ 107.51298, -6.8178, 0.0 ], [ 107.51264, -6.81788, 0.0 ], [ 107.51246, -6.81792, 0.0 ], [ 107.51214, -6.81816, 0.0 ], [ 107.51199, -6.81828, 0.0 ], [ 107.51198, -6.81851, 0.0 ], [ 107.51198, -6.8188, 0.0 ], [ 107.51201, -6.81891, 0.0 ], [ 107.51211, -6.81909, 0.0 ], [ 107.51236, -6.81931, 0.0 ], [ 107.51274, -6.81947, 0.0 ], [ 107.51331, -6.81954, 0.0 ], [ 107.51371, -6.81964, 0.0 ], [ 107.51408, -6.81988, 0.0 ], [ 107.5142, -6.82, 0.0 ], [ 107.51438, -6.82031, 0.0 ], [ 107.51445, -6.82056, 0.0 ], [ 107.51452, -6.821, 0.0 ], [ 107.5145849, -6.8212149, 0.0 ], [ 107.51468, -6.82153, 0.0 ], [ 107.51493, -6.82184, 0.0 ], [ 107.5152, -6.82202, 0.0 ], [ 107.51556, -6.82215, 0.0 ], [ 107.51586, -6.82219, 0.0 ], [ 107.5161, -6.82219, 0.0 ], [ 107.51631, -6.82229, 0.0 ], [ 107.51667, -6.82245, 0.0 ], [ 107.5166432, -6.8225488, 0.0 ], [ 107.5166682, -6.8226523, 0.0 ], [ 107.5168824, -6.8226845, 0.0 ], [ 107.5170144, -6.8227059, 0.0 ], [ 107.5170573, -6.8227915, 0.0 ], [ 107.5172286, -6.8231163, 0.0 ], [ 107.5172393, -6.8231984, 0.0 ], [ 107.517292, -6.823281, 0.0 ], [ 107.5172964, -6.8233233, 0.0 ], [ 107.5174285, -6.8233662, 0.0 ], [ 107.5174641, -6.8233947, 0.0 ], [ 107.5175177, -6.8234054, 0.0 ], [ 107.5177533, -6.8235089, 0.0 ], [ 107.517871, -6.8234911, 0.0 ], [ 107.5179669, -6.8234751, 0.0 ], [ 107.5180138, -6.8235054, 0.0 ], [ 107.5180566, -6.8235482, 0.0 ], [ 107.5180673, -6.8236232, 0.0 ], [ 107.5181102, -6.823716, 0.0 ], [ 107.5182172, -6.8238873, 0.0 ], [ 107.518385, -6.82403, 0.0 ], [ 107.5184148, -6.8240335, 0.0 ], [ 107.5184174, -6.8240341, 0.0 ], [ 107.51852, -6.82426, 0.0 ], [ 107.51861, -6.82446, 0.0 ], [ 107.51866, -6.82481, 0.0 ], [ 107.51861, -6.82529, 0.0 ], [ 107.51859, -6.82549, 0.0 ], [ 107.5184942, -6.8257933, 0.0 ], [ 107.51847, -6.82587, 0.0 ], [ 107.51821, -6.8261, 0.0 ], [ 107.51814, -6.8263, 0.0 ], [ 107.51813, -6.82652, 0.0 ], [ 107.51823, -6.82669, 0.0 ], [ 107.51839, -6.82687, 0.0 ], [ 107.51879, -6.82687, 0.0 ], [ 107.51886, -6.82692, 0.0 ], [ 107.51888, -6.82702, 0.0 ], [ 107.51881, -6.8271, 0.0 ], [ 107.51868, -6.82723, 0.0 ], [ 107.51848, -6.82726, 0.0 ], [ 107.51818, -6.82739, 0.0 ], [ 107.51777, -6.82763, 0.0 ], [ 107.51748, -6.82773, 0.0 ], [ 107.51717, -6.82789, 0.0 ], [ 107.51694, -6.82803, 0.0 ], [ 107.5164343, -6.8279727, 0.0 ], [ 107.5161641, -6.827942, 0.0 ], [ 107.5162483, -6.8279789, 0.0 ], [ 107.5164436, -6.8280706, 0.0 ], [ 107.5166107, -6.828149, 0.0 ], [ 107.5166272, -6.8281645, 0.0 ], [ 107.5169393, -6.828457, 0.0 ], [ 107.5168918, -6.8292486, 0.0 ], [ 107.5167909, -6.8296964, 0.0 ], [ 107.5169655, -6.8301772, 0.0 ], [ 107.5174266, -6.8306993, 0.0 ], [ 107.5174522, -6.8307359, 0.0 ], [ 107.5175045, -6.8308105, 0.0 ], [ 107.5176856, -6.8309641, 0.0 ], [ 107.5177979, -6.8310923, 0.0 ], [ 107.5179532, -6.8312288, 0.0 ], [ 107.5180915, -6.8313912, 0.0 ], [ 107.5181692, -6.831468, 0.0 ], [ 107.5182385, -6.8315792, 0.0 ], [ 107.5185668, -6.8319552, 0.0 ], [ 107.5186036, -6.8319945, 0.0 ], [ 107.5187827, -6.8321858, 0.0 ], [ 107.518852, -6.8323056, 0.0 ], [ 107.5189169, -6.8323774, 0.0 ], [ 107.5188499, -6.8324459, 0.0 ], [ 107.51887, -6.83247, 0.0 ], [ 107.51902, -6.83257, 0.0 ], [ 107.51955, -6.83299, 0.0 ], [ 107.52009, -6.83339, 0.0 ], [ 107.52052, -6.83355, 0.0 ], [ 107.52086, -6.8336, 0.0 ], [ 107.52133, -6.83376, 0.0 ], [ 107.52177, -6.83391, 0.0 ], [ 107.52202, -6.83395, 0.0 ], [ 107.52223, -6.83397, 0.0 ], [ 107.52246, -6.83384, 0.0 ], [ 107.52274, -6.83367, 0.0 ], [ 107.52294, -6.83366, 0.0 ], [ 107.52303, -6.83359, 0.0 ], [ 107.52374, -6.83397, 0.0 ], [ 107.52405, -6.83415, 0.0 ], [ 107.52413, -6.83438, 0.0 ], [ 107.52447, -6.83459, 0.0 ], [ 107.52474, -6.83474, 0.0 ], [ 107.52485, -6.83478, 0.0 ], [ 107.52511, -6.8347, 0.0 ], [ 107.52534, -6.83459, 0.0 ], [ 107.52552, -6.83449, 0.0 ], [ 107.52568, -6.83449, 0.0 ], [ 107.52574, -6.83454, 0.0 ], [ 107.52577, -6.83424, 0.0 ], [ 107.52578, -6.83388, 0.0 ], [ 107.52575, -6.83356, 0.0 ], [ 107.52578, -6.83346, 0.0 ], [ 107.52596, -6.83308, 0.0 ], [ 107.52612, -6.83286, 0.0 ], [ 107.52628, -6.83274, 0.0 ], [ 107.52647, -6.83259, 0.0 ], [ 107.52654, -6.83251, 0.0 ], [ 107.52663, -6.83233, 0.0 ], [ 107.52672, -6.83222, 0.0 ], [ 107.52684, -6.83205, 0.0 ], [ 107.52701, -6.83197, 0.0 ], [ 107.52703, -6.83191, 0.0 ], [ 107.52706, -6.83174, 0.0 ], [ 107.52717, -6.83166, 0.0 ], [ 107.52725, -6.83158, 0.0 ], [ 107.52745, -6.83164, 0.0 ], [ 107.52763, -6.8317, 0.0 ], [ 107.52776, -6.83167, 0.0 ], [ 107.52782, -6.8316, 0.0 ], [ 107.52798, -6.83143, 0.0 ], [ 107.52811, -6.83124, 0.0 ], [ 107.52832, -6.83121, 0.0 ], [ 107.52846, -6.83124, 0.0 ], [ 107.52866, -6.83139, 0.0 ], [ 107.52875, -6.83142, 0.0 ], [ 107.52907, -6.83127, 0.0 ], [ 107.52919, -6.83118, 0.0 ], [ 107.52942, -6.83093, 0.0 ], [ 107.52952, -6.83087, 0.0 ], [ 107.5296, -6.83068, 0.0 ], [ 107.52965, -6.83043, 0.0 ], [ 107.52971, -6.83025, 0.0 ], [ 107.5299, -6.83001, 0.0 ], [ 107.53014, -6.82967, 0.0 ], [ 107.53065, -6.82925, 0.0 ], [ 107.53073, -6.82914, 0.0 ], [ 107.53092, -6.8289, 0.0 ], [ 107.53097, -6.828858, 0.0 ], [ 107.53117, -6.82869, 0.0 ], [ 107.53124, -6.82858, 0.0 ], [ 107.53137, -6.82841, 0.0 ], [ 107.53162, -6.82827, 0.0 ], [ 107.53196, -6.82802, 0.0 ], [ 107.5321247, -6.8280108, 0.0 ], [ 107.5325, -6.82799, 0.0 ], [ 107.5328, -6.82802, 0.0 ], [ 107.53342, -6.82817, 0.0 ], [ 107.53356, -6.82821, 0.0 ], [ 107.53433, -6.82848, 0.0 ], [ 107.53446, -6.8285, 0.0 ], [ 107.53507, -6.82861, 0.0 ], [ 107.53577, -6.82873, 0.0 ], [ 107.53644, -6.82883, 0.0 ], [ 107.53718, -6.82898, 0.0 ], [ 107.5371799, -6.8289802, 0.0 ], [ 107.53718, -6.8289802, 0.0 ], [ 107.53725, -6.82899, 0.0 ], [ 107.53743, -6.82903, 0.0 ], [ 107.53798, -6.82909, 0.0 ], [ 107.5384688, -6.8291721, 0.0 ], [ 107.5386335, -6.8286991, 0.0 ], [ 107.5388886, -6.8278383, 0.0 ], [ 107.5390374, -6.8274663, 0.0 ], [ 107.5391224, -6.8273069, 0.0 ], [ 107.5391968, -6.8272644, 0.0 ], [ 107.5393403, -6.8271847, 0.0 ], [ 107.5395847, -6.8270837, 0.0 ], [ 107.5400895, -6.8268659, 0.0 ], [ 107.5402542, -6.8267809, 0.0 ], [ 107.54051, -6.82667, 0.0 ], [ 107.5409185, -6.8264036, 0.0 ], [ 107.5410885, -6.8262654, 0.0 ], [ 107.5410939, -6.8262483, 0.0 ], [ 107.5412532, -6.8257447, 0.0 ], [ 107.5415295, -6.8248945, 0.0 ], [ 107.5418856, -6.8238902, 0.0 ], [ 107.541909, -6.8238126, 0.0 ], [ 107.542061, -6.8233103, 0.0 ], [ 107.54213, -6.8230825, 0.0 ], [ 107.5423, -6.8226999, 0.0 ], [ 107.5425551, -6.8220197, 0.0 ], [ 107.5427942, -6.8212917, 0.0 ], [ 107.5430121, -6.8206966, 0.0 ], [ 107.5432725, -6.8200855, 0.0 ], [ 107.5434372, -6.819586, 0.0 ], [ 107.5436, -6.8196, 0.0 ], [ 107.5436478, -6.8196019, 0.0 ], [ 107.5441, -6.81962, 0.0 ], [ 107.54436, -6.81957, 0.0 ], [ 107.54487, -6.81958, 0.0 ], [ 107.545, -6.81951, 0.0 ], [ 107.54521, -6.81945, 0.0 ], [ 107.54589, -6.81931, 0.0 ], [ 107.54602, -6.81931, 0.0 ], [ 107.5461576, -6.8192746, 0.0 ], [ 107.546182, -6.8192815, 0.0 ], [ 107.5464984, -6.819251, 0.0 ], [ 107.5470163, -6.8192195, 0.0 ], [ 107.5473081, -6.8191394, 0.0 ], [ 107.5472641, -6.8192818, 0.0 ], [ 107.547144, -6.8202523, 0.0 ], [ 107.5475147, -6.8205075, 0.0 ], [ 107.5478002, -6.820736, 0.0 ], [ 107.5478383, -6.8208407, 0.0 ], [ 107.5479334, -6.8210786, 0.0 ], [ 107.5481619, -6.8211167, 0.0 ], [ 107.5482147, -6.8213193, 0.0 ], [ 107.5485267, -6.821293, 0.0 ], [ 107.5489357, -6.8216819, 0.0 ], [ 107.5491284, -6.8226194, 0.0 ], [ 107.5490531, -6.8231673, 0.0 ], [ 107.5488348, -6.8233249, 0.0 ], [ 107.5486325, -6.8235975, 0.0 ], [ 107.54854, -6.82369, 0.0 ], [ 107.5484844, -6.8238691, 0.0 ], [ 107.5483696, -6.8241408, 0.0 ], [ 107.5483418, -6.8247979, 0.0 ], [ 107.54847, -6.825336, 0.0 ], [ 107.54838, -6.82536, 0.0 ], [ 107.5483178, -6.8254843, 0.0 ], [ 107.5483, -6.82552, 0.0 ], [ 107.5482, -6.82571, 0.0 ], [ 107.54789, -6.82593, 0.0 ], [ 107.54744, -6.82634, 0.0 ], [ 107.54713, -6.82656, 0.0 ], [ 107.54691, -6.82679, 0.0 ], [ 107.546873, -6.8268725, 0.0 ], [ 107.5467765, -6.8269631, 0.0 ], [ 107.5467614, -6.8272813, 0.0 ], [ 107.5469305, -6.8274222, 0.0 ], [ 107.5469131, -6.827389, 0.0 ], [ 107.5469067, -6.8273769, 0.0 ], [ 107.5469392, -6.8273704, 0.0 ], [ 107.5470283, -6.8273525, 0.0 ], [ 107.5470771, -6.8273522, 0.0 ], [ 107.5471088, -6.827365, 0.0 ], [ 107.5471693, -6.8274034, 0.0 ], [ 107.5471967, -6.8274334, 0.0 ], [ 107.5472588, -6.8275033, 0.0 ], [ 107.5472806, -6.827552, 0.0 ], [ 107.547327, -6.8276422, 0.0 ], [ 107.5473533, -6.8277367, 0.0 ], [ 107.5473708, -6.8277911, 0.0 ], [ 107.5474056, -6.8278569, 0.0 ], [ 107.5474289, -6.827924, 0.0 ], [ 107.5474593, -6.827964, 0.0 ], [ 107.5474853, -6.8279925, 0.0 ], [ 107.5475342, -6.828021, 0.0 ], [ 107.5475875, -6.8280436, 0.0 ], [ 107.5476222, -6.8280994, 0.0 ], [ 107.5476209, -6.8281238, 0.0 ], [ 107.5476369, -6.8281653, 0.0 ], [ 107.5476629, -6.8282025, 0.0 ], [ 107.5477062, -6.8282381, 0.0 ], [ 107.5477667, -6.8282737, 0.0 ], [ 107.5478142, -6.8282992, 0.0 ], [ 107.5478808, -6.8283214, 0.0 ], [ 107.5479365, -6.8283574, 0.0 ], [ 107.5480016, -6.8283806, 0.0 ], [ 107.5480141, -6.8283373, 0.0 ], [ 107.5480236, -6.8283043, 0.0 ], [ 107.5480548, -6.8283123, 0.0 ], [ 107.5484615, -6.828417, 0.0 ], [ 107.5488433, -6.8285309, 0.0 ], [ 107.5491003, -6.8286101, 0.0 ], [ 107.5493862, -6.8287072, 0.0 ], [ 107.5496601, -6.8287658, 0.0 ], [ 107.549725, -6.8287832, 0.0 ], [ 107.5501926, -6.8288878, 0.0 ], [ 107.5508303, -6.8290591, 0.0 ], [ 107.5511253, -6.8291591, 0.0 ], [ 107.5512348, -6.8291829, 0.0 ], [ 107.55133, -6.8292304, 0.0 ], [ 107.5514299, -6.8293066, 0.0 ], [ 107.5517503, -6.829351, 0.0 ], [ 107.5517316, -6.8294843, 0.0 ], [ 107.5517139, -6.8295871, 0.0 ], [ 107.5516155, -6.8298457, 0.0 ], [ 107.5515073, -6.8304662, 0.0 ], [ 107.5515096, -6.8307045, 0.0 ], [ 107.5514455, -6.830924, 0.0 ], [ 107.5514261, -6.8310587, 0.0 ], [ 107.5514556, -6.8311268, 0.0 ], [ 107.5515092, -6.831191, 0.0 ], [ 107.5515009, -6.8312384, 0.0 ], [ 107.5514759, -6.8313811, 0.0 ], [ 107.5513584, -6.8316526, 0.0 ], [ 107.5512915, -6.8317475, 0.0 ], [ 107.5512527, -6.8318025, 0.0 ], [ 107.5511428, -6.8319082, 0.0 ], [ 107.5510142, -6.8321656, 0.0 ], [ 107.5509748, -6.8322564, 0.0 ], [ 107.5506947, -6.8326871, 0.0 ], [ 107.5505687, -6.8328809, 0.0 ], [ 107.5505579, -6.8328965, 0.0 ], [ 107.5502889, -6.8334423, 0.0 ], [ 107.5502482, -6.8335259, 0.0 ], [ 107.5501152, -6.8337989, 0.0 ], [ 107.5501086, -6.8338123, 0.0 ], [ 107.5500813, -6.8339631, 0.0 ], [ 107.5501437, -6.8340998, 0.0 ], [ 107.5501831, -6.8341805, 0.0 ], [ 107.5502192, -6.8342545, 0.0 ], [ 107.5502236, -6.8342636, 0.0 ], [ 107.5502308, -6.8344165, 0.0 ], [ 107.5502017, -6.8345199, 0.0 ], [ 107.5501389, -6.8346254, 0.0 ], [ 107.5501105, -6.8346732, 0.0 ], [ 107.5499047, -6.8349518, 0.0 ], [ 107.5498709, -6.8349977, 0.0 ], [ 107.5498201, -6.8350755, 0.0 ], [ 107.5495998, -6.835413, 0.0 ], [ 107.5495426, -6.8355524, 0.0 ], [ 107.5495376, -6.8355646, 0.0 ], [ 107.5495322, -6.8355778, 0.0 ], [ 107.5494738, -6.8357994, 0.0 ], [ 107.5494727, -6.8358035, 0.0 ], [ 107.5494507, -6.8358869, 0.0 ], [ 107.5494461, -6.8359061, 0.0 ], [ 107.5493874, -6.8361528, 0.0 ], [ 107.5493907, -6.8361658, 0.0 ], [ 107.5494771, -6.8364977, 0.0 ], [ 107.5495535, -6.8366263, 0.0 ], [ 107.5495788, -6.8366688, 0.0 ], [ 107.5495992, -6.8367518, 0.0 ], [ 107.5496066, -6.8367819, 0.0 ], [ 107.5495845, -6.8369197, 0.0 ], [ 107.5495094, -6.8370814, 0.0 ], [ 107.5494861, -6.8371303, 0.0 ], [ 107.5494436, -6.8372197, 0.0 ], [ 107.5494064, -6.8373562, 0.0 ], [ 107.5493947, -6.8374692, 0.0 ], [ 107.549351, -6.8378899, 0.0 ], [ 107.5493574, -6.8380593, 0.0 ], [ 107.5493581, -6.8380768, 0.0 ], [ 107.5493693, -6.8383767, 0.0 ], [ 107.5493565, -6.838545, 0.0 ], [ 107.549593, -6.8386103, 0.0 ], [ 107.549731, -6.8386436, 0.0 ], [ 107.5500831, -6.8387102, 0.0 ], [ 107.5502925, -6.8387816, 0.0 ], [ 107.5503782, -6.8388102, 0.0 ], [ 107.5507542, -6.8388815, 0.0 ], [ 107.5512348, -6.8390053, 0.0 ], [ 107.5517494, -6.8391785, 0.0 ], [ 107.5517167, -6.8393453, 0.0 ], [ 107.5518933, -6.839389, 0.0 ], [ 107.5525464, -6.839664, 0.0 ], [ 107.5527495, -6.839737, 0.0 ], [ 107.5528122, -6.8397595, 0.0 ], [ 107.5528363, -6.8397644, 0.0 ], [ 107.5528356, -6.8397761, 0.0 ], [ 107.552833, -6.8398249, 0.0 ], [ 107.5528508, -6.8398817, 0.0 ], [ 107.5529299, -6.8399042, 0.0 ], [ 107.5530463, -6.839928, 0.0 ], [ 107.5531254, -6.8399577, 0.0 ], [ 107.5531226, -6.8399835, 0.0 ], [ 107.5531028, -6.8400338, 0.0 ], [ 107.5530546, -6.8401446, 0.0 ], [ 107.5530163, -6.8402251, 0.0 ], [ 107.5530136, -6.8402667, 0.0 ], [ 107.553064, -6.840291, 0.0 ], [ 107.553287, -6.840408, 0.0 ], [ 107.553369, -6.839845, 0.0 ], [ 107.5533746, -6.8398077, 0.0 ], [ 107.5534244, -6.8398163, 0.0 ], [ 107.5535603, -6.8398366, 0.0 ], [ 107.5536465, -6.8398476, 0.0 ], [ 107.5537442, -6.8398566, 0.0 ], [ 107.5538514, -6.8398561, 0.0 ], [ 107.5539281, -6.8398596, 0.0 ], [ 107.5540602, -6.8398666, 0.0 ], [ 107.5542, -6.8398907, 0.0 ], [ 107.5543551, -6.8399109, 0.0 ], [ 107.5545103, -6.839933, 0.0 ], [ 107.5546654, -6.8399552, 0.0 ], [ 107.554909, -6.8400046, 0.0 ], [ 107.5549455, -6.8400142, 0.0 ], [ 107.5549892, -6.8400257, 0.0 ], [ 107.5550791, -6.8400491, 0.0 ], [ 107.555175, -6.8400845, 0.0 ], [ 107.5552636, -6.8401091, 0.0 ], [ 107.5553549, -6.8401275, 0.0 ], [ 107.5554109, -6.8401466, 0.0 ], [ 107.5554457, -6.8401524, 0.0 ], [ 107.5554876, -6.8401641, 0.0 ], [ 107.5555187, -6.8401759, 0.0 ], [ 107.555544, -6.8402021, 0.0 ], [ 107.5555598, -6.8402474, 0.0 ], [ 107.5555694, -6.8403047, 0.0 ], [ 107.5555744, -6.8403362, 0.0 ], [ 107.5555604, -6.840408, 0.0 ], [ 107.5555311, -6.8404828, 0.0 ], [ 107.5554981, -6.8405681, 0.0 ], [ 107.5554697, -6.8406237, 0.0 ], [ 107.5554613, -6.8406682, 0.0 ], [ 107.5554567, -6.8406993, 0.0 ], [ 107.555453, -6.8407456, 0.0 ], [ 107.5554416, -6.8407457, 0.0 ], [ 107.5553688, -6.8407365, 0.0 ], [ 107.5553133, -6.8407368, 0.0 ], [ 107.5552482, -6.8407429, 0.0 ], [ 107.5552005, -6.8407565, 0.0 ], [ 107.5551508, -6.8407721, 0.0 ], [ 107.5551126, -6.8407953, 0.0 ], [ 107.5550917, -6.8408221, 0.0 ], [ 107.5550708, -6.8408529, 0.0 ], [ 107.5550462, -6.8408932, 0.0 ], [ 107.5550119, -6.8409278, 0.0 ], [ 107.5549697, -6.8409707, 0.0 ], [ 107.5549336, -6.8410073, 0.0 ], [ 107.5549319, -6.841009, 0.0 ], [ 107.5549294, -6.8410143, 0.0 ], [ 107.5549225, -6.8410286, 0.0 ], [ 107.5548681, -6.8411416, 0.0 ], [ 107.5547981, -6.8414104, 0.0 ], [ 107.5547238, -6.8416952, 0.0 ], [ 107.5546924, -6.8419224, 0.0 ], [ 107.5546824, -6.8419947, 0.0 ], [ 107.5545906, -6.8425497, 0.0 ], [ 107.5545554, -6.8427623, 0.0 ], [ 107.5544682, -6.8428666, 0.0 ], [ 107.5543927, -6.8429568, 0.0 ], [ 107.5541414, -6.8432025, 0.0 ], [ 107.5540364, -6.8433442, 0.0 ], [ 107.5540303, -6.8433526, 0.0 ], [ 107.5539689, -6.8434355, 0.0 ], [ 107.5538573, -6.8435771, 0.0 ], [ 107.5536083, -6.84371, 0.0 ], [ 107.5534833, -6.843811, 0.0 ], [ 107.5533301, -6.8440292, 0.0 ], [ 107.5533145, -6.8440515, 0.0 ], [ 107.553299, -6.8440958, 0.0 ], [ 107.5532791, -6.844153, 0.0 ], [ 107.5532738, -6.8441682, 0.0 ], [ 107.5532721, -6.8441755, 0.0 ], [ 107.5532365, -6.8443292, 0.0 ], [ 107.5531769, -6.8445093, 0.0 ], [ 107.5531361, -6.8446324, 0.0 ], [ 107.553046, -6.8447884, 0.0 ], [ 107.5530399, -6.8447989, 0.0 ], [ 107.5527236, -6.8449424, 0.0 ], [ 107.552705, -6.8449509, 0.0 ], [ 107.5526781, -6.8449631, 0.0 ], [ 107.5524924, -6.8450785, 0.0 ], [ 107.5523209, -6.8451553, 0.0 ], [ 107.5522732, -6.8451767, 0.0 ], [ 107.5521209, -6.8452449, 0.0 ], [ 107.5519291, -6.8454009, 0.0 ], [ 107.5519286, -6.8454013, 0.0 ], [ 107.5518703, -6.8455171, 0.0 ], [ 107.5518662, -6.8455426, 0.0 ], [ 107.5518341, -6.8457404, 0.0 ], [ 107.5518237, -6.8458041, 0.0 ], [ 107.5517902, -6.8459064, 0.0 ], [ 107.5517736, -6.8459569, 0.0 ], [ 107.5517617, -6.8459633, 0.0 ], [ 107.5516386, -6.8460298, 0.0 ], [ 107.5516123, -6.8460484, 0.0 ], [ 107.5515363, -6.8461022, 0.0 ], [ 107.5515351, -6.8461031, 0.0 ], [ 107.5515283, -6.84614, 0.0 ], [ 107.5514284, -6.8466868, 0.0 ], [ 107.5514292, -6.8467874, 0.0 ], [ 107.551429, -6.8467879, 0.0 ], [ 107.5514289, -6.8468416, 0.0 ], [ 107.5514288, -6.8468812, 0.0 ], [ 107.5514894, -6.8470418, 0.0 ], [ 107.5515787, -6.8471739, 0.0 ], [ 107.5515002, -6.8472524, 0.0 ], [ 107.5515715, -6.8473095, 0.0 ], [ 107.5516429, -6.8473345, 0.0 ], [ 107.5517429, -6.8473452, 0.0 ], [ 107.5518071, -6.8473559, 0.0 ], [ 107.5518535, -6.8473738, 0.0 ], [ 107.5518821, -6.8474023, 0.0 ], [ 107.5518843, -6.8474266, 0.0 ], [ 107.5518856, -6.8474416, 0.0 ], [ 107.5518856, -6.8474808, 0.0 ], [ 107.551995, -6.8475498, 0.0 ], [ 107.5519269, -6.8477657, 0.0 ], [ 107.5520498, -6.8478128, 0.0 ], [ 107.5523032, -6.8478984, 0.0 ], [ 107.5526102, -6.8480341, 0.0 ], [ 107.5526066, -6.8480519, 0.0 ], [ 107.552885, -6.8481661, 0.0 ], [ 107.5530385, -6.8482268, 0.0 ], [ 107.5530313, -6.8482554, 0.0 ], [ 107.5534129, -6.8483877, 0.0 ], [ 107.5534495, -6.8484004, 0.0 ], [ 107.5533987, -6.8485728, 0.0 ], [ 107.5537559, -6.8487051, 0.0 ], [ 107.5539094, -6.8487729, 0.0 ], [ 107.5537702, -6.8490656, 0.0 ], [ 107.5537273, -6.8491155, 0.0 ], [ 107.5536702, -6.8491833, 0.0 ], [ 107.5536452, -6.8492512, 0.0 ], [ 107.553631, -6.8493083, 0.0 ], [ 107.553631, -6.8493797, 0.0 ], [ 107.5536417, -6.849451, 0.0 ], [ 107.5536774, -6.849501, 0.0 ], [ 107.5537202, -6.8495403, 0.0 ], [ 107.5537737, -6.8495545, 0.0 ], [ 107.5539379, -6.8495724, 0.0 ], [ 107.5539129, -6.8496723, 0.0 ], [ 107.5539094, -6.8497294, 0.0 ], [ 107.5539201, -6.8497794, 0.0 ], [ 107.5539593, -6.8498294, 0.0 ], [ 107.5540271, -6.8498793, 0.0 ], [ 107.5541235, -6.8499543, 0.0 ], [ 107.5542234, -6.8500328, 0.0 ], [ 107.5543162, -6.8501042, 0.0 ], [ 107.554459, -6.8501542, 0.0 ], [ 107.5544733, -6.8500971, 0.0 ], [ 107.5544983, -6.8500756, 0.0 ], [ 107.5545375, -6.8500542, 0.0 ], [ 107.5545804, -6.8500542, 0.0 ], [ 107.5546232, -6.8500828, 0.0 ], [ 107.554641, -6.8501256, 0.0 ], [ 107.5546446, -6.850172, 0.0 ], [ 107.5546375, -6.8502363, 0.0 ], [ 107.554666, -6.8502898, 0.0 ], [ 107.5546589, -6.8503648, 0.0 ], [ 107.5550765, -6.8504897, 0.0 ], [ 107.5551621, -6.8505218, 0.0 ], [ 107.5551943, -6.8504611, 0.0 ], [ 107.5553656, -6.8505789, 0.0 ], [ 107.5555128, -6.8506385, 0.0 ], [ 107.555464, -6.8507, 0.0 ], [ 107.55543, -6.850809, 0.0 ], [ 107.555445, -6.850944, 0.0 ], [ 107.5554898, -6.8510669, 0.0 ], [ 107.555511, -6.851125, 0.0 ], [ 107.555445, -6.851369, 0.0 ], [ 107.555426, -6.851487, 0.0 ], [ 107.555418, -6.851577, 0.0 ], [ 107.5553249, -6.8519657, 0.0 ], [ 107.555288, -6.85212, 0.0 ], [ 107.555281, -6.852228, 0.0 ], [ 107.555281, -6.8522287, 0.0 ], [ 107.5552843, -6.8523637, 0.0 ], [ 107.555286, -6.852436, 0.0 ], [ 107.555273, -6.852671, 0.0 ], [ 107.5551865, -6.8528425, 0.0 ], [ 107.555163, -6.852889, 0.0 ], [ 107.5550794, -6.8530322, 0.0 ], [ 107.555031, -6.853115, 0.0 ], [ 107.5550525, -6.8533166, 0.0 ], [ 107.555056, -6.85335, 0.0 ], [ 107.555057, -6.853441, 0.0 ], [ 107.554979, -6.853549, 0.0 ], [ 107.5549247, -6.8535744, 0.0 ], [ 107.5552228, -6.8538162, 0.0 ], [ 107.5552549, -6.8537983, 0.0 ], [ 107.5553013, -6.8538126, 0.0 ], [ 107.5553299, -6.8538411, 0.0 ], [ 107.5553583, -6.853879, 0.0 ], [ 107.555362, -6.853884, 0.0 ], [ 107.5553727, -6.8539375, 0.0 ], [ 107.5557245, -6.8541324, 0.0 ], [ 107.5557422, -6.8541533, 0.0 ], [ 107.5557519, -6.8541648, 0.0 ], [ 107.5557555, -6.8541691, 0.0 ], [ 107.5557264, -6.8542721, 0.0 ], [ 107.5556852, -6.8544048, 0.0 ], [ 107.5556438, -6.8545312, 0.0 ], [ 107.5556975, -6.8545764, 0.0 ], [ 107.5559331, -6.8547227, 0.0 ], [ 107.5561794, -6.8548833, 0.0 ], [ 107.5563935, -6.8550083, 0.0 ], [ 107.5564649, -6.8550118, 0.0 ], [ 107.5565827, -6.8550475, 0.0 ], [ 107.5566255, -6.8550689, 0.0 ], [ 107.5566648, -6.8550547, 0.0 ], [ 107.556754, -6.8549619, 0.0 ], [ 107.5568075, -6.8549761, 0.0 ], [ 107.5569003, -6.8549333, 0.0 ], [ 107.556961, -6.8549048, 0.0 ], [ 107.5570288, -6.8548619, 0.0 ], [ 107.5570859, -6.8547905, 0.0 ], [ 107.5572144, -6.8548441, 0.0 ], [ 107.5574, -6.854944, 0.0 ], [ 107.5575749, -6.8550333, 0.0 ], [ 107.5576392, -6.8550939, 0.0 ], [ 107.5577462, -6.8551725, 0.0 ], [ 107.5578141, -6.8552296, 0.0 ], [ 107.5578591, -6.8551798, 0.0 ], [ 107.5579747, -6.8552474, 0.0 ], [ 107.5581852, -6.8553937, 0.0 ], [ 107.5582852, -6.8554865, 0.0 ], [ 107.5584636, -6.8556436, 0.0 ], [ 107.5586829, -6.8557923, 0.0 ], [ 107.5590271, -6.8559898, 0.0 ], [ 107.5591418, -6.8557364, 0.0 ], [ 107.5592132, -6.8555686, 0.0 ], [ 107.559231, -6.8554901, 0.0 ], [ 107.558955, -6.85534, 0.0 ], [ 107.5591132, -6.8550011, 0.0 ], [ 107.5592096, -6.8547834, 0.0 ], [ 107.5592489, -6.8547156, 0.0 ], [ 107.5592489, -6.8546621, 0.0 ], [ 107.5592588, -6.8546307, 0.0 ], [ 107.5592739, -6.8545835, 0.0 ], [ 107.5592879, -6.8545639, 0.0 ], [ 107.5593274, -6.8545086, 0.0 ], [ 107.5593524, -6.8544229, 0.0 ], [ 107.5595273, -6.8545086, 0.0 ], [ 107.5596879, -6.8545871, 0.0 ], [ 107.5598735, -6.8546835, 0.0 ], [ 107.5599058, -6.8546979, 0.0 ], [ 107.5603125, -6.8548798, 0.0 ], [ 107.5603007, -6.8549089, 0.0 ], [ 107.5602613, -6.8550063, 0.0 ], [ 107.5605266, -6.8550832, 0.0 ], [ 107.560698, -6.8551403, 0.0 ], [ 107.5608372, -6.8551903, 0.0 ], [ 107.561012, -6.8552545, 0.0 ], [ 107.561087, -6.8552724, 0.0 ], [ 107.5612548, -6.8553117, 0.0 ], [ 107.5614439, -6.8553581, 0.0 ], [ 107.561813, -6.855435, 0.0 ], [ 107.5621547, -6.8555826, 0.0 ], [ 107.5623219, -6.8557542, 0.0 ], [ 107.5624839, -6.8557746, 0.0 ], [ 107.5625409, -6.8557746, 0.0 ], [ 107.562569, -6.8557746, 0.0 ], [ 107.5625635, -6.8557742, 0.0 ], [ 107.5625912, -6.8556772, 0.0 ], [ 107.5626042, -6.8556314, 0.0 ], [ 107.5626788, -6.8555811, 0.0 ], [ 107.5627827, -6.8554059, 0.0 ], [ 107.5628418, -6.8552509, 0.0 ], [ 107.5626711, -6.8549093, 0.0 ], [ 107.5626652, -6.8548975, 0.0 ], [ 107.5624752, -6.8549093, 0.0 ], [ 107.5624736, -6.8549094, 0.0 ], [ 107.5624735, -6.8549093, 0.0 ], [ 107.56233, -6.8547, 0.0 ], [ 107.5623054, -6.8546202, 0.0 ], [ 107.5622647, -6.8545513, 0.0 ], [ 107.5622085, -6.854409, 0.0 ], [ 107.5621287, -6.8543222, 0.0 ], [ 107.5620566, -6.8541879, 0.0 ], [ 107.5620479, -6.8540453, 0.0 ], [ 107.5620314, -6.8539106, 0.0 ], [ 107.5619672, -6.8537762, 0.0 ], [ 107.5619701, -6.8537522, 0.0 ], [ 107.5618871, -6.8536028, 0.0 ], [ 107.56188, -6.85359, 0.0 ], [ 107.56178, -6.8534, 0.0 ], [ 107.56177, -6.85326, 0.0 ], [ 107.56198, -6.8529, 0.0 ], [ 107.5620208, -6.8528266, 0.0 ], [ 107.56213, -6.85263, 0.0 ], [ 107.56233, -6.85218, 0.0 ], [ 107.56244, -6.85201, 0.0 ], [ 107.56271, -6.85176, 0.0 ], [ 107.56274, -6.85162, 0.0 ], [ 107.562756, -6.851452, 0.0 ], [ 107.56276, -6.85141, 0.0 ], [ 107.56275, -6.85111, 0.0 ], [ 107.56257, -6.85083, 0.0 ], [ 107.56258, -6.85069, 0.0 ], [ 107.56262, -6.85064, 0.0 ], [ 107.56269, -6.85061, 0.0 ], [ 107.56291, -6.85051, 0.0 ], [ 107.56346, -6.85024, 0.0 ], [ 107.56354, -6.85005, 0.0 ], [ 107.56382, -6.84965, 0.0 ], [ 107.56393, -6.8493, 0.0 ], [ 107.56402, -6.849, 0.0 ], [ 107.5640664, -6.8489433, 0.0 ], [ 107.56411, -6.84889, 0.0 ], [ 107.564118, -6.8488786, 0.0 ], [ 107.56418, -6.84879, 0.0 ], [ 107.56419, -6.84849, 0.0 ], [ 107.56429, -6.8483, 0.0 ], [ 107.56444, -6.84812, 0.0 ], [ 107.56464, -6.84781, 0.0 ], [ 107.56484, -6.84768, 0.0 ], [ 107.56509, -6.84745, 0.0 ], [ 107.56533, -6.84723, 0.0 ], [ 107.56546, -6.84719, 0.0 ], [ 107.56556, -6.84703, 0.0 ], [ 107.5656151, -6.8469792, 0.0 ], [ 107.56569, -6.84691, 0.0 ], [ 107.56585, -6.84681, 0.0 ], [ 107.56609, -6.84651, 0.0 ], [ 107.5662265, -6.846419, 0.0 ], [ 107.56624, -6.84641, 0.0 ], [ 107.56634, -6.84623, 0.0 ], [ 107.56636, -6.84602, 0.0 ], [ 107.5665624, -6.8459225, 0.0 ], [ 107.5668164, -6.8458002, 0.0 ], [ 107.5669572, -6.8453275, 0.0 ], [ 107.5668859, -6.8449354, 0.0 ], [ 107.5668767, -6.8448849, 0.0 ], [ 107.5668667, -6.8446234, 0.0 ], [ 107.566877, -6.844489, 0.0 ], [ 107.5668868, -6.8443619, 0.0 ], [ 107.5668576, -6.8439049, 0.0 ], [ 107.5668566, -6.8438891, 0.0 ], [ 107.5667259, -6.8433359, 0.0 ], [ 107.566575, -6.8431851, 0.0 ], [ 107.5665649, -6.8429839, 0.0 ], [ 107.5666321, -6.8428273, 0.0 ], [ 107.5666856, -6.8427023, 0.0 ], [ 107.5665649, -6.8423704, 0.0 ], [ 107.5664342, -6.8420988, 0.0 ], [ 107.5664751, -6.8420323, 0.0 ], [ 107.5665146, -6.841968, 0.0 ], [ 107.5666856, -6.8416361, 0.0 ], [ 107.5666655, -6.8412841, 0.0 ], [ 107.5665046, -6.8408314, 0.0 ], [ 107.5663336, -6.8405498, 0.0 ], [ 107.5663738, -6.8402682, 0.0 ], [ 107.5663874, -6.840065, 0.0 ], [ 107.566394, -6.8399664, 0.0 ], [ 107.5664141, -6.8396546, 0.0 ], [ 107.5663496, -6.8393504, 0.0 ], [ 107.5663091, -6.839159, 0.0 ], [ 107.5662567, -6.8389115, 0.0 ], [ 107.566233, -6.8387997, 0.0 ], [ 107.5661224, -6.8381861, 0.0 ], [ 107.5660721, -6.837814, 0.0 ], [ 107.566052, -6.8368987, 0.0 ], [ 107.565886, -6.8361393, 0.0 ], [ 107.5658709, -6.835913, 0.0 ], [ 107.5658544, -6.8356708, 0.0 ], [ 107.56584, -6.83546, 0.0 ], [ 107.56574, -6.83543, 0.0 ], [ 107.5656126, -6.8353567, 0.0 ], [ 107.5656062, -6.835353, 0.0 ], [ 107.5655184, -6.8352432, 0.0 ], [ 107.5655915, -6.8351188, 0.0 ], [ 107.5657818, -6.8349432, 0.0 ], [ 107.5658497, -6.8346839, 0.0 ], [ 107.5658993, -6.8344681, 0.0 ], [ 107.5659106, -6.8342111, 0.0 ], [ 107.5658843, -6.8340795, 0.0 ], [ 107.5658623, -6.8338819, 0.0 ], [ 107.5658623, -6.8335892, 0.0 ], [ 107.56589, -6.83331, 0.0 ], [ 107.56591, -6.83324, 0.0 ], [ 107.56607, -6.83296, 0.0 ], [ 107.56611, -6.83271, 0.0 ], [ 107.5661, -6.83251, 0.0 ], [ 107.56618, -6.83236, 0.0 ], [ 107.56635, -6.83224, 0.0 ], [ 107.56649, -6.8322, 0.0 ], [ 107.56667, -6.83212, 0.0 ], [ 107.56682, -6.83204, 0.0 ], [ 107.56696, -6.83193, 0.0 ], [ 107.56706, -6.83167, 0.0 ], [ 107.567062, -6.831209, 0.0 ], [ 107.5669412, -6.8305892, 0.0 ], [ 107.5670193, -6.830256, 0.0 ], [ 107.5671651, -6.829921, 0.0 ], [ 107.5671694, -6.8299155, 0.0 ], [ 107.56715, -6.82986, 0.0 ], [ 107.5671, -6.82972, 0.0 ], [ 107.5671, -6.82962, 0.0 ], [ 107.56715, -6.8295, 0.0 ], [ 107.56731, -6.82934, 0.0 ], [ 107.5673344, -6.8292911, 0.0 ], [ 107.56739, -6.82918, 0.0 ], [ 107.5675, -6.82895, 0.0 ], [ 107.56755, -6.82872, 0.0 ], [ 107.5676, -6.82861, 0.0 ], [ 107.56777, -6.82842, 0.0 ], [ 107.56792, -6.82833, 0.0 ], [ 107.56789, -6.82805, 0.0 ], [ 107.56792, -6.82785, 0.0 ], [ 107.5679431, -6.8278147, 0.0 ], [ 107.56809, -6.82759, 0.0 ], [ 107.56818, -6.82742, 0.0 ], [ 107.56846, -6.82703, 0.0 ], [ 107.56852, -6.82683, 0.0 ], [ 107.56861, -6.82663, 0.0 ], [ 107.568785, -6.8261926, 0.0 ], [ 107.56879, -6.82618, 0.0 ], [ 107.56888, -6.82596, 0.0 ], [ 107.56908, -6.8256, 0.0 ], [ 107.56914, -6.82541, 0.0 ], [ 107.56911, -6.82526, 0.0 ], [ 107.56909, -6.82507, 0.0 ], [ 107.56906, -6.82475, 0.0 ], [ 107.56916, -6.8244, 0.0 ], [ 107.5691836, -6.824334, 0.0 ], [ 107.56921, -6.82426, 0.0 ], [ 107.56917, -6.82414, 0.0 ], [ 107.56907, -6.82404, 0.0 ], [ 107.56895, -6.824, 0.0 ], [ 107.56881, -6.82379, 0.0 ], [ 107.56877, -6.82356, 0.0 ], [ 107.56876, -6.82338, 0.0 ], [ 107.56881, -6.82293, 0.0 ], [ 107.56877, -6.82279, 0.0 ], [ 107.5687602, -6.8227685, 0.0 ], [ 107.56872, -6.82268, 0.0 ], [ 107.56862, -6.82249, 0.0 ], [ 107.56855, -6.82233, 0.0 ], [ 107.56857, -6.82221, 0.0 ], [ 107.56861, -6.822, 0.0 ], [ 107.56862, -6.82189, 0.0 ], [ 107.56861, -6.82178, 0.0 ], [ 107.56869, -6.82122, 0.0 ], [ 107.56886, -6.82069, 0.0 ], [ 107.56892, -6.82046, 0.0 ], [ 107.56902, -6.82019, 0.0 ], [ 107.56908, -6.81999, 0.0 ], [ 107.56908, -6.81988, 0.0 ], [ 107.56899, -6.8198, 0.0 ], [ 107.5689893, -6.8197985, 0.0 ], [ 107.56892, -6.81966, 0.0 ], [ 107.56881, -6.81949, 0.0 ], [ 107.56875, -6.81941, 0.0 ], [ 107.56875, -6.81922, 0.0 ], [ 107.56877, -6.81915, 0.0 ], [ 107.56887, -6.81887, 0.0 ], [ 107.56888, -6.81858, 0.0 ], [ 107.56885, -6.81826, 0.0 ], [ 107.56878, -6.81813, 0.0 ], [ 107.56867, -6.81803, 0.0 ], [ 107.56843, -6.81784, 0.0 ], [ 107.56844, -6.81764, 0.0 ], [ 107.5685, -6.81752, 0.0 ], [ 107.56864, -6.81741, 0.0 ], [ 107.5689, -6.81733, 0.0 ], [ 107.56908, -6.81718, 0.0 ], [ 107.56919, -6.817, 0.0 ], [ 107.5692254, -6.8168796, 0.0 ], [ 107.56924, -6.81683, 0.0 ], [ 107.56925, -6.8167, 0.0 ], [ 107.56921, -6.81634, 0.0 ], [ 107.56922, -6.8162, 0.0 ], [ 107.56921, -6.81583, 0.0 ], [ 107.56915, -6.81534, 0.0 ], [ 107.56917, -6.81507, 0.0 ], [ 107.56922, -6.81501, 0.0 ], [ 107.56928, -6.81501, 0.0 ], [ 107.56943, -6.81506, 0.0 ] ] ] ] } },
{ "type": "Feature", "properties": { "kd_propinsi": "32", "kd_dati2": "17", "kd_kecamatan": "004", "nama_kecamatan": "Cikalongwetan", "id_kecamatan": 4 }, "geometry": { "type": "MultiPolygon", "coordinates": [ [ [ [ 107.447705, -6.7794736, 0.0 ], [ 107.4477317, -6.779452, 0.0 ], [ 107.4484314, -6.7794602, 0.0 ], [ 107.4493141, -6.7797319, 0.0 ], [ 107.4501888, -6.7810292, 0.0 ], [ 107.4507039, -6.7814605, 0.0 ], [ 107.4511808, -6.7821155, 0.0 ], [ 107.4512131, -6.7832987, 0.0 ], [ 107.4518691, -6.784275, 0.0 ], [ 107.4519333, -6.7843506, 0.0 ], [ 107.45201, -6.78449, 0.0 ], [ 107.45209, -6.78483, 0.0 ], [ 107.45212, -6.78512, 0.0 ], [ 107.4521202, -6.78525, 0.0 ], [ 107.45202, -6.78562, 0.0 ], [ 107.45145, -6.78634, 0.0 ], [ 107.45087, -6.78678, 0.0 ], [ 107.4507, -6.78693, 0.0 ], [ 107.45059, -6.78709, 0.0 ], [ 107.45048, -6.78744, 0.0 ], [ 107.45043, -6.78779, 0.0 ], [ 107.45039, -6.7881, 0.0 ], [ 107.45024, -6.78857, 0.0 ], [ 107.45006, -6.78913, 0.0 ], [ 107.45003, -6.78925, 0.0 ], [ 107.45, -6.78986, 0.0 ], [ 107.44989, -6.79012, 0.0 ], [ 107.44974, -6.79024, 0.0 ], [ 107.44935, -6.79031, 0.0 ], [ 107.44898, -6.79035, 0.0 ], [ 107.44868, -6.79041, 0.0 ], [ 107.44854, -6.79047, 0.0 ], [ 107.4483799, -6.7906473, 0.0 ], [ 107.4482, -6.79087, 0.0 ], [ 107.4481, -6.79106, 0.0 ], [ 107.44794, -6.79133, 0.0 ], [ 107.44775, -6.7917, 0.0 ], [ 107.44759, -6.79212, 0.0 ], [ 107.44746, -6.79273, 0.0 ], [ 107.44737, -6.79365, 0.0 ], [ 107.44741, -6.79375, 0.0 ], [ 107.44758, -6.7939, 0.0 ], [ 107.44782, -6.79416, 0.0 ], [ 107.44798, -6.79438, 0.0 ], [ 107.4482, -6.79476, 0.0 ], [ 107.44839, -6.79517, 0.0 ], [ 107.44856, -6.79561, 0.0 ], [ 107.44866, -6.79587, 0.0 ], [ 107.44877, -6.79618, 0.0 ], [ 107.44872, -6.79651, 0.0 ], [ 107.4486138, -6.7966475, 0.0 ], [ 107.44808, -6.79709, 0.0 ], [ 107.4482287, -6.79758, 0.0 ], [ 107.4480716, -6.7979084, 0.0 ], [ 107.4482428, -6.7977518, 0.0 ], [ 107.4485569, -6.7978184, 0.0 ], [ 107.4488805, -6.7977804, 0.0 ], [ 107.4491565, -6.7977804, 0.0 ], [ 107.4493564, -6.7979041, 0.0 ], [ 107.4495944, -6.7979897, 0.0 ], [ 107.4497752, -6.7980659, 0.0 ], [ 107.4500702, -6.7979422, 0.0 ], [ 107.4503843, -6.7977232, 0.0 ], [ 107.4506128, -6.7975614, 0.0 ], [ 107.4509173, -6.7974282, 0.0 ], [ 107.4511362, -6.797333, 0.0 ], [ 107.4512885, -6.7971236, 0.0 ], [ 107.4514123, -6.7969047, 0.0 ], [ 107.4514503, -6.7966953, 0.0 ], [ 107.4514503, -6.7964574, 0.0 ], [ 107.4516978, -6.7963241, 0.0 ], [ 107.4519453, -6.7963051, 0.0 ], [ 107.4522784, -6.796267, 0.0 ], [ 107.452326, -6.7960576, 0.0 ], [ 107.4524497, -6.7957721, 0.0 ], [ 107.4526115, -6.795715, 0.0 ], [ 107.4527828, -6.7955437, 0.0 ], [ 107.4528495, -6.7953723, 0.0 ], [ 107.4528019, -6.7950392, 0.0 ], [ 107.4529732, -6.7948108, 0.0 ], [ 107.453135, -6.7946775, 0.0 ], [ 107.4533444, -6.7945538, 0.0 ], [ 107.4534681, -6.7944491, 0.0 ], [ 107.4534967, -6.7942016, 0.0 ], [ 107.4533729, -6.7940303, 0.0 ], [ 107.4531064, -6.7939923, 0.0 ], [ 107.4529066, -6.7939732, 0.0 ], [ 107.4527257, -6.7938876, 0.0 ], [ 107.4526496, -6.7938209, 0.0 ], [ 107.4526401, -6.7935544, 0.0 ], [ 107.4528209, -6.7931642, 0.0 ], [ 107.4530017, -6.7928406, 0.0 ], [ 107.4532968, -6.7927454, 0.0 ], [ 107.4534872, -6.7929072, 0.0 ], [ 107.4538108, -6.7929643, 0.0 ], [ 107.4539821, -6.7928596, 0.0 ], [ 107.4541153, -6.7925455, 0.0 ], [ 107.4542962, -6.792279, 0.0 ], [ 107.4544104, -6.7922315, 0.0 ], [ 107.4546007, -6.792279, 0.0 ], [ 107.4548958, -6.7922219, 0.0 ], [ 107.4550576, -6.7921172, 0.0 ], [ 107.4552289, -6.7917746, 0.0 ], [ 107.4554431, -6.7916556, 0.0 ], [ 107.4558476, -6.7915129, 0.0 ], [ 107.4561331, -6.7914177, 0.0 ], [ 107.4562759, -6.7909894, 0.0 ], [ 107.45698, -6.79022, 0.0 ], [ 107.4571286, -6.7901127, 0.0 ], [ 107.4573005, -6.7900738, 0.0 ], [ 107.457647, -6.7897477, 0.0 ], [ 107.4587537, -6.7891746, 0.0 ], [ 107.459002, -6.7889943, 0.0 ], [ 107.4591776, -6.7888668, 0.0 ], [ 107.4591643, -6.7886359, 0.0 ], [ 107.4591416, -6.7884405, 0.0 ], [ 107.4592098, -6.7883269, 0.0 ], [ 107.4593506, -6.7882769, 0.0 ], [ 107.4595142, -6.7881815, 0.0 ], [ 107.4595795, -6.7878319, 0.0 ], [ 107.459696, -6.7875907, 0.0 ], [ 107.4597232, -6.7873272, 0.0 ], [ 107.4598005, -6.7872408, 0.0 ], [ 107.4598868, -6.7870636, 0.0 ], [ 107.4599641, -6.7869364, 0.0 ], [ 107.4601776, -6.7868501, 0.0 ], [ 107.4602727, -6.7868414, 0.0 ], [ 107.4603276, -6.7868364, 0.0 ], [ 107.4604457, -6.7867365, 0.0 ], [ 107.460523, -6.786582, 0.0 ], [ 107.4607184, -6.786482, 0.0 ], [ 107.461141, -6.7863684, 0.0 ], [ 107.4613091, -6.7862593, 0.0 ], [ 107.4614227, -6.7861003, 0.0 ], [ 107.4614772, -6.7858004, 0.0 ], [ 107.4616272, -6.7857459, 0.0 ], [ 107.46173, -6.78562, 0.0 ], [ 107.4617837, -6.7855464, 0.0 ], [ 107.4618271, -6.7854869, 0.0 ], [ 107.461918, -6.7853051, 0.0 ], [ 107.4619407, -6.785196, 0.0 ], [ 107.4619862, -6.7850234, 0.0 ], [ 107.4620725, -6.784937, 0.0 ], [ 107.4621634, -6.7849098, 0.0 ], [ 107.4622683, -6.7849542, 0.0 ], [ 107.4624724, -6.7849916, 0.0 ], [ 107.4626905, -6.7850234, 0.0 ], [ 107.4629949, -6.7850052, 0.0 ], [ 107.4630858, -6.7849279, 0.0 ], [ 107.46317, -6.7849, 0.0 ], [ 107.4632539, -6.7848143, 0.0 ], [ 107.4633721, -6.7847416, 0.0 ], [ 107.4634539, -6.7847507, 0.0 ], [ 107.4635584, -6.7848189, 0.0 ], [ 107.4636992, -6.7850779, 0.0 ], [ 107.4638537, -6.7851461, 0.0 ], [ 107.4641127, -6.785087, 0.0 ], [ 107.46428, -6.785, 0.0 ], [ 107.4644717, -6.7848643, 0.0 ], [ 107.4646853, -6.7846644, 0.0 ], [ 107.4646853, -6.7844963, 0.0 ], [ 107.4647035, -6.7844099, 0.0 ], [ 107.4648125, -6.78426, 0.0 ], [ 107.4648975, -6.7842354, 0.0 ], [ 107.4650261, -6.7842009, 0.0 ], [ 107.4651806, -6.7841964, 0.0 ], [ 107.4652516, -6.7842233, 0.0 ], [ 107.465363, -6.7844267, 0.0 ], [ 107.4655519, -6.7845235, 0.0 ], [ 107.465765, -6.7846301, 0.0 ], [ 107.4660604, -6.7844315, 0.0 ], [ 107.4662202, -6.7844073, 0.0 ], [ 107.4664333, -6.7844654, 0.0 ], [ 107.4665447, -6.784446, 0.0 ], [ 107.4666236, -6.7843841, 0.0 ], [ 107.4666803, -6.7843395, 0.0 ], [ 107.4668353, -6.7842862, 0.0 ], [ 107.4673002, -6.7847269, 0.0 ], [ 107.4675376, -6.7846349, 0.0 ], [ 107.467615, -6.7847657, 0.0 ], [ 107.4678378, -6.7847512, 0.0 ], [ 107.4679298, -6.7848771, 0.0 ], [ 107.4685401, -6.7852452, 0.0 ], [ 107.4686273, -6.7851774, 0.0 ], [ 107.4687435, -6.7850514, 0.0 ], [ 107.4688743, -6.7849788, 0.0 ], [ 107.4690099, -6.7849352, 0.0 ], [ 107.4692278, -6.7850708, 0.0 ], [ 107.4693344, -6.785066, 0.0 ], [ 107.4695426, -6.7849933, 0.0 ], [ 107.4698332, -6.7849836, 0.0 ], [ 107.4700076, -6.7849013, 0.0 ], [ 107.4702303, -6.7847948, 0.0 ], [ 107.4704432, -6.7849742, 0.0 ], [ 107.4706565, -6.7850999, 0.0 ], [ 107.4709375, -6.785187, 0.0 ], [ 107.4710731, -6.7852742, 0.0 ], [ 107.4711554, -6.7853856, 0.0 ], [ 107.4712571, -6.785434, 0.0 ], [ 107.4714363, -6.7854534, 0.0 ], [ 107.4715506, -6.7855401, 0.0 ], [ 107.4715283, -6.7856375, 0.0 ], [ 107.4715089, -6.7857682, 0.0 ], [ 107.4715428, -6.7858893, 0.0 ], [ 107.4716397, -6.7859523, 0.0 ], [ 107.4717458, -6.7859022, 0.0 ], [ 107.4718237, -6.7857682, 0.0 ], [ 107.4719294, -6.7856943, 0.0 ], [ 107.4721482, -6.7855987, 0.0 ], [ 107.4722014, -6.7855242, 0.0 ], [ 107.47229, -6.7854, 0.0 ], [ 107.4723517, -6.78525, 0.0 ], [ 107.4724582, -6.7851338, 0.0 ], [ 107.4725599, -6.7851338, 0.0 ], [ 107.4726907, -6.7852064, 0.0 ], [ 107.4728311, -6.7852936, 0.0 ], [ 107.4728699, -6.7855164, 0.0 ], [ 107.47302, -6.7855745, 0.0 ], [ 107.4732331, -6.7856568, 0.0 ], [ 107.4734607, -6.7859716, 0.0 ], [ 107.4736109, -6.7861557, 0.0 ], [ 107.4737562, -6.7861847, 0.0 ], [ 107.4738288, -6.7862671, 0.0 ], [ 107.4738869, -6.7862864, 0.0 ], [ 107.4739257, -6.7863882, 0.0 ], [ 107.4741194, -6.7864463, 0.0 ], [ 107.4744584, -6.7865625, 0.0 ], [ 107.474749, -6.7866933, 0.0 ], [ 107.4750009, -6.7867514, 0.0 ], [ 107.4752183, -6.7868067, 0.0 ], [ 107.4757467, -6.7869112, 0.0 ], [ 107.4759743, -6.7868676, 0.0 ], [ 107.4761826, -6.7868628, 0.0 ], [ 107.4763, -6.78677, 0.0 ], [ 107.47637, -6.78655, 0.0 ], [ 107.47641, -6.78639, 0.0 ], [ 107.47648, -6.78631, 0.0 ], [ 107.47656, -6.78626, 0.0 ], [ 107.4766766, -6.7862622, 0.0 ], [ 107.4767977, -6.7862816, 0.0 ], [ 107.4769817, -6.7864027, 0.0 ], [ 107.477064, -6.7863978, 0.0 ], [ 107.4772723, -6.7862574, 0.0 ], [ 107.4772996, -6.7862269, 0.0 ], [ 107.4774806, -6.7860249, 0.0 ], [ 107.4775581, -6.7859087, 0.0 ], [ 107.4776065, -6.7858167, 0.0 ], [ 107.4776016, -6.7856714, 0.0 ], [ 107.4776016, -6.7856104, 0.0 ], [ 107.4776016, -6.785497, 0.0 ], [ 107.4776888, -6.785468, 0.0 ], [ 107.4777954, -6.785313, 0.0 ], [ 107.4779116, -6.7853662, 0.0 ], [ 107.4779503, -6.7856181, 0.0 ], [ 107.4781925, -6.7857876, 0.0 ], [ 107.4783475, -6.7861799, 0.0 ], [ 107.4785654, -6.786548, 0.0 ], [ 107.4787156, -6.7866448, 0.0 ], [ 107.47882, -6.78673, 0.0 ], [ 107.4790885, -6.7866545, 0.0 ], [ 107.47935, -6.7864947, 0.0 ], [ 107.479815, -6.7863397, 0.0 ], [ 107.4800959, -6.7862138, 0.0 ], [ 107.480246, -6.786146, 0.0 ], [ 107.4805075, -6.7861266, 0.0 ], [ 107.4807109, -6.7861847, 0.0 ], [ 107.480832, -6.7862041, 0.0 ], [ 107.4809628, -6.7860976, 0.0 ], [ 107.48095, -6.78599, 0.0 ], [ 107.4810403, -6.7858602, 0.0 ], [ 107.4811323, -6.7858021, 0.0 ], [ 107.4811583, -6.7857958, 0.0 ], [ 107.4812921, -6.7857634, 0.0 ], [ 107.4814423, -6.7858215, 0.0 ], [ 107.4816457, -6.7858167, 0.0 ], [ 107.4818588, -6.7858651, 0.0 ], [ 107.4820913, -6.7859329, 0.0 ], [ 107.482222, -6.7860346, 0.0 ], [ 107.4822511, -6.7861654, 0.0 ], [ 107.4822123, -6.7863349, 0.0 ], [ 107.4822511, -6.7864947, 0.0 ], [ 107.4822462, -6.7868918, 0.0 ], [ 107.4823431, -6.7870953, 0.0 ], [ 107.4825223, -6.7872938, 0.0 ], [ 107.4826773, -6.7873762, 0.0 ], [ 107.4828129, -6.7873955, 0.0 ], [ 107.483026, -6.7874004, 0.0 ], [ 107.4831955, -6.7872551, 0.0 ], [ 107.4833214, -6.7870468, 0.0 ], [ 107.4834183, -6.786887, 0.0 ], [ 107.4833989, -6.7867659, 0.0 ], [ 107.4835926, -6.7866836, 0.0 ], [ 107.4837864, -6.7864608, 0.0 ], [ 107.483859, -6.7862671, 0.0 ], [ 107.4839462, -6.7861944, 0.0 ], [ 107.4840866, -6.7861218, 0.0 ], [ 107.4841254, -6.7858312, 0.0 ], [ 107.4841157, -6.7856036, 0.0 ], [ 107.4842368, -6.7854583, 0.0 ], [ 107.4843336, -6.7854001, 0.0 ], [ 107.484445, -6.7852742, 0.0 ], [ 107.48445, -6.7852629, 0.0 ], [ 107.4844838, -6.785187, 0.0 ], [ 107.4844, -6.78502, 0.0 ], [ 107.4844741, -6.7848771, 0.0 ], [ 107.4845467, -6.7848916, 0.0 ], [ 107.4846678, -6.7849933, 0.0 ], [ 107.4847405, -6.7851192, 0.0 ], [ 107.484784, -6.7852306, 0.0 ], [ 107.4848664, -6.7854001, 0.0 ], [ 107.4849536, -6.7854776, 0.0 ], [ 107.4851376, -6.7855212, 0.0 ], [ 107.4854137, -6.7855115, 0.0 ], [ 107.4854253, -6.7855048, 0.0 ], [ 107.4855057, -6.7854583, 0.0 ], [ 107.4856268, -6.7852645, 0.0 ], [ 107.4856897, -6.7850757, 0.0 ], [ 107.4857139, -6.7850127, 0.0 ], [ 107.4857866, -6.7849449, 0.0 ], [ 107.4859028, -6.7848916, 0.0 ], [ 107.4859319, -6.7848044, 0.0 ], [ 107.4858931, -6.7847027, 0.0 ], [ 107.4858495, -6.7846591, 0.0 ], [ 107.4858592, -6.7845962, 0.0 ], [ 107.4858156, -6.7845187, 0.0 ], [ 107.485835, -6.7844557, 0.0 ], [ 107.4859319, -6.7844412, 0.0 ], [ 107.4860239, -6.7844025, 0.0 ], [ 107.486053, -6.7841797, 0.0 ], [ 107.4860045, -6.784107, 0.0 ], [ 107.4859028, -6.7840053, 0.0 ], [ 107.4857963, -6.7839472, 0.0 ], [ 107.4857817, -6.7838407, 0.0 ], [ 107.4858834, -6.7837341, 0.0 ], [ 107.48613, -6.7836, 0.0 ], [ 107.4863532, -6.7834241, 0.0 ], [ 107.4863339, -6.7833273, 0.0 ], [ 107.4862031, -6.7830415, 0.0 ], [ 107.4861256, -6.7829156, 0.0 ], [ 107.4860917, -6.7827558, 0.0 ], [ 107.4861353, -6.7826444, 0.0 ], [ 107.4866, -6.78219, 0.0 ], [ 107.4868182, -6.7819518, 0.0 ], [ 107.4870555, -6.7818065, 0.0 ], [ 107.48716, -6.78176, 0.0 ], [ 107.4872541, -6.7816128, 0.0 ], [ 107.487317, -6.7815498, 0.0 ], [ 107.4874333, -6.7815595, 0.0 ], [ 107.4875882, -6.781637, 0.0 ], [ 107.4876996, -6.7817048, 0.0 ], [ 107.4877432, -6.7818646, 0.0 ], [ 107.4877674, -6.7819809, 0.0 ], [ 107.4879273, -6.782102, 0.0 ], [ 107.4880968, -6.782223, 0.0 ], [ 107.4882082, -6.7822666, 0.0 ], [ 107.4883, -6.78224, 0.0 ], [ 107.4884261, -6.7821213, 0.0 ], [ 107.4885327, -6.7820681, 0.0 ], [ 107.4886344, -6.7820535, 0.0 ], [ 107.4887119, -6.7820584, 0.0 ], [ 107.488799, -6.7821165, 0.0 ], [ 107.4888089, -6.7822042, 0.0 ], [ 107.4888329, -6.7822908, 0.0 ], [ 107.488891, -6.7823877, 0.0 ], [ 107.4889831, -6.7824797, 0.0 ], [ 107.4890267, -6.7826977, 0.0 ], [ 107.4890945, -6.7827509, 0.0 ], [ 107.4891332, -6.7828478, 0.0 ], [ 107.489172, -6.7829108, 0.0 ], [ 107.4893076, -6.7829786, 0.0 ], [ 107.4893705, -6.7830464, 0.0 ], [ 107.4894335, -6.7830222, 0.0 ], [ 107.48956, -6.78287, 0.0 ], [ 107.4895981, -6.7827994, 0.0 ], [ 107.4897386, -6.782717, 0.0 ], [ 107.4898452, -6.7825814, 0.0 ], [ 107.4898209, -6.78247, 0.0 ], [ 107.489771, -6.7824442, 0.0 ], [ 107.4896514, -6.7823393, 0.0 ], [ 107.4895836, -6.7822473, 0.0 ], [ 107.48954, -6.7821116, 0.0 ], [ 107.4895788, -6.7819906, 0.0 ], [ 107.4896708, -6.7819082, 0.0 ], [ 107.4897967, -6.7818937, 0.0 ], [ 107.4899245, -6.7819758, 0.0 ], [ 107.4900001, -6.7820099, 0.0 ], [ 107.4901261, -6.7819373, 0.0 ], [ 107.4902229, -6.7818307, 0.0 ], [ 107.4902713, -6.7817532, 0.0 ], [ 107.4903408, -6.7817492, 0.0 ], [ 107.490436, -6.7817436, 0.0 ], [ 107.490591, -6.7817532, 0.0 ], [ 107.4907072, -6.7818259, 0.0 ], [ 107.4908186, -6.7818646, 0.0 ], [ 107.4908138, -6.7819567, 0.0 ], [ 107.4907508, -6.7821116, 0.0 ], [ 107.4908089, -6.7822037, 0.0 ], [ 107.4908913, -6.7822473, 0.0 ], [ 107.4909591, -6.7823586, 0.0 ], [ 107.49115, -6.7824, 0.0 ], [ 107.49122, -6.78236, 0.0 ], [ 107.4913126, -6.7823586, 0.0 ], [ 107.49139, -6.78225, 0.0 ], [ 107.4914289, -6.7821698, 0.0 ], [ 107.4916226, -6.7820874, 0.0 ], [ 107.49177, -6.78197, 0.0 ], [ 107.491889, -6.7818985, 0.0 ], [ 107.49206, -6.78136, 0.0 ], [ 107.4921662, -6.7812266, 0.0 ], [ 107.49245, -6.78087, 0.0 ], [ 107.49276, -6.78052, 0.0 ], [ 107.4928721, -6.7803633, 0.0 ], [ 107.4929302, -6.7802422, 0.0 ], [ 107.4931676, -6.7802422, 0.0 ], [ 107.4933177, -6.7802083, 0.0 ], [ 107.4934291, -6.7801163, 0.0 ], [ 107.4933952, -6.7799807, 0.0 ], [ 107.4933758, -6.779845, 0.0 ], [ 107.4933322, -6.7797821, 0.0 ], [ 107.4933419, -6.7796804, 0.0 ], [ 107.4933468, -6.7794721, 0.0 ], [ 107.4932886, -6.779414, 0.0 ], [ 107.4932741, -6.779351, 0.0 ], [ 107.493308, -6.7792736, 0.0 ], [ 107.4932402, -6.77923, 0.0 ], [ 107.4930416, -6.7792203, 0.0 ], [ 107.4930223, -6.7791331, 0.0 ], [ 107.49318, -6.77896, 0.0 ], [ 107.49328, -6.77884, 0.0 ], [ 107.4933661, -6.7786875, 0.0 ], [ 107.4934436, -6.7786149, 0.0 ], [ 107.4935792, -6.7785955, 0.0 ], [ 107.4937294, -6.7786585, 0.0 ], [ 107.4937368, -6.7786713, 0.0 ], [ 107.4938214, -6.7788183, 0.0 ], [ 107.4938989, -6.7788667, 0.0 ], [ 107.4939957, -6.7787844, 0.0 ], [ 107.49403, -6.77871, 0.0 ], [ 107.4940926, -6.7786439, 0.0 ], [ 107.4940587, -6.7784551, 0.0 ], [ 107.4941168, -6.7783969, 0.0 ], [ 107.4942331, -6.7784454, 0.0 ], [ 107.4943977, -6.7785374, 0.0 ], [ 107.4944783, -6.7785285, 0.0 ], [ 107.4945769, -6.7785132, 0.0 ], [ 107.494698, -6.7785083, 0.0 ], [ 107.4948431, -6.7784192, 0.0 ], [ 107.4949728, -6.7782894, 0.0 ], [ 107.4950565, -6.7782392, 0.0 ], [ 107.4952407, -6.7781053, 0.0 ], [ 107.4953997, -6.778009, 0.0 ], [ 107.4954395, -6.7780002, 0.0 ], [ 107.4954373, -6.778164, 0.0 ], [ 107.4959915, -6.7779274, 0.0 ], [ 107.4965149, -6.7781422, 0.0 ], [ 107.4965207, -6.7781402, 0.0 ], [ 107.4965257, -6.7781471, 0.0 ], [ 107.496714, -6.7781932, 0.0 ], [ 107.4967894, -6.7782434, 0.0 ], [ 107.4968563, -6.7782308, 0.0 ], [ 107.4969311, -6.7782845, 0.0 ], [ 107.4969509, -6.778314, 0.0 ], [ 107.4969596, -6.778305, 0.0 ], [ 107.4970196, -6.778348, 0.0 ], [ 107.4971158, -6.7783773, 0.0 ], [ 107.4972163, -6.7782852, 0.0 ], [ 107.49724, -6.77821, 0.0 ], [ 107.49734, -6.77802, 0.0 ], [ 107.4974339, -6.7779127, 0.0 ], [ 107.4974381, -6.7778374, 0.0 ], [ 107.4976306, -6.7777244, 0.0 ], [ 107.4977311, -6.7776323, 0.0 ], [ 107.497773, -6.7775067, 0.0 ], [ 107.4978609, -6.7774607, 0.0 ], [ 107.4979739, -6.7774272, 0.0 ], [ 107.4979948, -6.7773477, 0.0 ], [ 107.4981329, -6.7772095, 0.0 ], [ 107.4982083, -6.7771258, 0.0 ], [ 107.4982752, -6.7770589, 0.0 ], [ 107.4983422, -6.7770589, 0.0 ], [ 107.4983673, -6.7770303, 0.0 ], [ 107.4987929, -6.7772891, 0.0 ], [ 107.4988194, -6.7774858, 0.0 ], [ 107.4988654, -6.7775779, 0.0 ], [ 107.4989282, -6.7775737, 0.0 ], [ 107.4992002, -6.777243, 0.0 ], [ 107.4993467, -6.7771342, 0.0 ], [ 107.4994556, -6.7770086, 0.0 ], [ 107.4996062, -6.7769919, 0.0 ], [ 107.4997151, -6.7770254, 0.0 ], [ 107.4998071, -6.7771509, 0.0 ], [ 107.4998532, -6.7773016, 0.0 ], [ 107.4999453, -6.7774272, 0.0 ], [ 107.5000248, -6.7774356, 0.0 ], [ 107.5001127, -6.7774439, 0.0 ], [ 107.5001922, -6.7774397, 0.0 ], [ 107.5002592, -6.7774188, 0.0 ], [ 107.5002759, -6.7773932, 0.0 ], [ 107.5003136, -6.7773351, 0.0 ], [ 107.5002942, -6.7772187, 0.0 ], [ 107.50057, -6.7771737, 0.0 ], [ 107.5005567, -6.7770773, 0.0 ], [ 107.5006493, -6.7770459, 0.0 ], [ 107.5006484, -6.7770589, 0.0 ], [ 107.5006987, -6.7771133, 0.0 ], [ 107.5007573, -6.7771216, 0.0 ], [ 107.5008201, -6.7771384, 0.0 ], [ 107.50087, -6.77712, 0.0 ], [ 107.5009205, -6.7770254, 0.0 ], [ 107.5009609, -6.7769403, 0.0 ], [ 107.5010451, -6.7769118, 0.0 ], [ 107.5010097, -6.7767847, 0.0 ], [ 107.501021, -6.7766989, 0.0 ], [ 107.5009958, -6.7765943, 0.0 ], [ 107.5009465, -6.7765578, 0.0 ], [ 107.5009355, -6.7765182, 0.0 ], [ 107.5008322, -6.7761141, 0.0 ], [ 107.500841, -6.7761129, 0.0 ], [ 107.5009331, -6.7761213, 0.0 ], [ 107.5009791, -6.7759999, 0.0 ], [ 107.5010168, -6.7758785, 0.0 ], [ 107.5010225, -6.7758629, 0.0 ], [ 107.5012078, -6.7757808, 0.0 ], [ 107.5013357, -6.7755961, 0.0 ], [ 107.501223, -6.7751551, 0.0 ], [ 107.5013529, -6.7749362, 0.0 ], [ 107.5013684, -6.7749284, 0.0 ], [ 107.5014856, -6.7748907, 0.0 ], [ 107.5015118, -6.7748776, 0.0 ], [ 107.5017059, -6.7748766, 0.0 ], [ 107.5018162, -6.7749242, 0.0 ], [ 107.5019, -6.77494, 0.0 ], [ 107.5019221, -6.7748963, 0.0 ], [ 107.50205, -6.7749117, 0.0 ], [ 107.5022503, -6.7744874, 0.0 ], [ 107.5025452, -6.7742679, 0.0 ], [ 107.5025947, -6.7743131, 0.0 ], [ 107.5027329, -6.7743801, 0.0 ], [ 107.5029039, -6.7744262, 0.0 ], [ 107.502965, -6.7744508, 0.0 ], [ 107.5031263, -6.7745852, 0.0 ], [ 107.50314, -6.77472, 0.0 ], [ 107.50314, -6.77494, 0.0 ], [ 107.50318, -6.77507, 0.0 ], [ 107.5032309, -6.7751419, 0.0 ], [ 107.50342, -6.77522, 0.0 ], [ 107.5036, -6.77522, 0.0 ], [ 107.50365, -6.77517, 0.0 ], [ 107.503712, -6.7750537, 0.0 ], [ 107.5037992, -6.7750314, 0.0 ], [ 107.5039249, -6.7744052, 0.0 ], [ 107.5039492, -6.7743876, 0.0 ], [ 107.5039676, -6.7744429, 0.0 ], [ 107.5041388, -6.7745741, 0.0 ], [ 107.50429, -6.77469, 0.0 ], [ 107.5044531, -6.7747401, 0.0 ], [ 107.5046206, -6.7747317, 0.0 ], [ 107.5046354, -6.7747298, 0.0 ], [ 107.5047736, -6.7748056, 0.0 ], [ 107.5049438, -6.7747639, 0.0 ], [ 107.50509, -6.77483, 0.0 ], [ 107.50537, -6.77506, 0.0 ], [ 107.5055739, -6.7751799, 0.0 ], [ 107.5057779, -6.7754891, 0.0 ], [ 107.50579, -6.77557, 0.0 ], [ 107.50587, -6.77568, 0.0 ], [ 107.5060185, -6.775845, 0.0 ], [ 107.5062039, -6.7758276, 0.0 ], [ 107.5062331, -6.7758469, 0.0 ], [ 107.5066887, -6.7758691, 0.0 ], [ 107.5068212, -6.7759574, 0.0 ], [ 107.5069812, -6.7759581, 0.0 ], [ 107.5070569, -6.7759292, 0.0 ], [ 107.5072831, -6.776007, 0.0 ], [ 107.507688, -6.7759865, 0.0 ], [ 107.508251, -6.7756661, 0.0 ], [ 107.5083164, -6.7756902, 0.0 ], [ 107.5083792, -6.7758199, 0.0 ], [ 107.5083708, -6.7760753, 0.0 ], [ 107.508421, -6.7761924, 0.0 ], [ 107.5084883, -6.7762573, 0.0 ], [ 107.5085382, -6.7763055, 0.0 ], [ 107.5086387, -6.7763013, 0.0 ], [ 107.5088317, -6.77623, 0.0 ], [ 107.50894, -6.77619, 0.0 ], [ 107.50915, -6.77616, 0.0 ], [ 107.50927, -6.7762, 0.0 ], [ 107.50945, -6.77629, 0.0 ], [ 107.5097413, -6.776607, 0.0 ], [ 107.50979, -6.77666, 0.0 ], [ 107.50988, -6.77679, 0.0 ], [ 107.50993, -6.77702, 0.0 ], [ 107.51002, -6.77708, 0.0 ], [ 107.51009, -6.77707, 0.0 ], [ 107.5102, -6.77701, 0.0 ], [ 107.510292, -6.7768956, 0.0 ], [ 107.5103632, -6.7767575, 0.0 ], [ 107.5104803, -6.7767115, 0.0 ], [ 107.51064, -6.77674, 0.0 ], [ 107.51075, -6.77674, 0.0 ], [ 107.5108863, -6.7768454, 0.0 ], [ 107.5109952, -6.7770337, 0.0 ], [ 107.5111333, -6.7771216, 0.0 ], [ 107.5112714, -6.7771342, 0.0 ], [ 107.51136, -6.77714, 0.0 ], [ 107.5114095, -6.7770756, 0.0 ], [ 107.5113677, -6.776904, 0.0 ], [ 107.51135, -6.77676, 0.0 ], [ 107.5113844, -6.7766487, 0.0 ], [ 107.5114807, -6.7765943, 0.0 ], [ 107.51159, -6.77665, 0.0 ], [ 107.51173, -6.77666, 0.0 ], [ 107.5118197, -6.7765943, 0.0 ], [ 107.5119453, -6.7765482, 0.0 ], [ 107.51207, -6.7766, 0.0 ], [ 107.51217, -6.7767, 0.0 ], [ 107.5122801, -6.7767659, 0.0 ], [ 107.5124685, -6.7768161, 0.0 ], [ 107.5125648, -6.7767742, 0.0 ], [ 107.51265, -6.77673, 0.0 ], [ 107.51269, -6.77663, 0.0 ], [ 107.51273, -6.77652, 0.0 ], [ 107.51282, -6.77642, 0.0 ], [ 107.51298, -6.77637, 0.0 ], [ 107.5131111, -6.77637, 0.0 ], [ 107.51317, -6.77637, 0.0 ], [ 107.51338, -6.77641, 0.0 ], [ 107.51355, -6.77636, 0.0 ], [ 107.51368, -6.77629, 0.0 ], [ 107.51379, -6.77618, 0.0 ], [ 107.51383, -6.77606, 0.0 ], [ 107.51383, -6.77594, 0.0 ], [ 107.5138, -6.77585, 0.0 ], [ 107.513833, -6.7756818, 0.0 ], [ 107.513992, -6.7755939, 0.0 ], [ 107.5141009, -6.7756065, 0.0 ], [ 107.5141184, -6.7755934, 0.0 ], [ 107.5142306, -6.7755102, 0.0 ], [ 107.5143227, -6.77546, 0.0 ], [ 107.5144064, -6.7754725, 0.0 ], [ 107.5144943, -6.7754893, 0.0 ], [ 107.5145738, -6.7755814, 0.0 ], [ 107.51465, -6.77566, 0.0 ], [ 107.51475, -6.77548, 0.0 ], [ 107.5149464, -6.7752842, 0.0 ], [ 107.514984, -6.7751879, 0.0 ], [ 107.5151012, -6.7751586, 0.0 ], [ 107.5151599, -6.7751984, 0.0 ], [ 107.5153105, -6.775213, 0.0 ], [ 107.5155826, -6.7752172, 0.0 ], [ 107.5156956, -6.7752842, 0.0 ], [ 107.5157625, -6.7752423, 0.0 ], [ 107.5158086, -6.7751837, 0.0 ], [ 107.5159174, -6.7751335, 0.0 ], [ 107.5160137, -6.7750749, 0.0 ], [ 107.5161141, -6.7751335, 0.0 ], [ 107.516269, -6.775326, 0.0 ], [ 107.5164113, -6.7753428, 0.0 ], [ 107.516495, -6.7752967, 0.0 ], [ 107.5165662, -6.7751712, 0.0 ], [ 107.5166164, -6.7751502, 0.0 ], [ 107.5165662, -6.7749075, 0.0 ], [ 107.5165997, -6.7747819, 0.0 ], [ 107.5167294, -6.7747066, 0.0 ], [ 107.5168131, -6.774648, 0.0 ], [ 107.5168885, -6.7746689, 0.0 ], [ 107.516968, -6.7747359, 0.0 ], [ 107.5171246, -6.7748307, 0.0 ], [ 107.5172826, -6.7748964, 0.0 ], [ 107.5173698, -6.7749326, 0.0 ], [ 107.5173941, -6.7749339, 0.0 ], [ 107.5176795, -6.7749493, 0.0 ], [ 107.5178218, -6.7749242, 0.0 ], [ 107.5179014, -6.7747903, 0.0 ], [ 107.5180311, -6.7747484, 0.0 ], [ 107.5181106, -6.7746773, 0.0 ], [ 107.5182531, -6.7746572, 0.0 ], [ 107.5183911, -6.7745726, 0.0 ], [ 107.5186297, -6.7744847, 0.0 ], [ 107.5188639, -6.7744505, 0.0 ], [ 107.5191738, -6.7743089, 0.0 ], [ 107.5192617, -6.7742796, 0.0 ], [ 107.5195081, -6.7744104, 0.0 ], [ 107.5196551, -6.7743592, 0.0 ], [ 107.519743, -6.7744387, 0.0 ], [ 107.5198477, -6.7744136, 0.0 ], [ 107.5201741, -6.7745182, 0.0 ], [ 107.5203583, -6.774355, 0.0 ], [ 107.5205508, -6.7741708, 0.0 ], [ 107.5207308, -6.7740871, 0.0 ], [ 107.520781, -6.7741332, 0.0 ], [ 107.5208396, -6.7741499, 0.0 ], [ 107.5209819, -6.7741122, 0.0 ], [ 107.5210866, -6.7742462, 0.0 ], [ 107.5210494, -6.7743748, 0.0 ], [ 107.5210698, -6.7745308, 0.0 ], [ 107.5211159, -6.7746438, 0.0 ], [ 107.521208, -6.7746815, 0.0 ], [ 107.5213838, -6.7746731, 0.0 ], [ 107.5215219, -6.7746856, 0.0 ], [ 107.5216499, -6.7747847, 0.0 ], [ 107.5217437, -6.7748573, 0.0 ], [ 107.5217646, -6.7751251, 0.0 ], [ 107.52202, -6.7753219, 0.0 ], [ 107.5221748, -6.7754097, 0.0 ], [ 107.5222795, -6.7755437, 0.0 ], [ 107.5223423, -6.7755479, 0.0 ], [ 107.5224511, -6.77546, 0.0 ], [ 107.5227273, -6.7754725, 0.0 ], [ 107.5229785, -6.7754474, 0.0 ], [ 107.5232631, -6.7753135, 0.0 ], [ 107.5234598, -6.7751921, 0.0 ], [ 107.5236733, -6.7751335, 0.0 ], [ 107.5241923, -6.7751335, 0.0 ], [ 107.5245229, -6.7751377, 0.0 ], [ 107.5247071, -6.7751963, 0.0 ], [ 107.524954, -6.7752088, 0.0 ], [ 107.5251466, -6.7753595, 0.0 ], [ 107.5252933, -6.7754385, 0.0 ], [ 107.5253642, -6.7754767, 0.0 ], [ 107.5256363, -6.7756902, 0.0 ], [ 107.5259167, -6.7758576, 0.0 ], [ 107.5260883, -6.7758702, 0.0 ], [ 107.5262348, -6.7758534, 0.0 ], [ 107.5264064, -6.7757153, 0.0 ], [ 107.5264902, -6.7757111, 0.0 ], [ 107.5266032, -6.7758534, 0.0 ], [ 107.526758, -6.7757446, 0.0 ], [ 107.5268794, -6.7756483, 0.0 ], [ 107.5270301, -6.7756483, 0.0 ], [ 107.5272603, -6.7757781, 0.0 ], [ 107.5273942, -6.7758074, 0.0 ], [ 107.5276537, -6.7760334, 0.0 ], [ 107.5278463, -6.776159, 0.0 ], [ 107.528043, -6.7762636, 0.0 ], [ 107.5281937, -6.7762636, 0.0 ], [ 107.5284574, -6.7762469, 0.0 ], [ 107.5285913, -6.776251, 0.0 ], [ 107.5287294, -6.7763934, 0.0 ], [ 107.5289262, -6.7764101, 0.0 ], [ 107.5291605, -6.7763473, 0.0 ], [ 107.5292819, -6.7763479, 0.0 ], [ 107.5294201, -6.7763389, 0.0 ], [ 107.5297507, -6.7762887, 0.0 ], [ 107.5300772, -6.7761757, 0.0 ], [ 107.5303409, -6.7761966, 0.0 ], [ 107.5304413, -6.7760711, 0.0 ], [ 107.53082, -6.77565, 0.0 ], [ 107.53092, -6.77556, 0.0 ], [ 107.5309473, -6.7755477, 0.0 ], [ 107.5308718, -6.7757587, 0.0 ], [ 107.5318255, -6.7752758, 0.0 ], [ 107.5318703, -6.7752336, 0.0 ], [ 107.5319733, -6.7752256, 0.0 ], [ 107.5321616, -6.7751084, 0.0 ], [ 107.532576, -6.7747694, 0.0 ], [ 107.5328564, -6.7746312, 0.0 ], [ 107.532991, -6.7745184, 0.0 ], [ 107.5330987, -6.7745179, 0.0 ], [ 107.5331452, -6.7745266, 0.0 ], [ 107.5333001, -6.7745643, 0.0 ], [ 107.5333922, -6.7746689, 0.0 ], [ 107.5334173, -6.7747903, 0.0 ], [ 107.53392, -6.77456, 0.0 ], [ 107.5340315, -6.774457, 0.0 ], [ 107.53405, -6.77444, 0.0 ], [ 107.53444, -6.77429, 0.0 ], [ 107.53474, -6.77413, 0.0 ], [ 107.53497, -6.77395, 0.0 ], [ 107.53503, -6.77379, 0.0 ], [ 107.53529, -6.77348, 0.0 ], [ 107.53553, -6.77317, 0.0 ], [ 107.53579, -6.77294, 0.0 ], [ 107.53602, -6.77287, 0.0 ], [ 107.53616, -6.77278, 0.0 ], [ 107.53633, -6.77257, 0.0 ], [ 107.53658, -6.77241, 0.0 ], [ 107.53679, -6.7724, 0.0 ], [ 107.53692, -6.77244, 0.0 ], [ 107.53712, -6.77248, 0.0 ], [ 107.53743, -6.77252, 0.0 ], [ 107.53775, -6.77261, 0.0 ], [ 107.53808, -6.77265, 0.0 ], [ 107.53841, -6.77261, 0.0 ], [ 107.53881, -6.7725, 0.0 ], [ 107.53911, -6.77237, 0.0 ], [ 107.53923, -6.77233, 0.0 ], [ 107.53956, -6.77233, 0.0 ], [ 107.53966, -6.77233, 0.0 ], [ 107.53982, -6.77209, 0.0 ], [ 107.54, -6.77198, 0.0 ], [ 107.54015, -6.77198, 0.0 ], [ 107.54032, -6.77204, 0.0 ], [ 107.54046, -6.77207, 0.0 ], [ 107.54063, -6.77199, 0.0 ], [ 107.54072, -6.77199, 0.0 ], [ 107.54087, -6.77205, 0.0 ], [ 107.54103, -6.77225, 0.0 ], [ 107.54113, -6.7724, 0.0 ], [ 107.54131, -6.77239, 0.0 ], [ 107.54147, -6.77238, 0.0 ], [ 107.54158, -6.77245, 0.0 ], [ 107.54164, -6.77256, 0.0 ], [ 107.54184, -6.77269, 0.0 ], [ 107.542, -6.77278, 0.0 ], [ 107.54228, -6.77307, 0.0 ], [ 107.54254, -6.77321, 0.0 ], [ 107.54294, -6.77322, 0.0 ], [ 107.54313, -6.77319, 0.0 ], [ 107.54327, -6.7731702, 0.0 ], [ 107.54359, -6.77315, 0.0 ], [ 107.54383, -6.77309, 0.0 ], [ 107.54395, -6.77312, 0.0 ], [ 107.54418, -6.77316, 0.0 ], [ 107.54441, -6.77318, 0.0 ], [ 107.54459, -6.77324, 0.0 ], [ 107.54475, -6.77335, 0.0 ], [ 107.54498, -6.77347, 0.0 ], [ 107.54516, -6.77354, 0.0 ], [ 107.54609, -6.77362, 0.0 ], [ 107.54702, -6.77368, 0.0 ], [ 107.54793, -6.77362, 0.0 ], [ 107.54835, -6.77356, 0.0 ], [ 107.54862, -6.77346, 0.0 ], [ 107.54874, -6.77333, 0.0 ], [ 107.5487633, -6.7733003, 0.0 ], [ 107.54885, -6.77319, 0.0 ], [ 107.5488967, -6.7731505, 0.0 ], [ 107.54898, -6.77308, 0.0 ], [ 107.5492662, -6.7729795, 0.0 ], [ 107.5493708, -6.7729605, 0.0 ], [ 107.5495945, -6.7729199, 0.0 ], [ 107.5494355, -6.7727892, 0.0 ], [ 107.5492785, -6.77265, 0.0 ], [ 107.5491571, -6.7724894, 0.0 ], [ 107.5489894, -6.7722253, 0.0 ], [ 107.5489216, -6.7720575, 0.0 ], [ 107.5488716, -6.7718648, 0.0 ], [ 107.5487931, -6.7717327, 0.0 ], [ 107.5486146, -6.7715043, 0.0 ], [ 107.548504, -6.7714079, 0.0 ], [ 107.5484718, -6.7713365, 0.0 ], [ 107.5484112, -6.7711652, 0.0 ], [ 107.5482862, -6.7709689, 0.0 ], [ 107.5480802, -6.7706044, 0.0 ], [ 107.5479552, -6.7704811, 0.0 ], [ 107.5478243, -6.7703265, 0.0 ], [ 107.5476459, -6.770148, 0.0 ], [ 107.5473101, -6.7698842, 0.0 ], [ 107.5470926, -6.7696614, 0.0 ], [ 107.5468428, -6.7694615, 0.0 ], [ 107.546605, -6.769258, 0.0 ], [ 107.546472, -6.769231, 0.0 ], [ 107.546366, -6.769214, 0.0 ], [ 107.546292, -6.769205, 0.0 ], [ 107.546223, -6.769188, 0.0 ], [ 107.546091, -6.769152, 0.0 ], [ 107.545948, -6.769099, 0.0 ], [ 107.545808, -6.769009, 0.0 ], [ 107.545802, -6.769009, 0.0 ], [ 107.54569, -6.768901, 0.0 ], [ 107.545576, -6.768793, 0.0 ], [ 107.545435, -6.76864, 0.0 ], [ 107.545334, -6.768551, 0.0 ], [ 107.545225, -6.76847, 0.0 ], [ 107.545174, -6.768443, 0.0 ], [ 107.544899, -6.768255, 0.0 ], [ 107.544903, -6.768128, 0.0 ], [ 107.544908, -6.768092, 0.0 ], [ 107.544917, -6.768019, 0.0 ], [ 107.544922, -6.76792, 0.0 ], [ 107.544924, -6.767857, 0.0 ], [ 107.544924, -6.767794, 0.0 ], [ 107.544979, -6.767558, 0.0 ], [ 107.545003, -6.767531, 0.0 ], [ 107.5448281, -6.7674372, 0.0 ], [ 107.544703, -6.76737, 0.0 ], [ 107.544599, -6.76728, 0.0 ], [ 107.544428, -6.767073, 0.0 ], [ 107.544232, -6.766821, 0.0 ], [ 107.5441756, -6.7667444, 0.0 ], [ 107.544073, -6.766605, 0.0 ], [ 107.543971, -6.766524, 0.0 ], [ 107.5438797, -6.7664898, 0.0 ], [ 107.543709, -6.766426, 0.0 ], [ 107.543514, -6.76631, 0.0 ], [ 107.543305, -6.766103, 0.0 ], [ 107.5431915, -6.7659642, 0.0 ], [ 107.5431413, -6.7659341, 0.0 ], [ 107.5430058, -6.7658182, 0.0 ], [ 107.5429135, -6.7657392, 0.0 ], [ 107.5426335, -6.7655525, 0.0 ], [ 107.542444, -6.7654513, 0.0 ], [ 107.5423231, -6.7653867, 0.0 ], [ 107.5421335, -6.7652692, 0.0 ], [ 107.54209, -6.76526, 0.0 ], [ 107.54198, -6.765233, 0.0 ], [ 107.5419065, -6.7651493, 0.0 ], [ 107.541806, -6.765035, 0.0 ], [ 107.541775, -6.76499, 0.0 ], [ 107.541569, -6.764892, 0.0 ], [ 107.541334, -6.764803, 0.0 ], [ 107.541032, -6.764588, 0.0 ], [ 107.540976, -6.764552, 0.0 ], [ 107.5409715, -6.7645496, 0.0 ], [ 107.5409694, -6.7645484, 0.0 ], [ 107.54074, -6.764426, 0.0 ], [ 107.540562, -6.764355, 0.0 ], [ 107.540377, -6.764148, 0.0 ], [ 107.54037, -6.764139, 0.0 ], [ 107.54029, -6.763941, 0.0 ], [ 107.540283, -6.763941, 0.0 ], [ 107.540009, -6.764042, 0.0 ], [ 107.539845, -6.764088, 0.0 ], [ 107.539693, -6.76417, 0.0 ], [ 107.539655, -6.764116, 0.0 ], [ 107.539603, -6.76408, 0.0 ], [ 107.539341, -6.764036, 0.0 ], [ 107.539124, -6.764046, 0.0 ], [ 107.539067, -6.764047, 0.0 ], [ 107.5388923, -6.7640298, 0.0 ], [ 107.538884, -6.764029, 0.0 ], [ 107.538858, -6.764021, 0.0 ], [ 107.5386304, -6.7639027, 0.0 ], [ 107.538505, -6.763833, 0.0 ], [ 107.538497, -6.763833, 0.0 ], [ 107.53828, -6.763789, 0.0 ], [ 107.537977, -6.763763, 0.0 ], [ 107.537523, -6.763747, 0.0 ], [ 107.537352, -6.76373, 0.0 ], [ 107.537154, -6.763722, 0.0 ], [ 107.537024, -6.763696, 0.0 ], [ 107.536856, -6.763661, 0.0 ], [ 107.536606, -6.763644, 0.0 ], [ 107.5363477, -6.7636449, 0.0 ], [ 107.5363358, -6.7636407, 0.0 ], [ 107.5360375, -6.7634759, 0.0 ], [ 107.5359016, -6.7634642, 0.0 ], [ 107.535699, -6.763341, 0.0 ], [ 107.535587, -6.763306, 0.0 ], [ 107.5355192, -6.763306, 0.0 ], [ 107.535466, -6.763306, 0.0 ], [ 107.535366, -6.76337, 0.0 ], [ 107.5353403, -6.7634065, 0.0 ], [ 107.535334, -6.7634154, 0.0 ], [ 107.5353257, -6.7634146, 0.0 ], [ 107.5351103, -6.7633961, 0.0 ], [ 107.534995, -6.7632875, 0.0 ], [ 107.5347521, -6.7629861, 0.0 ], [ 107.5346337, -6.7629315, 0.0 ], [ 107.5345302, -6.7628634, 0.0 ], [ 107.5343437, -6.762779, 0.0 ], [ 107.53429, -6.762779, 0.0 ], [ 107.534265, -6.762779, 0.0 ], [ 107.534083, -6.762726, 0.0 ], [ 107.533963, -6.762681, 0.0 ], [ 107.533817, -6.762601, 0.0 ], [ 107.533727, -6.76252, 0.0 ], [ 107.533609, -6.762412, 0.0 ], [ 107.533499, -6.762322, 0.0 ], [ 107.53346, -6.762277, 0.0 ], [ 107.533407, -6.762205, 0.0 ], [ 107.533353, -6.762115, 0.0 ], [ 107.533309, -6.762007, 0.0 ], [ 107.533271, -6.761908, 0.0 ], [ 107.53325, -6.761691, 0.0 ], [ 107.5332176, -6.761686, 0.0 ], [ 107.53314, -6.761674, 0.0 ], [ 107.532763, -6.761612, 0.0 ], [ 107.532447, -6.761587, 0.0 ], [ 107.53235, -6.761587, 0.0 ], [ 107.532257, -6.761588, 0.0 ], [ 107.532185, -6.761588, 0.0 ], [ 107.532123, -6.761588, 0.0 ], [ 107.532061, -6.761571, 0.0 ], [ 107.532027, -6.761562, 0.0 ], [ 107.531981, -6.761544, 0.0 ], [ 107.53192, -6.761508, 0.0 ], [ 107.531891, -6.76149, 0.0 ], [ 107.53181, -6.761436, 0.0 ], [ 107.531766, -6.761428, 0.0 ], [ 107.531596, -6.761374, 0.0 ], [ 107.531563, -6.761356, 0.0 ], [ 107.531494, -6.761312, 0.0 ], [ 107.531462, -6.761276, 0.0 ], [ 107.531383, -6.761195, 0.0 ], [ 107.531345, -6.761132, 0.0 ], [ 107.531303, -6.761078, 0.0 ], [ 107.53127, -6.761042, 0.0 ], [ 107.531167, -6.760925, 0.0 ], [ 107.531143, -6.76088, 0.0 ], [ 107.531129, -6.760825, 0.0 ], [ 107.531119, -6.760789, 0.0 ], [ 107.531113, -6.760762, 0.0 ], [ 107.531107, -6.760726, 0.0 ], [ 107.531071, -6.760464, 0.0 ], [ 107.531053, -6.760365, 0.0 ], [ 107.53104, -6.76032, 0.0 ], [ 107.53102, -6.760266, 0.0 ], [ 107.530996, -6.760166, 0.0 ], [ 107.530973, -6.760049, 0.0 ], [ 107.530989, -6.759895, 0.0 ], [ 107.530979, -6.759769, 0.0 ], [ 107.530914, -6.759661, 0.0 ], [ 107.5309033, -6.7596417, 0.0 ], [ 107.530854, -6.759553, 0.0 ], [ 107.530836, -6.759489, 0.0 ], [ 107.530795, -6.759318, 0.0 ], [ 107.530772, -6.759228, 0.0 ], [ 107.53074, -6.759128, 0.0 ], [ 107.530699, -6.759029, 0.0 ], [ 107.530584, -6.758903, 0.0 ], [ 107.530506, -6.75885, 0.0 ], [ 107.530223, -6.758706, 0.0 ], [ 107.530195, -6.758688, 0.0 ], [ 107.530063, -6.758617, 0.0 ], [ 107.529908, -6.758491, 0.0 ], [ 107.529729, -6.758356, 0.0 ], [ 107.529538, -6.758132, 0.0 ], [ 107.529336, -6.757988, 0.0 ], [ 107.529229, -6.757889, 0.0 ], [ 107.529066, -6.757709, 0.0 ], [ 107.528771, -6.757512, 0.0 ], [ 107.528656, -6.757413, 0.0 ], [ 107.528597, -6.757224, 0.0 ], [ 107.528434, -6.757017, 0.0 ], [ 107.528272, -6.756846, 0.0 ], [ 107.528134, -6.75672, 0.0 ], [ 107.527978, -6.756522, 0.0 ], [ 107.52786, -6.756396, 0.0 ], [ 107.527743, -6.756261, 0.0 ], [ 107.52757, -6.756099, 0.0 ], [ 107.527471, -6.756, 0.0 ], [ 107.527082, -6.755966, 0.0 ], [ 107.527033, -6.755967, 0.0 ], [ 107.526704, -6.755977, 0.0 ], [ 107.526484, -6.75606, 0.0 ], [ 107.526394, -6.756105, 0.0 ], [ 107.526038, -6.756134, 0.0 ], [ 107.525803, -6.75619, 0.0 ], [ 107.525779, -6.756199, 0.0 ], [ 107.52548, -6.756381, 0.0 ], [ 107.525453, -6.756399, 0.0 ], [ 107.525124, -6.756718, 0.0 ], [ 107.524946, -6.756863, 0.0 ], [ 107.524798, -6.756918, 0.0 ], [ 107.524443, -6.756983, 0.0 ], [ 107.524205, -6.756993, 0.0 ], [ 107.524009, -6.756949, 0.0 ], [ 107.523923, -6.756923, 0.0 ], [ 107.523793, -6.756878, 0.0 ], [ 107.523713, -6.756824, 0.0 ], [ 107.523591, -6.756771, 0.0 ], [ 107.523173, -6.756737, 0.0 ], [ 107.522952, -6.756756, 0.0 ], [ 107.52287, -6.756774, 0.0 ], [ 107.522708, -6.75682, 0.0 ], [ 107.522526, -6.756912, 0.0 ], [ 107.522473, -6.756939, 0.0 ], [ 107.522158, -6.757013, 0.0 ], [ 107.521918, -6.757023, 0.0 ], [ 107.521472, -6.756989, 0.0 ], [ 107.520871, -6.756984, 0.0 ], [ 107.520645, -6.756985, 0.0 ], [ 107.520408, -6.757013, 0.0 ], [ 107.520386, -6.757013, 0.0 ], [ 107.520042, -6.756997, 0.0 ], [ 107.519522, -6.757, 0.0 ], [ 107.519209, -6.757001, 0.0 ], [ 107.518894, -6.757084, 0.0 ], [ 107.518667, -6.757194, 0.0 ], [ 107.518548, -6.757285, 0.0 ], [ 107.518513, -6.757321, 0.0 ], [ 107.518339, -6.757223, 0.0 ], [ 107.51815, -6.757106, 0.0 ], [ 107.517984, -6.757007, 0.0 ], [ 107.517661, -6.75681, 0.0 ], [ 107.517599, -6.756784, 0.0 ], [ 107.517372, -6.756622, 0.0 ], [ 107.517356, -6.756604, 0.0 ], [ 107.516849, -6.756552, 0.0 ], [ 107.516676, -6.756553, 0.0 ], [ 107.516579, -6.756554, 0.0 ], [ 107.516299, -6.756239, 0.0 ], [ 107.516166, -6.756158, 0.0 ], [ 107.515825, -6.75607, 0.0 ], [ 107.515681, -6.756043, 0.0 ], [ 107.5153, -6.755856, 0.0 ], [ 107.51512, -6.75582, 0.0 ], [ 107.515098, -6.755811, 0.0 ], [ 107.514876, -6.755749, 0.0 ], [ 107.514781, -6.755723, 0.0 ], [ 107.514599, -6.755633, 0.0 ], [ 107.514236, -6.755373, 0.0 ], [ 107.51415, -6.755301, 0.0 ], [ 107.514073, -6.755238, 0.0 ], [ 107.513425, -6.754717, 0.0 ], [ 107.513275, -6.754682, 0.0 ], [ 107.5132, -6.754655, 0.0 ], [ 107.513103, -6.75462, 0.0 ], [ 107.512801, -6.754504, 0.0 ], [ 107.512568, -6.754424, 0.0 ], [ 107.512384, -6.754181, 0.0 ], [ 107.512155, -6.753911, 0.0 ], [ 107.512016, -6.753776, 0.0 ], [ 107.512014, -6.753767, 0.0 ], [ 107.511955, -6.753704, 0.0 ], [ 107.5118, -6.753632, 0.0 ], [ 107.511673, -6.753488, 0.0 ], [ 107.511621, -6.753371, 0.0 ], [ 107.511616, -6.753227, 0.0 ], [ 107.511657, -6.753037, 0.0 ], [ 107.511607, -6.752928, 0.0 ], [ 107.511514, -6.752829, 0.0 ], [ 107.511197, -6.752614, 0.0 ], [ 107.511127, -6.75256, 0.0 ], [ 107.511116, -6.752497, 0.0 ], [ 107.511168, -6.752334, 0.0 ], [ 107.511148, -6.752244, 0.0 ], [ 107.511125, -6.752154, 0.0 ], [ 107.510806, -6.751604, 0.0 ], [ 107.510763, -6.75146, 0.0 ], [ 107.510757, -6.751207, 0.0 ], [ 107.510736, -6.75108, 0.0 ], [ 107.510667, -6.75099, 0.0 ], [ 107.510582, -6.750891, 0.0 ], [ 107.510538, -6.750693, 0.0 ], [ 107.510514, -6.750575, 0.0 ], [ 107.510457, -6.750512, 0.0 ], [ 107.510393, -6.750476, 0.0 ], [ 107.510411, -6.75035, 0.0 ], [ 107.510432, -6.750241, 0.0 ], [ 107.510414, -6.750196, 0.0 ], [ 107.510395, -6.750196, 0.0 ], [ 107.510301, -6.750215, 0.0 ], [ 107.510185, -6.750233, 0.0 ], [ 107.509997, -6.75018, 0.0 ], [ 107.509798, -6.750046, 0.0 ], [ 107.509743, -6.750001, 0.0 ], [ 107.509643, -6.74992, 0.0 ], [ 107.509528, -6.749821, 0.0 ], [ 107.509475, -6.749776, 0.0 ], [ 107.50947, -6.749776, 0.0 ], [ 107.509421, -6.749731, 0.0 ], [ 107.509342, -6.749659, 0.0 ], [ 107.509236, -6.749533, 0.0 ], [ 107.509196, -6.749299, 0.0 ], [ 107.509331, -6.749081, 0.0 ], [ 107.509372, -6.748936, 0.0 ], [ 107.509202, -6.748747, 0.0 ], [ 107.509172, -6.748603, 0.0 ], [ 107.509154, -6.748531, 0.0 ], [ 107.509035, -6.748522, 0.0 ], [ 107.508909, -6.748505, 0.0 ], [ 107.508902, -6.748505, 0.0 ], [ 107.508837, -6.748451, 0.0 ], [ 107.508808, -6.748388, 0.0 ], [ 107.508979, -6.748107, 0.0 ], [ 107.509033, -6.748025, 0.0 ], [ 107.508892, -6.747764, 0.0 ], [ 107.508792, -6.747566, 0.0 ], [ 107.508605, -6.747341, 0.0 ], [ 107.508422, -6.747251, 0.0 ], [ 107.50833, -6.747252, 0.0 ], [ 107.508179, -6.747261, 0.0 ], [ 107.508093, -6.747271, 0.0 ], [ 107.508072, -6.747253, 0.0 ], [ 107.507955, -6.747064, 0.0 ], [ 107.507744, -6.746667, 0.0 ], [ 107.507715, -6.746568, 0.0 ], [ 107.507775, -6.74645, 0.0 ], [ 107.507822, -6.746387, 0.0 ], [ 107.507819, -6.746369, 0.0 ], [ 107.507792, -6.746197, 0.0 ], [ 107.507673, -6.746071, 0.0 ], [ 107.507637, -6.745981, 0.0 ], [ 107.507626, -6.745755, 0.0 ], [ 107.507573, -6.745556, 0.0 ], [ 107.507397, -6.745449, 0.0 ], [ 107.507294, -6.745368, 0.0 ], [ 107.507277, -6.745287, 0.0 ], [ 107.50726, -6.745206, 0.0 ], [ 107.507203, -6.745016, 0.0 ], [ 107.507129, -6.744899, 0.0 ], [ 107.5071, -6.744881, 0.0 ], [ 107.507051, -6.744836, 0.0 ], [ 107.506954, -6.744683, 0.0 ], [ 107.506846, -6.744349, 0.0 ], [ 107.506828, -6.744286, 0.0 ], [ 107.506774, -6.744223, 0.0 ], [ 107.506608, -6.744161, 0.0 ], [ 107.506376, -6.744053, 0.0 ], [ 107.5062822, -6.7439596, 0.0 ], [ 107.506237, -6.743819, 0.0 ], [ 107.506253, -6.743701, 0.0 ], [ 107.506289, -6.743593, 0.0 ], [ 107.506251, -6.743503, 0.0 ], [ 107.506134, -6.743395, 0.0 ], [ 107.506074, -6.743332, 0.0 ], [ 107.506081, -6.74325, 0.0 ], [ 107.506142, -6.743087, 0.0 ], [ 107.506012, -6.742916, 0.0 ], [ 107.50596, -6.742826, 0.0 ], [ 107.505922, -6.742601, 0.0 ], [ 107.505892, -6.742547, 0.0 ], [ 107.50586, -6.742492, 0.0 ], [ 107.505742, -6.742412, 0.0 ], [ 107.505579, -6.742376, 0.0 ], [ 107.505483, -6.742359, 0.0 ], [ 107.505345, -6.742152, 0.0 ], [ 107.505155, -6.741963, 0.0 ], [ 107.505097, -6.741873, 0.0 ], [ 107.505039, -6.741719, 0.0 ], [ 107.505003, -6.741638, 0.0 ], [ 107.505007, -6.741566, 0.0 ], [ 107.505127, -6.741466, 0.0 ], [ 107.505266, -6.741348, 0.0 ], [ 107.505296, -6.741311, 0.0 ], [ 107.505295, -6.741284, 0.0 ], [ 107.505042, -6.741087, 0.0 ], [ 107.504955, -6.741051, 0.0 ], [ 107.504827, -6.741142, 0.0 ], [ 107.50449, -6.741216, 0.0 ], [ 107.504247, -6.741362, 0.0 ], [ 107.50416, -6.741399, 0.0 ], [ 107.50405, -6.741345, 0.0 ], [ 107.503974, -6.741255, 0.0 ], [ 107.503839, -6.741084, 0.0 ], [ 107.503792, -6.740949, 0.0 ], [ 107.50383, -6.74075, 0.0 ], [ 107.50388, -6.740496, 0.0 ], [ 107.503959, -6.740333, 0.0 ], [ 107.504044, -6.740215, 0.0 ], [ 107.504062, -6.740116, 0.0 ], [ 107.504026, -6.739998, 0.0 ], [ 107.503894, -6.739846, 0.0 ], [ 107.503695, -6.739738, 0.0 ], [ 107.503566, -6.739712, 0.0 ], [ 107.503499, -6.739712, 0.0 ], [ 107.503352, -6.739731, 0.0 ], [ 107.503277, -6.739695, 0.0 ], [ 107.503244, -6.739325, 0.0 ], [ 107.503225, -6.739153, 0.0 ], [ 107.503189, -6.739036, 0.0 ], [ 107.503128, -6.738738, 0.0 ], [ 107.503106, -6.738639, 0.0 ], [ 107.502711, -6.738387, 0.0 ], [ 107.502285, -6.738335, 0.0 ], [ 107.502212, -6.738282, 0.0 ], [ 107.502231, -6.738164, 0.0 ], [ 107.502326, -6.737956, 0.0 ], [ 107.502336, -6.737838, 0.0 ], [ 107.502258, -6.737712, 0.0 ], [ 107.502058, -6.737604, 0.0 ], [ 107.501822, -6.737533, 0.0 ], [ 107.501705, -6.737453, 0.0 ], [ 107.501619, -6.737272, 0.0 ], [ 107.501598, -6.736974, 0.0 ], [ 107.501602, -6.736658, 0.0 ], [ 107.501585, -6.736568, 0.0 ], [ 107.50143, -6.736478, 0.0 ], [ 107.50131, -6.736443, 0.0 ], [ 107.501064, -6.736643, 0.0 ], [ 107.500922, -6.736698, 0.0 ], [ 107.500708, -6.736572, 0.0 ], [ 107.500487, -6.736447, 0.0 ], [ 107.500364, -6.736366, 0.0 ], [ 107.500193, -6.736276, 0.0 ], [ 107.500088, -6.736259, 0.0 ], [ 107.5, -6.736341, 0.0 ], [ 107.499976, -6.736368, 0.0 ], [ 107.499934, -6.736404, 0.0 ], [ 107.49976, -6.736523, 0.0 ], [ 107.4994998, -6.7365368, 0.0 ], [ 107.499195, -6.736553, 0.0 ], [ 107.498927, -6.73659, 0.0 ], [ 107.498676, -6.736619, 0.0 ], [ 107.497901, -6.736532, 0.0 ], [ 107.497716, -6.736479, 0.0 ], [ 107.497543, -6.736254, 0.0 ], [ 107.49748, -6.736173, 0.0 ], [ 107.497144, -6.736157, 0.0 ], [ 107.497103, -6.736157, 0.0 ], [ 107.497042, -6.736184, 0.0 ], [ 107.496642, -6.736322, 0.0 ], [ 107.496472, -6.736296, 0.0 ], [ 107.496419, -6.736269, 0.0 ], [ 107.496387, -6.736224, 0.0 ], [ 107.49632, -6.736079, 0.0 ], [ 107.496211, -6.735854, 0.0 ], [ 107.496025, -6.735747, 0.0 ], [ 107.495192, -6.735371, 0.0 ], [ 107.494839, -6.735183, 0.0 ], [ 107.494741, -6.735102, 0.0 ], [ 107.494517, -6.734968, 0.0 ], [ 107.494398, -6.734987, 0.0 ], [ 107.49428, -6.735087, 0.0 ], [ 107.493945, -6.735387, 0.0 ], [ 107.493801, -6.73536, 0.0 ], [ 107.493548, -6.735235, 0.0 ], [ 107.49318, -6.735065, 0.0 ], [ 107.493007, -6.735075, 0.0 ], [ 107.492794, -6.735167, 0.0 ], [ 107.492179, -6.735468, 0.0 ], [ 107.4919148, -6.7355464, 0.0 ], [ 107.491094, -6.73579, 0.0 ], [ 107.491021, -6.735772, 0.0 ], [ 107.490875, -6.735682, 0.0 ], [ 107.490694, -6.735494, 0.0 ], [ 107.490466, -6.735296, 0.0 ], [ 107.490306, -6.735134, 0.0 ], [ 107.490047, -6.734846, 0.0 ], [ 107.489888, -6.734793, 0.0 ], [ 107.489681, -6.734803, 0.0 ], [ 107.489423, -6.734804, 0.0 ], [ 107.489029, -6.734752, 0.0 ], [ 107.489005, -6.734761, 0.0 ], [ 107.488824, -6.734843, 0.0 ], [ 107.48863, -6.734989, 0.0 ], [ 107.488185, -6.735353, 0.0 ], [ 107.488011, -6.735498, 0.0 ], [ 107.487891, -6.735463, 0.0 ], [ 107.487292, -6.735384, 0.0 ], [ 107.487229, -6.735285, 0.0 ], [ 107.487264, -6.735204, 0.0 ], [ 107.487455, -6.734914, 0.0 ], [ 107.487433, -6.734706, 0.0 ], [ 107.487364, -6.734571, 0.0 ], [ 107.487184, -6.734418, 0.0 ], [ 107.487035, -6.734364, 0.0 ], [ 107.486429, -6.734178, 0.0 ], [ 107.486307, -6.734007, 0.0 ], [ 107.486165, -6.733854, 0.0 ], [ 107.485911, -6.733729, 0.0 ], [ 107.485437, -6.733523, 0.0 ], [ 107.485359, -6.733352, 0.0 ], [ 107.485338, -6.733171, 0.0 ], [ 107.485392, -6.733062, 0.0 ], [ 107.485516, -6.732989, 0.0 ], [ 107.485789, -6.732943, 0.0 ], [ 107.485993, -6.732897, 0.0 ], [ 107.48621, -6.73276, 0.0 ], [ 107.486244, -6.732715, 0.0 ], [ 107.486251, -6.732633, 0.0 ], [ 107.486193, -6.732317, 0.0 ], [ 107.48616, -6.732173, 0.0 ], [ 107.486049, -6.732065, 0.0 ], [ 107.48573, -6.731886, 0.0 ], [ 107.485401, -6.73177, 0.0 ], [ 107.485155, -6.731798, 0.0 ], [ 107.484911, -6.731872, 0.0 ], [ 107.484674, -6.731801, 0.0 ], [ 107.484044, -6.731578, 0.0 ], [ 107.483884, -6.731425, 0.0 ], [ 107.483879, -6.731272, 0.0 ], [ 107.483919, -6.73081, 0.0 ], [ 107.484049, -6.730611, 0.0 ], [ 107.484201, -6.73052, 0.0 ], [ 107.484703, -6.730345, 0.0 ], [ 107.484695, -6.730282, 0.0 ], [ 107.484606, -6.730201, 0.0 ], [ 107.484416, -6.730148, 0.0 ], [ 107.484079, -6.73005, 0.0 ], [ 107.483846, -6.729925, 0.0 ], [ 107.483793, -6.729799, 0.0 ], [ 107.483768, -6.729528, 0.0 ], [ 107.483716, -6.729347, 0.0 ], [ 107.483625, -6.729303, 0.0 ], [ 107.483474, -6.729312, 0.0 ], [ 107.483326, -6.729413, 0.0 ], [ 107.482992, -6.729649, 0.0 ], [ 107.482941, -6.729496, 0.0 ], [ 107.4828836, -6.7293811, 0.0 ], [ 107.482869, -6.729352, 0.0 ], [ 107.482768, -6.729325, 0.0 ], [ 107.482559, -6.72938, 0.0 ], [ 107.482324, -6.729391, 0.0 ], [ 107.482182, -6.729328, 0.0 ], [ 107.481635, -6.729042, 0.0 ], [ 107.481276, -6.728953, 0.0 ], [ 107.481177, -6.728917, 0.0 ], [ 107.481128, -6.728882, 0.0 ], [ 107.481067, -6.728746, 0.0 ], [ 107.480951, -6.728512, 0.0 ], [ 107.48078, -6.728377, 0.0 ], [ 107.480214, -6.728019, 0.0 ], [ 107.479961, -6.727875, 0.0 ], [ 107.479678, -6.727804, 0.0 ], [ 107.479059, -6.727672, 0.0 ], [ 107.478935, -6.727546, 0.0 ], [ 107.478933, -6.727456, 0.0 ], [ 107.479016, -6.727256, 0.0 ], [ 107.479417, -6.726477, 0.0 ], [ 107.479326, -6.726342, 0.0 ], [ 107.479185, -6.72627, 0.0 ], [ 107.478991, -6.726262, 0.0 ], [ 107.478747, -6.726327, 0.0 ], [ 107.478564, -6.726409, 0.0 ], [ 107.478399, -6.726491, 0.0 ], [ 107.478201, -6.726492, 0.0 ], [ 107.478072, -6.72643, 0.0 ], [ 107.477444, -6.725963, 0.0 ], [ 107.477394, -6.725791, 0.0 ], [ 107.477421, -6.72561, 0.0 ], [ 107.477542, -6.725031, 0.0 ], [ 107.477474, -6.72486, 0.0 ], [ 107.477332, -6.724725, 0.0 ], [ 107.477148, -6.724636, 0.0 ], [ 107.476959, -6.724628, 0.0 ], [ 107.476498, -6.724594, 0.0 ], [ 107.476383, -6.724405, 0.0 ], [ 107.475966, -6.723386, 0.0 ], [ 107.475933, -6.723277, 0.0 ], [ 107.475877, -6.723187, 0.0 ], [ 107.475665, -6.722944, 0.0 ], [ 107.4753267, -6.7225689, 0.0 ], [ 107.475324, -6.722566, 0.0 ], [ 107.475163, -6.722278, 0.0 ], [ 107.474905, -6.721601, 0.0 ], [ 107.474786, -6.720816, 0.0 ], [ 107.474887, -6.719993, 0.0 ], [ 107.474849, -6.719613, 0.0 ], [ 107.474762, -6.719397, 0.0 ], [ 107.474652, -6.719298, 0.0 ], [ 107.47436, -6.719164, 0.0 ], [ 107.474134, -6.719129, 0.0 ], [ 107.473944, -6.719175, 0.0 ], [ 107.473817, -6.719293, 0.0 ], [ 107.473763, -6.719456, 0.0 ], [ 107.473663, -6.719782, 0.0 ], [ 107.473567, -6.719846, 0.0 ], [ 107.473449, -6.71981, 0.0 ], [ 107.473066, -6.719668, 0.0 ], [ 107.472869, -6.719696, 0.0 ], [ 107.47238, -6.719825, 0.0 ], [ 107.472175, -6.719762, 0.0 ], [ 107.471937, -6.719728, 0.0 ], [ 107.471729, -6.719765, 0.0 ], [ 107.471381, -6.719848, 0.0 ], [ 107.471224, -6.719803, 0.0 ], [ 107.471124, -6.719677, 0.0 ], [ 107.471107, -6.719533, 0.0 ], [ 107.471081, -6.719271, 0.0 ], [ 107.470991, -6.719208, 0.0 ], [ 107.470878, -6.719227, 0.0 ], [ 107.470647, -6.719273, 0.0 ], [ 107.470515, -6.719211, 0.0 ], [ 107.47043, -6.719039, 0.0 ], [ 107.470313, -6.718733, 0.0 ], [ 107.470099, -6.717839, 0.0 ], [ 107.469865, -6.717099, 0.0 ], [ 107.469852, -6.717063, 0.0 ], [ 107.469786, -6.716982, 0.0 ], [ 107.469649, -6.716919, 0.0 ], [ 107.469476, -6.71692, 0.0 ], [ 107.469467, -6.71692, 0.0 ], [ 107.469236, -6.716912, 0.0 ], [ 107.468628, -6.716735, 0.0 ], [ 107.468381, -6.716727, 0.0 ], [ 107.468046, -6.71662, 0.0 ], [ 107.467499, -6.716478, 0.0 ], [ 107.466879, -6.716382, 0.0 ], [ 107.466736, -6.716383, 0.0 ], [ 107.466643, -6.716347, 0.0 ], [ 107.466587, -6.716221, 0.0 ], [ 107.466221, -6.715084, 0.0 ], [ 107.466085, -6.714569, 0.0 ], [ 107.465947, -6.714227, 0.0 ], [ 107.465914, -6.714145, 0.0 ], [ 107.465604, -6.713397, 0.0 ], [ 107.465576, -6.713334, 0.0 ], [ 107.465377, -6.712991, 0.0 ], [ 107.465088, -6.712622, 0.0 ], [ 107.464945, -6.71256, 0.0 ], [ 107.464831, -6.712587, 0.0 ], [ 107.4646, -6.712643, 0.0 ], [ 107.464476, -6.712562, 0.0 ], [ 107.464433, -6.712445, 0.0 ], [ 107.464439, -6.712065, 0.0 ], [ 107.464426, -6.711342, 0.0 ], [ 107.464316, -6.711053, 0.0 ], [ 107.464151, -6.710828, 0.0 ], [ 107.463919, -6.710685, 0.0 ], [ 107.463679, -6.710605, 0.0 ], [ 107.462908, -6.710446, 0.0 ], [ 107.462577, -6.710493, 0.0 ], [ 107.461857, -6.710659, 0.0 ], [ 107.461845, -6.71056, 0.0 ], [ 107.461807, -6.709991, 0.0 ], [ 107.461676, -6.709865, 0.0 ], [ 107.461471, -6.709748, 0.0 ], [ 107.4612927, -6.709631, 0.0 ], [ 107.460883, -6.709362, 0.0 ], [ 107.460681, -6.709156, 0.0 ], [ 107.460537, -6.708894, 0.0 ], [ 107.460312, -6.708525, 0.0 ], [ 107.460099, -6.708372, 0.0 ], [ 107.460027, -6.708318, 0.0 ], [ 107.460011, -6.70821, 0.0 ], [ 107.459965, -6.707921, 0.0 ], [ 107.46001, -6.707749, 0.0 ], [ 107.460119, -6.707649, 0.0 ], [ 107.460181, -6.707486, 0.0 ], [ 107.460136, -6.707387, 0.0 ], [ 107.459962, -6.707225, 0.0 ], [ 107.459948, -6.707216, 0.0 ], [ 107.459364, -6.70674, 0.0 ], [ 107.459323, -6.706722, 0.0 ], [ 107.45905, -6.70666, 0.0 ], [ 107.458904, -6.706589, 0.0 ], [ 107.458697, -6.706391, 0.0 ], [ 107.458234, -6.705779, 0.0 ], [ 107.458162, -6.705734, 0.0 ], [ 107.458008, -6.705698, 0.0 ], [ 107.4574763, -6.7056292, 0.0 ], [ 107.457475, -6.705629, 0.0 ], [ 107.457342, -6.705611, 0.0 ], [ 107.45734, -6.705611, 0.0 ], [ 107.456933, -6.705595, 0.0 ], [ 107.45675, -6.705569, 0.0 ], [ 107.45638, -6.705336, 0.0 ], [ 107.456136, -6.705075, 0.0 ], [ 107.455967, -6.704814, 0.0 ], [ 107.45567, -6.704273, 0.0 ], [ 107.455618, -6.70421, 0.0 ], [ 107.455529, -6.704118, 0.0 ], [ 107.45527, -6.70385, 0.0 ], [ 107.454908, -6.703635, 0.0 ], [ 107.454076, -6.703133, 0.0 ], [ 107.453951, -6.702971, 0.0 ], [ 107.453876, -6.702719, 0.0 ], [ 107.453889, -6.70252, 0.0 ], [ 107.453968, -6.702384, 0.0 ], [ 107.454176, -6.702202, 0.0 ], [ 107.454246, -6.702075, 0.0 ], [ 107.454215, -6.701985, 0.0 ], [ 107.454109, -6.701904, 0.0 ], [ 107.453834, -6.701833, 0.0 ], [ 107.453599, -6.701762, 0.0 ], [ 107.453531, -6.701663, 0.0 ], [ 107.453559, -6.701554, 0.0 ], [ 107.453692, -6.701102, 0.0 ], [ 107.4535772, -6.7009938, 0.0 ], [ 107.4535762, -6.700993, 0.0 ], [ 107.4535755, -6.7009925, 0.0 ], [ 107.4535753, -6.7009923, 0.0 ], [ 107.4535707, -6.7009921, 0.0 ], [ 107.4535652, -6.7009918, 0.0 ], [ 107.4535546, -6.7009913, 0.0 ], [ 107.4535452, -6.7009908, 0.0 ], [ 107.453538, -6.7009904, 0.0 ], [ 107.453499, -6.7009885, 0.0 ], [ 107.4534631, -6.7009692, 0.0 ], [ 107.4534608, -6.700968, 0.0 ], [ 107.4534525, -6.7009651, 0.0 ], [ 107.4533769, -6.7009384, 0.0 ], [ 107.4532319, -6.7009041, 0.0 ], [ 107.4530946, -6.7008888, 0.0 ], [ 107.4529268, -6.7009237, 0.0 ], [ 107.4527055, -6.7009246, 0.0 ], [ 107.4524995, -6.7008755, 0.0 ], [ 107.4523698, -6.7006848, 0.0 ], [ 107.4522477, -6.7004134, 0.0 ], [ 107.452118, -6.7003133, 0.0 ], [ 107.4520036, -6.7003338, 0.0 ], [ 107.4517823, -6.7004191, 0.0 ], [ 107.4516221, -6.7005036, 0.0 ], [ 107.4513856, -6.7005283, 0.0 ], [ 107.4512635, -6.7004811, 0.0 ], [ 107.451111, -6.7003152, 0.0 ], [ 107.4508973, -6.7000658, 0.0 ], [ 107.4507524, -6.6999714, 0.0 ], [ 107.4505693, -6.6999843, 0.0 ], [ 107.4503099, -6.7001049, 0.0 ], [ 107.4498826, -6.7004168, 0.0 ], [ 107.4496995, -6.7004177, 0.0 ], [ 107.4494172, -6.7003476, 0.0 ], [ 107.4492875, -6.7003481, 0.0 ], [ 107.4492112, -6.7004439, 0.0 ], [ 107.4491883, -6.7006347, 0.0 ], [ 107.4493028, -6.700968, 0.0 ], [ 107.4493028, -6.7011468, 0.0 ], [ 107.449196, -6.7013618, 0.0 ], [ 107.449051, -6.7014696, 0.0 ], [ 107.4488221, -6.7015421, 0.0 ], [ 107.4482652, -6.7015569, 0.0 ], [ 107.4478379, -6.7015235, 0.0 ], [ 107.4475328, -6.7014057, 0.0 ], [ 107.4471971, -6.7011692, 0.0 ], [ 107.4469606, -6.7009675, 0.0 ], [ 107.4467088, -6.7006471, 0.0 ], [ 107.4464799, -6.70035, 0.0 ], [ 107.4462663, -6.7002084, 0.0 ], [ 107.4460374, -6.7002094, 0.0 ], [ 107.4458314, -6.700258, 0.0 ], [ 107.445778, -6.7003657, 0.0 ], [ 107.4457551, -6.7005684, 0.0 ], [ 107.4456712, -6.7007358, 0.0 ], [ 107.4455033, -6.7007839, 0.0 ], [ 107.4453126, -6.7008087, 0.0 ], [ 107.4451295, -6.7007501, 0.0 ], [ 107.4449998, -6.7005961, 0.0 ], [ 107.444748, -6.7001917, 0.0 ], [ 107.4445039, -6.7000873, 0.0 ], [ 107.4443589, -6.7001059, 0.0 ], [ 107.4441682, -6.7002651, 0.0 ], [ 107.4439546, -6.7004778, 0.0 ], [ 107.4436723, -6.7006733, 0.0 ], [ 107.4435655, -6.7006385, 0.0 ], [ 107.4435121, -6.7005856, 0.0 ], [ 107.4434434, -6.7003748, 0.0 ], [ 107.4433671, -6.6999518, 0.0 ], [ 107.4432298, -6.6997058, 0.0 ], [ 107.4427339, -6.6995675, 0.0 ], [ 107.4419938, -6.6995008, 0.0 ], [ 107.4414445, -6.6995208, 0.0 ], [ 107.4412996, -6.6996099, 0.0 ], [ 107.4412843, -6.6997153, 0.0 ], [ 107.4413758, -6.6999266, 0.0 ], [ 107.4415513, -6.7002956, 0.0 ], [ 107.4417344, -6.7006828, 0.0 ], [ 107.4418031, -6.7010348, 0.0 ], [ 107.4417878, -6.7012112, 0.0 ], [ 107.4416276, -6.7012651, 0.0 ], [ 107.4415055, -6.7012302, 0.0 ], [ 107.4411698, -6.7010204, 0.0 ], [ 107.4407426, -6.7010047, 0.0 ], [ 107.4404832, -6.7010944, 0.0 ], [ 107.4402314, -6.7012717, 0.0 ], [ 107.4401323, -6.7015192, 0.0 ], [ 107.440117, -6.7018187, 0.0 ], [ 107.4400636, -6.7022068, 0.0 ], [ 107.4399415, -6.7026126, 0.0 ], [ 107.4398042, -6.7027895, 0.0 ], [ 107.439644, -6.7027904, 0.0 ], [ 107.4394303, -6.7026507, 0.0 ], [ 107.4390947, -6.7022821, 0.0 ], [ 107.4387361, -6.7018082, 0.0 ], [ 107.438469, -6.7013685, 0.0 ], [ 107.4382707, -6.7010171, 0.0 ], [ 107.4382707, -6.7008059, 0.0 ], [ 107.4383775, -6.7005937, 0.0 ], [ 107.4383927, -6.7003819, 0.0 ], [ 107.4382859, -6.7002418, 0.0 ], [ 107.4380189, -6.700155, 0.0 ], [ 107.437584, -6.7001569, 0.0 ], [ 107.43705, -6.7003533, 0.0 ], [ 107.4367219, -6.7005136, 0.0 ], [ 107.4365083, -6.7006733, 0.0 ], [ 107.4363481, -6.7007272, 0.0 ], [ 107.4361878, -6.7006576, 0.0 ], [ 107.4360658, -6.7005345, 0.0 ], [ 107.4359437, -6.7003944, 0.0 ], [ 107.4357682, -6.7004129, 0.0 ], [ 107.4356233, -6.7005193, 0.0 ], [ 107.4355165, -6.7007486, 0.0 ], [ 107.4354631, -6.7009079, 0.0 ], [ 107.435486, -6.7012073, 0.0 ], [ 107.4355546, -6.701524, 0.0 ], [ 107.4356153, -6.7019115, 0.0 ], [ 107.4356157, -6.7019136, 0.0 ], [ 107.4356004, -6.7020342, 0.0 ], [ 107.4354936, -6.7021191, 0.0 ], [ 107.4352037, -6.7020647, 0.0 ], [ 107.4349366, -6.7018883, 0.0 ], [ 107.4344331, -6.7015883, 0.0 ], [ 107.4340745, -6.7014835, 0.0 ], [ 107.4336473, -6.7014496, 0.0 ], [ 107.4333802, -6.7014868, 0.0 ], [ 107.4331895, -6.7015764, 0.0 ], [ 107.4329759, -6.7018268, 0.0 ], [ 107.4328462, -6.7019164, 0.0 ], [ 107.4327089, -6.7018635, 0.0 ], [ 107.4325639, -6.70174, 0.0 ], [ 107.4324571, -6.7014911, 0.0 ], [ 107.4323274, -6.7011182, 0.0 ], [ 107.4322206, -6.7009942, 0.0 ], [ 107.4319688, -6.7009422, 0.0 ], [ 107.4314882, -6.7010514, 0.0 ], [ 107.4309236, -6.7011787, 0.0 ], [ 107.4306718, -6.7011086, 0.0 ], [ 107.43042, -6.7008965, 0.0 ], [ 107.4302598, -6.7005236, 0.0 ], [ 107.4301301, -6.7002928, 0.0 ], [ 107.430092, -6.7002532, 0.0 ], [ 107.4300638, -6.7002359, 0.0 ], [ 107.4300462, -6.7002251, 0.0 ], [ 107.4300447, -6.700225, 0.0 ], [ 107.4300439, -6.700225, 0.0 ], [ 107.4300428, -6.700225, 0.0 ], [ 107.4299699, -6.7002227, 0.0 ], [ 107.4297563, -6.7002413, 0.0 ], [ 107.4293519, -6.7004034, 0.0 ], [ 107.4290086, -6.7005298, 0.0 ], [ 107.4285509, -6.7006032, 0.0 ], [ 107.4281922, -6.700587, 0.0 ], [ 107.428032, -6.7004988, 0.0 ], [ 107.4279024, -6.7003753, 0.0 ], [ 107.4277803, -6.7001087, 0.0 ], [ 107.42762, -6.6998426, 0.0 ], [ 107.4274064, -6.6997368, 0.0 ], [ 107.4270478, -6.699721, 0.0 ], [ 107.4265138, -6.6998303, 0.0 ], [ 107.4257661, -6.7000119, 0.0 ], [ 107.4254304, -6.7000491, 0.0 ], [ 107.4251405, -6.7000153, 0.0 ], [ 107.4249803, -6.6998736, 0.0 ], [ 107.4248506, -6.6996862, 0.0 ], [ 107.4245302, -6.6991994, 0.0 ], [ 107.4242707, -6.6989386, 0.0 ], [ 107.4239732, -6.6987655, 0.0 ], [ 107.4238282, -6.6986091, 0.0 ], [ 107.4237749, -6.6984698, 0.0 ], [ 107.4237596, -6.6981904, 0.0 ], [ 107.4236909, -6.697807, 0.0 ], [ 107.4235459, -6.6973536, 0.0 ], [ 107.4233705, -6.696953, 0.0 ], [ 107.4231569, -6.6968143, 0.0 ], [ 107.4228974, -6.6967284, 0.0 ], [ 107.4226533, -6.6965549, 0.0 ], [ 107.4225236, -6.6962935, 0.0 ], [ 107.4225389, -6.695892, 0.0 ], [ 107.4225084, -6.6957004, 0.0 ], [ 107.4222947, -6.6955616, 0.0 ], [ 107.4218217, -6.6954243, 0.0 ], [ 107.4215089, -6.695286, 0.0 ], [ 107.4213487, -6.6950428, 0.0 ], [ 107.4209977, -6.6944944, 0.0 ], [ 107.4206697, -6.6941888, 0.0 ], [ 107.4204179, -6.6938626, 0.0 ], [ 107.420189, -6.6936586, 0.0 ], [ 107.4199449, -6.6935985, 0.0 ], [ 107.4195329, -6.6934983, 0.0 ], [ 107.4192659, -6.6933357, 0.0 ], [ 107.4191057, -6.6931316, 0.0 ], [ 107.4189607, -6.6928045, 0.0 ], [ 107.4184037, -6.6923978, 0.0 ], [ 107.4180299, -6.6921336, 0.0 ], [ 107.4177247, -6.691746, 0.0 ], [ 107.4172899, -6.6912362, 0.0 ], [ 107.4168168, -6.6909105, 0.0 ], [ 107.4162217, -6.6906883, 0.0 ], [ 107.4154588, -6.6904871, 0.0 ], [ 107.4149476, -6.6903259, 0.0 ], [ 107.4145967, -6.6903073, 0.0 ], [ 107.4141236, -6.6902072, 0.0 ], [ 107.4134904, -6.6897189, 0.0 ], [ 107.4131242, -6.6895768, 0.0 ], [ 107.4127809, -6.6896426, 0.0 ], [ 107.4123994, -6.6899025, 0.0 ], [ 107.4122392, -6.689984, 0.0 ], [ 107.4121095, -6.6899683, 0.0 ], [ 107.4119264, -6.6898562, 0.0 ], [ 107.4116212, -6.6894872, 0.0 ], [ 107.4111177, -6.6889421, 0.0 ], [ 107.4109019, -6.6888419, 0.0 ], [ 107.4109015, -6.6888417, 0.0 ], [ 107.4108909, -6.6888368, 0.0 ], [ 107.4108899, -6.6888363, 0.0 ], [ 107.4108888, -6.6888358, 0.0 ], [ 107.410888, -6.6888356, 0.0 ], [ 107.4104692, -6.6887519, 0.0 ], [ 107.4098588, -6.6885774, 0.0 ], [ 107.4094545, -6.6885149, 0.0 ], [ 107.4091188, -6.6885488, 0.0 ], [ 107.4086152, -6.6886804, 0.0 ], [ 107.4079362, -6.68878, 0.0 ], [ 107.4074098, -6.6889603, 0.0 ], [ 107.4069749, -6.6893489, 0.0 ], [ 107.4064409, -6.6898997, 0.0 ], [ 107.4061357, -6.6903521, 0.0 ], [ 107.4059602, -6.6909172, 0.0 ], [ 107.4058686, -6.6911914, 0.0 ], [ 107.4057389, -6.6913373, 0.0 ], [ 107.4054948, -6.6914026, 0.0 ], [ 107.4052603, -6.6914376, 0.0 ], [ 107.4051591, -6.6914527, 0.0 ], [ 107.4049684, -6.6915023, 0.0 ], [ 107.4046785, -6.6915843, 0.0 ], [ 107.4045653, -6.6916143, 0.0 ], [ 107.4041215, -6.6917321, 0.0 ], [ 107.4040147, -6.6918232, 0.0 ], [ 107.4039613, -6.6920955, 0.0 ], [ 107.403946, -6.692331, 0.0 ], [ 107.4038316, -6.6924583, 0.0 ], [ 107.4036866, -6.6924955, 0.0 ], [ 107.4034883, -6.6924059, 0.0 ], [ 107.4033052, -6.6921894, 0.0 ], [ 107.4031068, -6.6920998, 0.0 ], [ 107.4029619, -6.6921184, 0.0 ], [ 107.4026185, -6.6922833, 0.0 ], [ 107.4023439, -6.6925566, 0.0 ], [ 107.401764, -6.6929581, 0.0 ], [ 107.4013521, -6.6931245, 0.0 ], [ 107.4013505, -6.693125, 0.0 ], [ 107.4005357, -6.693381, 0.0 ], [ 107.4002839, -6.6935818, 0.0 ], [ 107.4001237, -6.6939089, 0.0 ], [ 107.4001008, -6.6943442, 0.0 ], [ 107.3999788, -6.6945803, 0.0 ], [ 107.3997651, -6.6948354, 0.0 ], [ 107.3990556, -6.6951467, 0.0 ], [ 107.3984224, -6.6954038, 0.0 ], [ 107.3981096, -6.6955502, 0.0 ], [ 107.3978959, -6.6955697, 0.0 ], [ 107.397751, -6.695534, 0.0 ], [ 107.397278, -6.6952826, 0.0 ], [ 107.3968431, -6.6950671, 0.0 ], [ 107.3966066, -6.6950862, 0.0 ], [ 107.3963853, -6.6951601, 0.0 ], [ 107.3962404, -6.6953236, 0.0 ], [ 107.3959733, -6.6956512, 0.0 ], [ 107.3958436, -6.6956522, 0.0 ], [ 107.3956834, -6.6955802, 0.0 ], [ 107.3953783, -6.6953942, 0.0 ], [ 107.3951646, -6.6953375, 0.0 ], [ 107.3948366, -6.6953585, 0.0 ], [ 107.3946382, -6.6953594, 0.0 ], [ 107.3941194, -6.6953041, 0.0 ], [ 107.3939439, -6.6953241, 0.0 ], [ 107.3937303, -6.6954023, 0.0 ], [ 107.3933641, -6.6955392, 0.0 ], [ 107.392975, -6.6955602, 0.0 ], [ 107.3927079, -6.695523, 0.0 ], [ 107.3921434, -6.6953522, 0.0 ], [ 107.3917009, -6.6950452, 0.0 ], [ 107.3914644, -6.6947958, 0.0 ], [ 107.3911562, -6.6947425, 0.0 ], [ 107.39115, -6.6947414, 0.0 ], [ 107.3911401, -6.6947397, 0.0 ], [ 107.391137, -6.6947392, 0.0 ], [ 107.3911363, -6.694739, 0.0 ], [ 107.3911344, -6.6947388, 0.0 ], [ 107.3907319, -6.6946833, 0.0 ], [ 107.3903428, -6.6945307, 0.0 ], [ 107.3896638, -6.6941864, 0.0 ], [ 107.3893205, -6.694092, 0.0 ], [ 107.3887407, -6.6940367, 0.0 ], [ 107.3878633, -6.6939828, 0.0 ], [ 107.3871919, -6.6938512, 0.0 ], [ 107.3867646, -6.6938145, 0.0 ], [ 107.3864747, -6.6937, 0.0 ], [ 107.3860475, -6.6935284, 0.0 ], [ 107.3854829, -6.6932804, 0.0 ], [ 107.3849016, -6.6929956, 0.0 ], [ 107.3843003, -6.6927011, 0.0 ], [ 107.3839036, -6.6924979, 0.0 ], [ 107.3831102, -6.6919968, 0.0 ], [ 107.3827135, -6.6917774, 0.0 ], [ 107.3822709, -6.6917483, 0.0 ], [ 107.3820039, -6.6917178, 0.0 ], [ 107.3817521, -6.6915771, 0.0 ], [ 107.3815004, -6.6913573, 0.0 ], [ 107.3811799, -6.6910121, 0.0 ], [ 107.3806916, -6.6907932, 0.0 ], [ 107.3804323, -6.6905577, 0.0 ], [ 107.3801349, -6.6903385, 0.0 ], [ 107.3801349, -6.6903384, 0.0 ], [ 107.3801349, -6.6903384, 0.0 ], [ 107.3801347, -6.6903383, 0.0 ], [ 107.3799287, -6.6903393, 0.0 ], [ 107.3797227, -6.6904351, 0.0 ], [ 107.3793946, -6.6907365, 0.0 ], [ 107.379059, -6.6908958, 0.0 ], [ 107.3788377, -6.6908652, 0.0 ], [ 107.3786317, -6.6908032, 0.0 ], [ 107.3783189, -6.6905524, 0.0 ], [ 107.3776704, -6.6901767, 0.0 ], [ 107.3773347, -6.6901152, 0.0 ], [ 107.377144, -6.6901633, 0.0 ], [ 107.3769838, -6.6902434, 0.0 ], [ 107.3766862, -6.6904814, 0.0 ], [ 107.3762971, -6.6907675, 0.0 ], [ 107.3761369, -6.6908471, 0.0 ], [ 107.3759462, -6.6908795, 0.0 ], [ 107.3756334, -6.6908967, 0.0 ], [ 107.3752519, -6.6909301, 0.0 ], [ 107.3750001, -6.6909129, 0.0 ], [ 107.3749391, -6.6909954, 0.0 ], [ 107.374489, -6.6911151, 0.0 ], [ 107.3741533, -6.6911165, 0.0 ], [ 107.37381, -6.6909487, 0.0 ], [ 107.3731462, -6.690469, 0.0 ], [ 107.3728944, -6.690314, 0.0 ], [ 107.3725511, -6.6901457, 0.0 ], [ 107.372162, -6.6898086, 0.0 ], [ 107.3718721, -6.6896145, 0.0 ], [ 107.3716508, -6.6895892, 0.0 ], [ 107.3714296, -6.6896688, 0.0 ], [ 107.3712617, -6.6898653, 0.0 ], [ 107.3712083, -6.6902043, 0.0 ], [ 107.3712086, -6.6902056, 0.0 ], [ 107.3712094, -6.6902102, 0.0 ], [ 107.3712617, -6.6904914, 0.0 ], [ 107.3714067, -6.6908557, 0.0 ], [ 107.3716813, -6.6911676, 0.0 ], [ 107.3720781, -6.6915962, 0.0 ], [ 107.3722993, -6.6920516, 0.0 ], [ 107.3724366, -6.6923902, 0.0 ], [ 107.3725663, -6.6928722, 0.0 ], [ 107.3728486, -6.6935365, 0.0 ], [ 107.3729402, -6.6940185, 0.0 ], [ 107.3729936, -6.6944491, 0.0 ], [ 107.3729173, -6.6946971, 0.0 ], [ 107.3726198, -6.6951162, 0.0 ], [ 107.3724214, -6.6953456, 0.0 ], [ 107.3721391, -6.6955792, 0.0 ], [ 107.3716585, -6.6959559, 0.0 ], [ 107.3712617, -6.696315, 0.0 ], [ 107.3711244, -6.6966011, 0.0 ], [ 107.3710023, -6.6969945, 0.0 ], [ 107.3709642, -6.6974408, 0.0 ], [ 107.3709337, -6.6977979, 0.0 ], [ 107.3708421, -6.6982443, 0.0 ], [ 107.3708268, -6.6984941, 0.0 ], [ 107.370865, -6.698744, 0.0 ], [ 107.3709947, -6.6992075, 0.0 ], [ 107.3712083, -6.6995098, 0.0 ], [ 107.3713685, -6.6997229, 0.0 ], [ 107.3714448, -6.6999366, 0.0 ], [ 107.3714448, -6.7002403, 0.0 ], [ 107.3713761, -6.7005259, 0.0 ], [ 107.3711931, -6.7007587, 0.0 ], [ 107.3711625, -6.7007954, 0.0 ], [ 107.3711598, -6.7007985, 0.0 ], [ 107.3710866, -6.7008801, 0.0 ], [ 107.3712005, -6.7010673, 0.0 ], [ 107.3712033, -6.7010854, 0.0 ], [ 107.37121, -6.70113, 0.0 ], [ 107.3712224, -6.7011578, 0.0 ], [ 107.37125, -6.70122, 0.0 ], [ 107.37127, -6.70155, 0.0 ], [ 107.3712844, -6.7017363, 0.0 ], [ 107.3714084, -6.7018426, 0.0 ], [ 107.37142, -6.70186, 0.0 ], [ 107.37165, -6.70176, 0.0 ], [ 107.37174, -6.70173, 0.0 ], [ 107.37189, -6.70221, 0.0 ], [ 107.3719294, -6.7027855, 0.0 ], [ 107.3719105, -6.7029143, 0.0 ], [ 107.37211, -6.70341, 0.0 ], [ 107.3722116, -6.7037657, 0.0 ], [ 107.37223, -6.70383, 0.0 ], [ 107.37229, -6.70419, 0.0 ], [ 107.37225, -6.70455, 0.0 ], [ 107.37222, -6.70501, 0.0 ], [ 107.37221, -6.70533, 0.0 ], [ 107.3721052, -6.7056041, 0.0 ], [ 107.3720496, -6.705771, 0.0 ], [ 107.3720403, -6.7059148, 0.0 ], [ 107.372198, -6.7061003, 0.0 ], [ 107.3723032, -6.7061688, 0.0 ], [ 107.372586, -6.7061493, 0.0 ], [ 107.3728144, -6.7061302, 0.0 ], [ 107.3729953, -6.7061112, 0.0 ], [ 107.3731571, -6.7061397, 0.0 ], [ 107.3733189, -6.7062825, 0.0 ], [ 107.373395, -6.7064538, 0.0 ], [ 107.3734712, -6.7065776, 0.0 ], [ 107.3736996, -6.7067965, 0.0 ], [ 107.3738138, -6.7068916, 0.0 ], [ 107.3740518, -6.7069678, 0.0 ], [ 107.3744039, -6.7071106, 0.0 ], [ 107.3745848, -6.7072153, 0.0 ], [ 107.3747275, -6.7073485, 0.0 ], [ 107.3748132, -6.7074532, 0.0 ], [ 107.3748417, -6.7075198, 0.0 ], [ 107.3748037, -6.7076721, 0.0 ], [ 107.3748037, -6.7077768, 0.0 ], [ 107.3749179, -6.7078625, 0.0 ], [ 107.3750797, -6.7079481, 0.0 ], [ 107.3751463, -6.7080433, 0.0 ], [ 107.3751368, -6.7082146, 0.0 ], [ 107.3751273, -6.7082908, 0.0 ], [ 107.3752129, -6.7083384, 0.0 ], [ 107.375232, -6.7084526, 0.0 ], [ 107.3751749, -6.7087762, 0.0 ], [ 107.3751368, -6.7088904, 0.0 ], [ 107.3751749, -6.7090236, 0.0 ], [ 107.3751844, -6.709214, 0.0 ], [ 107.3751653, -6.7093377, 0.0 ], [ 107.3751343, -6.7094805, 0.0 ], [ 107.3751614, -6.709611, 0.0 ], [ 107.3751907, -6.709652, 0.0 ], [ 107.3753368, -6.7096729, 0.0 ], [ 107.3754604, -6.7096851, 0.0 ], [ 107.3755841, -6.7097993, 0.0 ], [ 107.3756983, -6.7099231, 0.0 ], [ 107.3758411, -6.7100468, 0.0 ], [ 107.3761171, -6.7101134, 0.0 ], [ 107.3763741, -6.7101896, 0.0 ], [ 107.3765454, -6.7102943, 0.0 ], [ 107.3766787, -6.7104561, 0.0 ], [ 107.3767263, -6.7106084, 0.0 ], [ 107.3766596, -6.7109225, 0.0 ], [ 107.3766025, -6.7110462, 0.0 ], [ 107.376593, -6.7112365, 0.0 ], [ 107.3766216, -6.7114174, 0.0 ], [ 107.3766311, -6.7116077, 0.0 ], [ 107.3765835, -6.7117124, 0.0 ], [ 107.3763836, -6.7119313, 0.0 ], [ 107.3762694, -6.7121788, 0.0 ], [ 107.376317, -6.7123025, 0.0 ], [ 107.3764122, -6.7125119, 0.0 ], [ 107.3765074, -6.7127308, 0.0 ], [ 107.3765074, -6.7129307, 0.0 ], [ 107.3764027, -6.7131116, 0.0 ], [ 107.3762689, -6.7133256, 0.0 ], [ 107.3762693, -6.7133317, 0.0 ], [ 107.3762142, -6.713488, 0.0 ], [ 107.3762166, -6.7135421, 0.0 ], [ 107.3762327, -6.7138915, 0.0 ], [ 107.3764229, -6.7146196, 0.0 ], [ 107.3765805, -6.7149489, 0.0 ], [ 107.3767289, -6.7150509, 0.0 ], [ 107.3769237, -6.715037, 0.0 ], [ 107.3770443, -6.7150556, 0.0 ], [ 107.37726, -6.71495, 0.0 ], [ 107.3774, -6.71492, 0.0 ], [ 107.37772, -6.71505, 0.0 ], [ 107.3779, -6.71512, 0.0 ], [ 107.37808, -6.71513, 0.0 ], [ 107.37847, -6.71495, 0.0 ], [ 107.3785768, -6.7148717, 0.0 ], [ 107.3786274, -6.7149054, 0.0 ], [ 107.3791417, -6.7146253, 0.0 ], [ 107.3796771, -6.7146028, 0.0 ], [ 107.3802131, -6.7147192, 0.0 ], [ 107.3807698, -6.7149941, 0.0 ], [ 107.3812469, -6.7152297, 0.0 ], [ 107.3817239, -6.7154455, 0.0 ], [ 107.3820621, -6.7156421, 0.0 ], [ 107.3824787, -6.7156797, 0.0 ], [ 107.3830348, -6.7158357, 0.0 ], [ 107.383578, -6.7162581, 0.0 ], [ 107.38358, -6.71626, 0.0 ], [ 107.3835815, -6.7162608, 0.0 ], [ 107.3835922, -6.7162692, 0.0 ], [ 107.3836064, -6.7162743, 0.0 ], [ 107.38395, -6.71646, 0.0 ], [ 107.383966, -6.716469, 0.0 ], [ 107.38418, -6.71659, 0.0 ], [ 107.3844097, -6.7168596, 0.0 ], [ 107.384466, -6.7169551, 0.0 ], [ 107.384472, -6.7169458, 0.0 ], [ 107.38454, -6.71704, 0.0 ], [ 107.3847, -6.71713, 0.0 ], [ 107.38481, -6.71713, 0.0 ], [ 107.38495, -6.71702, 0.0 ], [ 107.38507, -6.71689, 0.0 ], [ 107.38523, -6.71682, 0.0 ], [ 107.3854, -6.71686, 0.0 ], [ 107.3854095, -6.7168661, 0.0 ], [ 107.38554, -6.71695, 0.0 ], [ 107.38562, -6.71712, 0.0 ], [ 107.38575, -6.71738, 0.0 ], [ 107.38582, -6.71749, 0.0 ], [ 107.38597, -6.71755, 0.0 ], [ 107.38612, -6.71757, 0.0 ], [ 107.38668, -6.71718, 0.0 ], [ 107.38675, -6.71712, 0.0 ], [ 107.387, -6.71705, 0.0 ], [ 107.38714, -6.71711, 0.0 ], [ 107.38718, -6.71721, 0.0 ], [ 107.38707, -6.71766, 0.0 ], [ 107.38703, -6.71789, 0.0 ], [ 107.38703, -6.71795, 0.0 ], [ 107.38716, -6.71806, 0.0 ], [ 107.38741, -6.71814, 0.0 ], [ 107.38756, -6.71815, 0.0 ], [ 107.38792, -6.71798, 0.0 ], [ 107.38818, -6.71786, 0.0 ], [ 107.3883, -6.71785, 0.0 ], [ 107.38847, -6.71799, 0.0 ], [ 107.38862, -6.71817, 0.0 ], [ 107.38866, -6.71825, 0.0 ], [ 107.38875, -6.71844, 0.0 ], [ 107.38879, -6.71862, 0.0 ], [ 107.3889, -6.71872, 0.0 ], [ 107.38905, -6.7188, 0.0 ], [ 107.38928, -6.7188, 0.0 ], [ 107.38957, -6.71869, 0.0 ], [ 107.38973, -6.71864, 0.0 ], [ 107.38991, -6.71864, 0.0 ], [ 107.39039, -6.71891, 0.0 ], [ 107.39059, -6.71901, 0.0 ], [ 107.39077, -6.71905, 0.0 ], [ 107.39099, -6.71899, 0.0 ], [ 107.3912, -6.7189, 0.0 ], [ 107.39133, -6.7189, 0.0 ], [ 107.3914094, -6.7189366, 0.0 ], [ 107.39146, -6.71896, 0.0 ], [ 107.39151, -6.71905, 0.0 ], [ 107.3915, -6.71927, 0.0 ], [ 107.39144, -6.71969, 0.0 ], [ 107.3914454, -6.7197088, 0.0 ], [ 107.39148, -6.71983, 0.0 ], [ 107.39164, -6.72, 0.0 ], [ 107.39198, -6.72012, 0.0 ], [ 107.3924, -6.7203, 0.0 ], [ 107.39259, -6.72037, 0.0 ], [ 107.39268, -6.72037, 0.0 ], [ 107.3927473, -6.7201384, 0.0 ], [ 107.3927426, -6.7200317, 0.0 ], [ 107.3928957, -6.719823, 0.0 ], [ 107.3930798, -6.7197803, 0.0 ], [ 107.39308, -6.71978, 0.0 ], [ 107.3930801, -6.7197802, 0.0 ], [ 107.3932216, -6.719771, 0.0 ], [ 107.3932058, -6.7201013, 0.0 ], [ 107.39326, -6.72038, 0.0 ], [ 107.39329, -6.72085, 0.0 ], [ 107.39321, -6.72103, 0.0 ], [ 107.3931, -6.72117, 0.0 ], [ 107.39284, -6.72121, 0.0 ], [ 107.39272, -6.72212, 0.0 ], [ 107.3926812, -6.7225153, 0.0 ], [ 107.3926361, -6.7229754, 0.0 ], [ 107.39262, -6.72314, 0.0 ], [ 107.3926085, -6.7232664, 0.0 ], [ 107.39252, -6.72424, 0.0 ], [ 107.39251, -6.72445, 0.0 ], [ 107.39248, -6.72507, 0.0 ], [ 107.39243, -6.72536, 0.0 ], [ 107.3924432, -6.7256243, 0.0 ], [ 107.39247, -6.72616, 0.0 ], [ 107.3924743, -6.7263465, 0.0 ], [ 107.3924788, -6.7265394, 0.0 ], [ 107.3924998, -6.7274513, 0.0 ], [ 107.3924941, -6.7274578, 0.0 ], [ 107.392482, -6.7274731, 0.0 ], [ 107.3925222, -6.7282565, 0.0 ], [ 107.3926507, -6.7289417, 0.0 ], [ 107.3929077, -6.7293415, 0.0 ], [ 107.3931932, -6.7296984, 0.0 ], [ 107.39332, -6.7297983, 0.0 ], [ 107.39332, -6.730027, 0.0 ], [ 107.39332, -6.73071, 0.0 ], [ 107.39324, -6.73149, 0.0 ], [ 107.3932448, -6.7315903, 0.0 ], [ 107.39326, -6.73191, 0.0 ], [ 107.3933104, -6.7321762, 0.0 ], [ 107.3933212, -6.732233, 0.0 ], [ 107.3933591, -6.7323877, 0.0 ], [ 107.3932912, -6.73245, 0.0 ], [ 107.3932764, -6.7324561, 0.0 ], [ 107.3932394, -6.7330119, 0.0 ], [ 107.3931953, -6.7333433, 0.0 ], [ 107.3931482, -6.7336976, 0.0 ], [ 107.3930054, -6.7337235, 0.0 ], [ 107.3927467, -6.7337705, 0.0 ], [ 107.3924335, -6.7341357, 0.0 ], [ 107.3923748, -6.7344815, 0.0 ], [ 107.3923748, -6.7345469, 0.0 ], [ 107.3923094, -6.7346838, 0.0 ], [ 107.3922201, -6.7347908, 0.0 ], [ 107.3921785, -6.7348801, 0.0 ], [ 107.3921131, -6.7349812, 0.0 ], [ 107.3921131, -6.7350228, 0.0 ], [ 107.3920833, -6.7351358, 0.0 ], [ 107.3920476, -6.7351953, 0.0 ], [ 107.3919762, -6.735237, 0.0 ], [ 107.3919524, -6.7353262, 0.0 ], [ 107.3918723, -6.7354536, 0.0 ], [ 107.3919159, -6.736128, 0.0 ], [ 107.3920358, -6.737008, 0.0 ], [ 107.3916618, -6.737313, 0.0 ], [ 107.390927, -6.7376487, 0.0 ], [ 107.3903344, -6.7375505, 0.0 ], [ 107.3898721, -6.7375095, 0.0 ], [ 107.3893672, -6.7376274, 0.0 ], [ 107.3888905, -6.7375865, 0.0 ], [ 107.3882249, -6.7373154, 0.0 ], [ 107.3874724, -6.7370015, 0.0 ], [ 107.3868509, -6.736889, 0.0 ], [ 107.3860986, -6.7366184, 0.0 ], [ 107.3859191, -6.7364881, 0.0 ], [ 107.3857452, -6.7366604, 0.0 ], [ 107.385604, -6.7368134, 0.0 ], [ 107.385497, -6.7369776, 0.0 ], [ 107.3853114, -6.7368348, 0.0 ], [ 107.3850687, -6.7371275, 0.0 ], [ 107.3848902, -6.7373131, 0.0 ], [ 107.3846903, -6.7375201, 0.0 ], [ 107.3843905, -6.7377628, 0.0 ], [ 107.3841086, -6.7379922, 0.0 ], [ 107.3842475, -6.7382363, 0.0 ], [ 107.3850314, -6.739197, 0.0 ], [ 107.3859605, -6.7394892, 0.0 ], [ 107.3863694, -6.7396356, 0.0 ], [ 107.3866346, -6.7407471, 0.0 ], [ 107.3865269, -6.7414896, 0.0 ], [ 107.3867906, -6.7423044, 0.0 ], [ 107.387054, -6.743045, 0.0 ], [ 107.3871551, -6.7431178, 0.0 ], [ 107.3874636, -6.7433397, 0.0 ], [ 107.3881685, -6.7432992, 0.0 ], [ 107.3886534, -6.7438162, 0.0 ], [ 107.3892507, -6.7445551, 0.0 ], [ 107.3892913, -6.7452597, 0.0 ], [ 107.3892573, -6.7458905, 0.0 ], [ 107.3890352, -6.7460029, 0.0 ], [ 107.3881444, -6.7459702, 0.0 ], [ 107.3875879, -6.7459729, 0.0 ], [ 107.3872762, -6.7459744, 0.0 ], [ 107.3870637, -6.7459755, 0.0 ], [ 107.3872864, -6.7463059, 0.0 ], [ 107.3873309, -6.746546, 0.0 ], [ 107.38735, -6.7467554, 0.0 ], [ 107.3873976, -6.7469172, 0.0 ], [ 107.3873407, -6.7471087, 0.0 ], [ 107.3871444, -6.7471106, 0.0 ], [ 107.3869427, -6.7473121, 0.0 ], [ 107.3867852, -6.7475372, 0.0 ], [ 107.3866252, -6.7478276, 0.0 ], [ 107.386504, -6.7480003, 0.0 ], [ 107.3862714, -6.7482057, 0.0 ], [ 107.3857295, -6.7486342, 0.0 ], [ 107.385321, -6.7489409, 0.0 ], [ 107.3848265, -6.7493225, 0.0 ], [ 107.3844042, -6.7497344, 0.0 ], [ 107.3848206, -6.7497939, 0.0 ], [ 107.3851061, -6.7497344, 0.0 ], [ 107.385356, -6.7496393, 0.0 ], [ 107.3855225, -6.7494965, 0.0 ], [ 107.3857129, -6.7493656, 0.0 ], [ 107.3859508, -6.7492823, 0.0 ], [ 107.3861888, -6.7492585, 0.0 ], [ 107.3862364, -6.7493537, 0.0 ], [ 107.3860936, -6.7494132, 0.0 ], [ 107.3858557, -6.7495322, 0.0 ], [ 107.3856534, -6.7497106, 0.0 ], [ 107.3855701, -6.749901, 0.0 ], [ 107.3856891, -6.75002, 0.0 ], [ 107.38582, -6.75002, 0.0 ], [ 107.3859389, -6.7501033, 0.0 ], [ 107.3860698, -6.7502936, 0.0 ], [ 107.3862959, -6.7504721, 0.0 ], [ 107.386629, -6.75071, 0.0 ], [ 107.3864267, -6.7506862, 0.0 ], [ 107.386046, -6.7505554, 0.0 ], [ 107.3858557, -6.7504483, 0.0 ], [ 107.3854987, -6.7502698, 0.0 ], [ 107.3852608, -6.7501033, 0.0 ], [ 107.3849277, -6.7501627, 0.0 ], [ 107.3846897, -6.7502579, 0.0 ], [ 107.3842733, -6.7502222, 0.0 ], [ 107.384083, -6.750127, 0.0 ], [ 107.3838807, -6.7498772, 0.0 ], [ 107.3835126, -6.7495327, 0.0 ], [ 107.3833078, -6.7497761, 0.0 ], [ 107.383271, -6.7498199, 0.0 ], [ 107.3831077, -6.7499943, 0.0 ], [ 107.3831014, -6.7500003, 0.0 ], [ 107.3826107, -6.7504697, 0.0 ], [ 107.382324, -6.7507334, 0.0 ], [ 107.3822303, -6.7507507, 0.0 ], [ 107.3821914, -6.7507579, 0.0 ], [ 107.3819903, -6.7507171, 0.0 ], [ 107.3815738, -6.7506426, 0.0 ], [ 107.38156, -6.75064, 0.0 ], [ 107.3815409, -6.7506687, 0.0 ], [ 107.3814902, -6.7507279, 0.0 ], [ 107.38148, -6.7508397, 0.0 ], [ 107.38148, -6.75084, 0.0 ], [ 107.3814973, -6.7509764, 0.0 ], [ 107.3814973, -6.7509764, 0.0 ], [ 107.38156, -6.75147, 0.0 ], [ 107.3815, -6.75161, 0.0 ], [ 107.38139, -6.75166, 0.0 ], [ 107.38108, -6.75169, 0.0 ], [ 107.38072, -6.75171, 0.0 ], [ 107.3807471, -6.7517604, 0.0 ], [ 107.3807516, -6.7517687, 0.0 ], [ 107.38079, -6.75184, 0.0 ], [ 107.380779, -6.7519664, 0.0 ], [ 107.3807697, -6.752068, 0.0 ], [ 107.3805027, -6.7525204, 0.0 ], [ 107.3803077, -6.7527921, 0.0 ], [ 107.3801857, -6.7531258, 0.0 ], [ 107.3801782, -6.7532509, 0.0 ], [ 107.3802129, -6.7533058, 0.0 ], [ 107.380222, -6.7533202, 0.0 ], [ 107.3802235, -6.7533226, 0.0 ], [ 107.3807175, -6.7533622, 0.0 ], [ 107.3809427, -6.7533871, 0.0 ], [ 107.3811461, -6.7534576, 0.0 ], [ 107.381184, -6.7534988, 0.0 ], [ 107.3812251, -6.7537924, 0.0 ], [ 107.3812408, -6.7539087, 0.0 ], [ 107.3812547, -6.7540118, 0.0 ], [ 107.3813103, -6.7541402, 0.0 ], [ 107.381444, -6.7542405, 0.0 ], [ 107.38147, -6.75426, 0.0 ], [ 107.3816712, -6.7543149, 0.0 ], [ 107.3816854, -6.7543187, 0.0 ], [ 107.3819924, -6.754258, 0.0 ], [ 107.382074, -6.7542418, 0.0 ], [ 107.3823201, -6.7541818, 0.0 ], [ 107.3824113, -6.7541912, 0.0 ], [ 107.3824883, -6.7543036, 0.0 ], [ 107.3824898, -6.7543057, 0.0 ], [ 107.3825118, -6.7544898, 0.0 ], [ 107.3824551, -6.7545467, 0.0 ], [ 107.3823558, -6.7546464, 0.0 ], [ 107.3822177, -6.7547852, 0.0 ], [ 107.38206, -6.75495, 0.0 ], [ 107.3820051, -6.755011, 0.0 ], [ 107.3819709, -6.7550536, 0.0 ], [ 107.3819524, -6.7552081, 0.0 ], [ 107.3819686, -6.7552518, 0.0 ], [ 107.3820664, -6.755516, 0.0 ], [ 107.3821557, -6.7557238, 0.0 ], [ 107.3826026, -6.7558932, 0.0 ], [ 107.3826223, -6.7559007, 0.0 ], [ 107.3827708, -6.7559564, 0.0 ], [ 107.38292, -6.7561064, 0.0 ], [ 107.3830726, -6.7565263, 0.0 ], [ 107.3831137, -6.756888, 0.0 ], [ 107.3831192, -6.756937, 0.0 ], [ 107.3831499, -6.7571407, 0.0 ], [ 107.3832771, -6.7573516, 0.0 ], [ 107.3833919, -6.7575136, 0.0 ], [ 107.3834, -6.75753, 0.0 ], [ 107.3834245, -6.7575993, 0.0 ], [ 107.383456, -6.7577009, 0.0 ], [ 107.3833865, -6.7580201, 0.0 ], [ 107.38333, -6.7582971, 0.0 ], [ 107.3833302, -6.7582993, 0.0 ], [ 107.38333, -6.7583, 0.0 ], [ 107.38343, -6.75957, 0.0 ], [ 107.38346, -6.75975, 0.0 ], [ 107.38356, -6.7599, 0.0 ], [ 107.38371, -6.76001, 0.0 ], [ 107.38421, -6.76007, 0.0 ], [ 107.38454, -6.7601, 0.0 ], [ 107.38483, -6.76017, 0.0 ], [ 107.38506, -6.76032, 0.0 ], [ 107.38519, -6.7605, 0.0 ], [ 107.38524, -6.7607, 0.0 ], [ 107.38522, -6.76089, 0.0 ], [ 107.38511, -6.76121, 0.0 ], [ 107.38509, -6.76142, 0.0 ], [ 107.38523, -6.76191, 0.0 ], [ 107.38536, -6.76214, 0.0 ], [ 107.38556, -6.7624, 0.0 ], [ 107.38567, -6.76256, 0.0 ], [ 107.3859487, -6.7627613, 0.0 ], [ 107.38603, -6.76282, 0.0 ], [ 107.3872157, -6.7631129, 0.0 ], [ 107.38773, -6.76324, 0.0 ], [ 107.38791, -6.76329, 0.0 ], [ 107.38803, -6.76338, 0.0 ], [ 107.38808, -6.76358, 0.0 ], [ 107.38809, -6.76383, 0.0 ], [ 107.38816, -6.76394, 0.0 ], [ 107.38835, -6.76402, 0.0 ], [ 107.38847, -6.76404, 0.0 ], [ 107.38864, -6.76395, 0.0 ], [ 107.38883, -6.76377, 0.0 ], [ 107.38893, -6.76372, 0.0 ], [ 107.38905, -6.76375, 0.0 ], [ 107.3891647, -6.7638966, 0.0 ], [ 107.38923, -6.76398, 0.0 ], [ 107.3894, -6.76436, 0.0 ], [ 107.38946, -6.76448, 0.0 ], [ 107.38961, -6.76454, 0.0 ], [ 107.38985, -6.76451, 0.0 ], [ 107.3900435, -6.7644369, 0.0 ], [ 107.3903782, -6.7645318, 0.0 ], [ 107.390424, -6.7645596, 0.0 ], [ 107.39076, -6.76464, 0.0 ], [ 107.3907948, -6.7646489, 0.0 ], [ 107.39127, -6.76477, 0.0 ], [ 107.39169, -6.76482, 0.0 ], [ 107.3919515, -6.7647951, 0.0 ], [ 107.3920887, -6.7647476, 0.0 ], [ 107.3922047, -6.7647013, 0.0 ], [ 107.3924226, -6.7647152, 0.0 ], [ 107.3925199, -6.7647857, 0.0 ], [ 107.39257, -6.7648, 0.0 ], [ 107.39267, -6.76488, 0.0 ], [ 107.39259, -6.76509, 0.0 ], [ 107.39258, -6.76524, 0.0 ], [ 107.39262, -6.76533, 0.0 ], [ 107.39271, -6.76537, 0.0 ], [ 107.39308, -6.76515, 0.0 ], [ 107.3933, -6.76501, 0.0 ], [ 107.39345, -6.76498, 0.0 ], [ 107.39362, -6.76501, 0.0 ], [ 107.39386, -6.76524, 0.0 ], [ 107.39404, -6.7655, 0.0 ], [ 107.39414, -6.7657, 0.0 ], [ 107.39422, -6.76578, 0.0 ], [ 107.3947622, -6.7656251, 0.0 ], [ 107.39478, -6.76562, 0.0 ], [ 107.39491, -6.76598, 0.0 ], [ 107.3950216, -6.7663748, 0.0 ], [ 107.39504, -6.76644, 0.0 ], [ 107.39538, -6.76731, 0.0 ], [ 107.39556, -6.76803, 0.0 ], [ 107.39564, -6.76857, 0.0 ], [ 107.3956655, -6.7689744, 0.0 ], [ 107.3957, -6.76952, 0.0 ], [ 107.39579, -6.77015, 0.0 ], [ 107.39597, -6.77077, 0.0 ], [ 107.39613, -6.77121, 0.0 ], [ 107.3963645, -6.7716455, 0.0 ], [ 107.39641, -6.77173, 0.0 ], [ 107.39689, -6.7725, 0.0 ], [ 107.3972469, -6.7729656, 0.0 ], [ 107.39758, -6.7734, 0.0 ], [ 107.39841, -6.77435, 0.0 ], [ 107.39917, -6.77514, 0.0 ], [ 107.39979, -6.7758, 0.0 ], [ 107.40024, -6.77627, 0.0 ], [ 107.4008, -6.77682, 0.0 ], [ 107.40179, -6.77784, 0.0 ], [ 107.40268, -6.77882, 0.0 ], [ 107.40306, -6.77942, 0.0 ], [ 107.40369, -6.78049, 0.0 ], [ 107.4039103, -6.7809086, 0.0 ], [ 107.40409, -6.78125, 0.0 ], [ 107.4043, -6.78162, 0.0 ], [ 107.40444, -6.78186, 0.0 ], [ 107.40455, -6.78203, 0.0 ], [ 107.40462, -6.78209, 0.0 ], [ 107.40469, -6.78213, 0.0 ], [ 107.40478, -6.78215, 0.0 ], [ 107.40498, -6.78213, 0.0 ], [ 107.40519, -6.78209, 0.0 ], [ 107.40534, -6.78205, 0.0 ], [ 107.40558, -6.78199, 0.0 ], [ 107.40584, -6.78191, 0.0 ], [ 107.40658, -6.78166, 0.0 ], [ 107.40724, -6.78141, 0.0 ], [ 107.40803, -6.78108, 0.0 ], [ 107.40856, -6.78089, 0.0 ], [ 107.40944, -6.78055, 0.0 ], [ 107.41042, -6.78021, 0.0 ], [ 107.41172, -6.77979, 0.0 ], [ 107.41293, -6.77944, 0.0 ], [ 107.41359, -6.77921, 0.0 ], [ 107.41427, -6.77896, 0.0 ], [ 107.41473, -6.77877, 0.0 ], [ 107.41524, -6.77856, 0.0 ], [ 107.41524, -6.7785601, 0.0 ], [ 107.41602, -6.77802, 0.0 ], [ 107.4160647, -6.7779843, 0.0 ], [ 107.41676, -6.77743, 0.0 ], [ 107.4175, -6.77688, 0.0 ], [ 107.41798, -6.77654, 0.0 ], [ 107.41954, -6.77528, 0.0 ], [ 107.4198691, -6.7750484, 0.0 ], [ 107.42035, -6.77471, 0.0 ], [ 107.42129, -6.77402, 0.0 ], [ 107.42211, -6.77341, 0.0 ], [ 107.42295, -6.77275, 0.0 ], [ 107.4235748, -6.7722564, 0.0 ], [ 107.42395, -6.77196, 0.0 ], [ 107.4244, -6.77159, 0.0 ], [ 107.42501, -6.77115, 0.0 ], [ 107.42571, -6.77073, 0.0 ], [ 107.42637, -6.77031, 0.0 ], [ 107.4265396, -6.7702239, 0.0 ], [ 107.4276166, -6.7696773, 0.0 ], [ 107.4276981, -6.7696385, 0.0 ], [ 107.4278533, -6.7695919, 0.0 ], [ 107.4279697, -6.7695493, 0.0 ], [ 107.4281412, -6.769445, 0.0 ], [ 107.4287943, -6.7689552, 0.0 ], [ 107.4291159, -6.7687375, 0.0 ], [ 107.4293583, -6.7686237, 0.0 ], [ 107.4295018, -6.7685891, 0.0 ], [ 107.4295612, -6.7685644, 0.0 ], [ 107.4296918, -6.7684739, 0.0 ], [ 107.4297541, -6.7684308, 0.0 ], [ 107.4298283, -6.7683516, 0.0 ], [ 107.4299273, -6.768218, 0.0 ], [ 107.4299471, -6.7681141, 0.0 ], [ 107.4300164, -6.7680053, 0.0 ], [ 107.4302093, -6.7677876, 0.0 ], [ 107.4303775, -6.7677134, 0.0 ], [ 107.4305754, -6.7676491, 0.0 ], [ 107.4306694, -6.7675155, 0.0 ], [ 107.4309517, -6.7677301, 0.0 ], [ 107.43107, -6.76782, 0.0 ], [ 107.43112, -6.76846, 0.0 ], [ 107.43109, -6.76926, 0.0 ], [ 107.43103, -6.76939, 0.0 ], [ 107.4311862, -6.7697239, 0.0 ], [ 107.4312483, -6.7699761, 0.0 ], [ 107.4312056, -6.7700187, 0.0 ], [ 107.4312444, -6.7700925, 0.0 ], [ 107.4312793, -6.7701895, 0.0 ], [ 107.4313724, -6.7702554, 0.0 ], [ 107.4315199, -6.7703175, 0.0 ], [ 107.4316013, -6.7703563, 0.0 ], [ 107.4316673, -6.7703796, 0.0 ], [ 107.4317604, -6.770399, 0.0 ], [ 107.4318768, -6.7706512, 0.0 ], [ 107.4319467, -6.7707947, 0.0 ], [ 107.4320204, -6.7709228, 0.0 ], [ 107.4321562, -6.7710275, 0.0 ], [ 107.4324782, -6.7710236, 0.0 ], [ 107.4329943, -6.7709848, 0.0 ], [ 107.4331262, -6.7710198, 0.0 ], [ 107.4334831, -6.7712215, 0.0 ], [ 107.4337237, -6.7713534, 0.0 ], [ 107.4338634, -6.7714233, 0.0 ], [ 107.4341272, -6.7714233, 0.0 ], [ 107.4343717, -6.7713302, 0.0 ], [ 107.4345773, -6.7712021, 0.0 ], [ 107.4346782, -6.7711284, 0.0 ], [ 107.4348179, -6.7711362, 0.0 ], [ 107.4350235, -6.7712797, 0.0 ], [ 107.4353029, -6.7716561, 0.0 ], [ 107.4355512, -6.7719665, 0.0 ], [ 107.4357685, -6.7721915, 0.0 ], [ 107.4358097, -6.7723015, 0.0 ], [ 107.4358383, -6.7723778, 0.0 ], [ 107.435943, -6.7728007, 0.0 ], [ 107.4360362, -6.7729869, 0.0 ], [ 107.4360345, -6.7731553, 0.0 ], [ 107.4359643, -6.7735592, 0.0 ], [ 107.435973, -6.7737436, 0.0 ], [ 107.4363427, -6.7742634, 0.0 ], [ 107.4367423, -6.7748222, 0.0 ], [ 107.4367772, -6.7749114, 0.0 ], [ 107.4367413, -6.775008, 0.0 ], [ 107.4367018, -6.7751397, 0.0 ], [ 107.4370256, -6.7759745, 0.0 ], [ 107.4370954, -6.7762888, 0.0 ], [ 107.437495, -6.7766225, 0.0 ], [ 107.4376464, -6.7767893, 0.0 ], [ 107.4376746, -6.776856, 0.0 ], [ 107.4377482, -6.77703, 0.0 ], [ 107.4378155, -6.7772112, 0.0 ], [ 107.437827, -6.7772422, 0.0 ], [ 107.437918, -6.7773271, 0.0 ], [ 107.4380028, -6.7773756, 0.0 ], [ 107.4380938, -6.7773756, 0.0 ], [ 107.438215, -6.7773271, 0.0 ], [ 107.4383525, -6.777247, 0.0 ], [ 107.4384763, -6.777718, 0.0 ], [ 107.4381372, -6.7781041, 0.0 ], [ 107.438015, -6.7782428, 0.0 ], [ 107.4380032, -6.7782709, 0.0 ], [ 107.4379454, -6.7784094, 0.0 ], [ 107.4379527, -6.778556, 0.0 ], [ 107.4380121, -6.7786694, 0.0 ], [ 107.4380815, -6.778802, 0.0 ], [ 107.4382042, -6.7790331, 0.0 ], [ 107.438337, -6.7792829, 0.0 ], [ 107.4384809, -6.7795435, 0.0 ], [ 107.4386125, -6.7794976, 0.0 ], [ 107.4390626, -6.7793268, 0.0 ], [ 107.439532, -6.7791678, 0.0 ], [ 107.4400714, -6.779126, 0.0 ], [ 107.4401612, -6.7791191, 0.0 ], [ 107.4401839, -6.7791173, 0.0 ], [ 107.4405447, -6.7791639, 0.0 ], [ 107.4408241, -6.7792376, 0.0 ], [ 107.4411034, -6.7793424, 0.0 ], [ 107.4412895, -6.7794505, 0.0 ], [ 107.4413906, -6.7795092, 0.0 ], [ 107.4417669, -6.7797692, 0.0 ], [ 107.4419376, -6.779905, 0.0 ], [ 107.4420429, -6.7799707, 0.0 ], [ 107.4420823, -6.7800195, 0.0 ], [ 107.4421069, -6.7799999, 0.0 ], [ 107.4423419, -6.7798119, 0.0 ], [ 107.4423588, -6.7798072, 0.0 ], [ 107.4424845, -6.7797722, 0.0 ], [ 107.4426555, -6.7797463, 0.0 ], [ 107.4426807, -6.7797839, 0.0 ], [ 107.442682, -6.7797858, 0.0 ], [ 107.4427593, -6.7798125, 0.0 ], [ 107.44278, -6.77982, 0.0 ], [ 107.4427856, -6.7798213, 0.0 ], [ 107.4433248, -6.7799807, 0.0 ], [ 107.4434434, -6.7800344, 0.0 ], [ 107.4435933, -6.7801024, 0.0 ], [ 107.4437672, -6.7801878, 0.0 ], [ 107.4438739, -6.7802057, 0.0 ], [ 107.4438776, -6.7802041, 0.0 ], [ 107.4441145, -6.7801022, 0.0 ], [ 107.4442425, -6.7800142, 0.0 ], [ 107.4443328, -6.7798507, 0.0 ], [ 107.4444099, -6.7796651, 0.0 ], [ 107.4445251, -6.7795319, 0.0 ], [ 107.444751, -6.7793696, 0.0 ], [ 107.4449247, -6.7792966, 0.0 ], [ 107.4450015, -6.7792867, 0.0 ], [ 107.4452625, -6.7792533, 0.0 ], [ 107.4453757, -6.7792746, 0.0 ], [ 107.4460801, -6.7797622, 0.0 ], [ 107.4461267, -6.779793, 0.0 ], [ 107.4462531, -6.7798765, 0.0 ], [ 107.4464618, -6.7799569, 0.0 ], [ 107.4466674, -6.7799787, 0.0 ], [ 107.4469972, -6.7799261, 0.0 ], [ 107.4470354, -6.7799148, 0.0 ], [ 107.4472318, -6.7798564, 0.0 ], [ 107.447705, -6.7794736, 0.0 ] ] ] ] } },
{ "type": "Feature", "properties": { "kd_propinsi": "32", "kd_dati2": "17", "kd_kecamatan": "005", "nama_kecamatan": "Cipeundeuy", "id_kecamatan": 5 }, "geometry": { "type": "MultiPolygon", "coordinates": [ [ [ [ 107.37929, -6.79246, 0.0 ], [ 107.3793, -6.79233, 0.0 ], [ 107.3796173, -6.7923274, 0.0 ], [ 107.3800456, -6.7924345, 0.0 ], [ 107.3803549, -6.7925534, 0.0 ], [ 107.3804891, -6.7926812, 0.0 ], [ 107.3804512, -6.7928253, 0.0 ], [ 107.3805859, -6.7931259, 0.0 ], [ 107.3806901, -6.7932572, 0.0 ], [ 107.3808106, -6.7933252, 0.0 ], [ 107.3810807, -6.7935766, 0.0 ], [ 107.3814014, -6.7938279, 0.0 ], [ 107.3813913, -6.7939848, 0.0 ], [ 107.3813749, -6.7941054, 0.0 ], [ 107.3814114, -6.7942785, 0.0 ], [ 107.3815923, -6.7943737, 0.0 ], [ 107.3823822, -6.794526, 0.0 ], [ 107.3827249, -6.7946307, 0.0 ], [ 107.3829343, -6.7947735, 0.0 ], [ 107.3834007, -6.7949258, 0.0 ], [ 107.3837909, -6.7949543, 0.0 ], [ 107.3844, -6.7949733, 0.0 ], [ 107.3848664, -6.7949733, 0.0 ], [ 107.38519, -6.7949733, 0.0 ], [ 107.3855327, -6.7949543, 0.0 ], [ 107.3857325, -6.7950305, 0.0 ], [ 107.3859324, -6.7952208, 0.0 ], [ 107.3860942, -6.7953255, 0.0 ], [ 107.3862941, -6.7954302, 0.0 ], [ 107.3865415, -6.7955063, 0.0 ], [ 107.3866938, -6.7956491, 0.0 ], [ 107.3868842, -6.795849, 0.0 ], [ 107.3871412, -6.7959251, 0.0 ], [ 107.3872839, -6.7960584, 0.0 ], [ 107.387598, -6.7963058, 0.0 ], [ 107.3878074, -6.7965057, 0.0 ], [ 107.3879074, -6.7966257, 0.0 ], [ 107.3904248, -6.7966294, 0.0 ], [ 107.3903772, -6.796401, 0.0 ], [ 107.3904153, -6.7961916, 0.0 ], [ 107.3904248, -6.79583, 0.0 ], [ 107.3904614, -6.795415, 0.0 ], [ 107.39061, -6.79545, 0.0 ], [ 107.3908466, -6.7954784, 0.0 ], [ 107.39111, -6.79551, 0.0 ], [ 107.39235, -6.79535, 0.0 ], [ 107.39313, -6.79514, 0.0 ], [ 107.39426, -6.79474, 0.0 ], [ 107.3952, -6.79428, 0.0 ], [ 107.39584, -6.79395, 0.0 ], [ 107.3960147, -6.7938502, 0.0 ], [ 107.39647, -6.79359, 0.0 ], [ 107.3977, -6.7927601, 0.0 ], [ 107.39843, -6.79255, 0.0 ], [ 107.39886, -6.79248, 0.0 ], [ 107.39982, -6.79241, 0.0 ], [ 107.40015, -6.79226, 0.0 ], [ 107.40056, -6.79208, 0.0 ], [ 107.40093, -6.79188, 0.0 ], [ 107.40108, -6.79176, 0.0 ], [ 107.40126, -6.79156, 0.0 ], [ 107.40138, -6.79139, 0.0 ], [ 107.40145, -6.7912, 0.0 ], [ 107.40154, -6.79106, 0.0 ], [ 107.40171, -6.79094, 0.0 ], [ 107.40195, -6.79083, 0.0 ], [ 107.4023, -6.79039, 0.0 ], [ 107.40252, -6.7901, 0.0 ], [ 107.40281, -6.78979, 0.0 ], [ 107.40306, -6.78958, 0.0 ], [ 107.40341, -6.78937, 0.0 ], [ 107.40368, -6.78924, 0.0 ], [ 107.40384, -6.78913, 0.0 ], [ 107.40392, -6.78901, 0.0 ], [ 107.40394, -6.78867, 0.0 ], [ 107.40395, -6.78855, 0.0 ], [ 107.40403, -6.78845, 0.0 ], [ 107.40417, -6.78838, 0.0 ], [ 107.40439, -6.78836, 0.0 ], [ 107.40466, -6.78839, 0.0 ], [ 107.4048, -6.78836, 0.0 ], [ 107.40494, -6.78823, 0.0 ], [ 107.40503, -6.78809, 0.0 ], [ 107.40525, -6.78796, 0.0 ], [ 107.40559, -6.78788, 0.0 ], [ 107.40577, -6.78789, 0.0 ], [ 107.40612, -6.78806, 0.0 ], [ 107.40633, -6.78816, 0.0 ], [ 107.40658, -6.78819, 0.0 ], [ 107.4068817, -6.7881715, 0.0 ], [ 107.4074407, -6.7881071, 0.0 ], [ 107.4075397, -6.7881517, 0.0 ], [ 107.4078761, -6.7881022, 0.0 ], [ 107.4083313, -6.7879488, 0.0 ], [ 107.40915, -6.7877, 0.0 ], [ 107.40968, -6.78745, 0.0 ], [ 107.40999, -6.78729, 0.0 ], [ 107.41021, -6.78714, 0.0 ], [ 107.41063, -6.78706, 0.0 ], [ 107.41098, -6.78707, 0.0 ], [ 107.41152, -6.78704, 0.0 ], [ 107.41197, -6.7869, 0.0 ], [ 107.41246, -6.78668, 0.0 ], [ 107.4127, -6.78664, 0.0 ], [ 107.41324, -6.78629, 0.0 ], [ 107.41366, -6.78602, 0.0 ], [ 107.41389, -6.78576, 0.0 ], [ 107.4142051, -6.7852061, 0.0 ], [ 107.41422, -6.78518, 0.0 ], [ 107.41455, -6.78417, 0.0 ], [ 107.41458, -6.784, 0.0 ], [ 107.4146143, -6.7839066, 0.0 ], [ 107.41476, -6.78351, 0.0 ], [ 107.41499, -6.78294, 0.0 ], [ 107.41535, -6.78189, 0.0 ], [ 107.41538, -6.78154, 0.0 ], [ 107.4153, -6.78099, 0.0 ], [ 107.41516, -6.78038, 0.0 ], [ 107.41511, -6.77973, 0.0 ], [ 107.41511, -6.7794, 0.0 ], [ 107.41524, -6.7785601, 0.0 ], [ 107.41524, -6.77856, 0.0 ], [ 107.41473, -6.77877, 0.0 ], [ 107.41427, -6.77896, 0.0 ], [ 107.41359, -6.77921, 0.0 ], [ 107.41293, -6.77944, 0.0 ], [ 107.41172, -6.77979, 0.0 ], [ 107.41042, -6.78021, 0.0 ], [ 107.40944, -6.78055, 0.0 ], [ 107.40856, -6.78089, 0.0 ], [ 107.40803, -6.78108, 0.0 ], [ 107.40724, -6.78141, 0.0 ], [ 107.40658, -6.78166, 0.0 ], [ 107.40584, -6.78191, 0.0 ], [ 107.40558, -6.78199, 0.0 ], [ 107.40534, -6.78205, 0.0 ], [ 107.40519, -6.78209, 0.0 ], [ 107.40498, -6.78213, 0.0 ], [ 107.40478, -6.78215, 0.0 ], [ 107.40469, -6.78213, 0.0 ], [ 107.40462, -6.78209, 0.0 ], [ 107.40455, -6.78203, 0.0 ], [ 107.40444, -6.78186, 0.0 ], [ 107.4043, -6.78162, 0.0 ], [ 107.40409, -6.78125, 0.0 ], [ 107.4039103, -6.7809086, 0.0 ], [ 107.40369, -6.78049, 0.0 ], [ 107.40306, -6.77942, 0.0 ], [ 107.40268, -6.77882, 0.0 ], [ 107.40179, -6.77784, 0.0 ], [ 107.4008, -6.77682, 0.0 ], [ 107.40024, -6.77627, 0.0 ], [ 107.39979, -6.7758, 0.0 ], [ 107.39917, -6.77514, 0.0 ], [ 107.39841, -6.77435, 0.0 ], [ 107.39758, -6.7734, 0.0 ], [ 107.3972469, -6.7729656, 0.0 ], [ 107.39689, -6.7725, 0.0 ], [ 107.39641, -6.77173, 0.0 ], [ 107.3963645, -6.7716455, 0.0 ], [ 107.39613, -6.77121, 0.0 ], [ 107.39597, -6.77077, 0.0 ], [ 107.39579, -6.77015, 0.0 ], [ 107.3957, -6.76952, 0.0 ], [ 107.3956655, -6.7689744, 0.0 ], [ 107.39564, -6.76857, 0.0 ], [ 107.39556, -6.76803, 0.0 ], [ 107.39538, -6.76731, 0.0 ], [ 107.39504, -6.76644, 0.0 ], [ 107.3950216, -6.7663748, 0.0 ], [ 107.39491, -6.76598, 0.0 ], [ 107.39478, -6.76562, 0.0 ], [ 107.3947622, -6.7656251, 0.0 ], [ 107.39422, -6.76578, 0.0 ], [ 107.39414, -6.7657, 0.0 ], [ 107.39404, -6.7655, 0.0 ], [ 107.39386, -6.76524, 0.0 ], [ 107.39362, -6.76501, 0.0 ], [ 107.39345, -6.76498, 0.0 ], [ 107.3933, -6.76501, 0.0 ], [ 107.39308, -6.76515, 0.0 ], [ 107.39271, -6.76537, 0.0 ], [ 107.39262, -6.76533, 0.0 ], [ 107.39258, -6.76524, 0.0 ], [ 107.39259, -6.76509, 0.0 ], [ 107.39267, -6.76488, 0.0 ], [ 107.39257, -6.7648, 0.0 ], [ 107.3925199, -6.7647857, 0.0 ], [ 107.3924226, -6.7647152, 0.0 ], [ 107.3922047, -6.7647013, 0.0 ], [ 107.3920887, -6.7647476, 0.0 ], [ 107.3919515, -6.7647951, 0.0 ], [ 107.39169, -6.76482, 0.0 ], [ 107.39127, -6.76477, 0.0 ], [ 107.3907948, -6.7646489, 0.0 ], [ 107.39076, -6.76464, 0.0 ], [ 107.390424, -6.7645596, 0.0 ], [ 107.3903782, -6.7645318, 0.0 ], [ 107.3900435, -6.7644369, 0.0 ], [ 107.38985, -6.76451, 0.0 ], [ 107.38961, -6.76454, 0.0 ], [ 107.38946, -6.76448, 0.0 ], [ 107.3894, -6.76436, 0.0 ], [ 107.38923, -6.76398, 0.0 ], [ 107.3891647, -6.7638966, 0.0 ], [ 107.38905, -6.76375, 0.0 ], [ 107.38893, -6.76372, 0.0 ], [ 107.38883, -6.76377, 0.0 ], [ 107.38864, -6.76395, 0.0 ], [ 107.38847, -6.76404, 0.0 ], [ 107.38835, -6.76402, 0.0 ], [ 107.38816, -6.76394, 0.0 ], [ 107.38809, -6.76383, 0.0 ], [ 107.38808, -6.76358, 0.0 ], [ 107.38803, -6.76338, 0.0 ], [ 107.38791, -6.76329, 0.0 ], [ 107.38773, -6.76324, 0.0 ], [ 107.3872157, -6.7631129, 0.0 ], [ 107.38603, -6.76282, 0.0 ], [ 107.3859487, -6.7627613, 0.0 ], [ 107.38567, -6.76256, 0.0 ], [ 107.38556, -6.7624, 0.0 ], [ 107.38536, -6.76214, 0.0 ], [ 107.38523, -6.76191, 0.0 ], [ 107.38509, -6.76142, 0.0 ], [ 107.38511, -6.76121, 0.0 ], [ 107.38522, -6.76089, 0.0 ], [ 107.38524, -6.7607, 0.0 ], [ 107.38519, -6.7605, 0.0 ], [ 107.38506, -6.76032, 0.0 ], [ 107.38483, -6.76017, 0.0 ], [ 107.38454, -6.7601, 0.0 ], [ 107.38421, -6.76007, 0.0 ], [ 107.38371, -6.76001, 0.0 ], [ 107.38356, -6.7599, 0.0 ], [ 107.38346, -6.75975, 0.0 ], [ 107.38343, -6.75957, 0.0 ], [ 107.38333, -6.7583, 0.0 ], [ 107.3833302, -6.7582993, 0.0 ], [ 107.38333, -6.7582971, 0.0 ], [ 107.3833865, -6.7580201, 0.0 ], [ 107.383456, -6.7577009, 0.0 ], [ 107.3834245, -6.7575993, 0.0 ], [ 107.3834, -6.75753, 0.0 ], [ 107.3833919, -6.7575136, 0.0 ], [ 107.3832771, -6.7573516, 0.0 ], [ 107.3831499, -6.7571407, 0.0 ], [ 107.3831192, -6.756937, 0.0 ], [ 107.3831137, -6.756888, 0.0 ], [ 107.3830726, -6.7565263, 0.0 ], [ 107.38292, -6.7561064, 0.0 ], [ 107.3827708, -6.7559564, 0.0 ], [ 107.3826223, -6.7559007, 0.0 ], [ 107.3826026, -6.7558932, 0.0 ], [ 107.3821557, -6.7557238, 0.0 ], [ 107.3820664, -6.755516, 0.0 ], [ 107.3819686, -6.7552518, 0.0 ], [ 107.3819524, -6.7552081, 0.0 ], [ 107.3819709, -6.7550536, 0.0 ], [ 107.3820051, -6.755011, 0.0 ], [ 107.38206, -6.75495, 0.0 ], [ 107.3822177, -6.7547852, 0.0 ], [ 107.3823558, -6.7546464, 0.0 ], [ 107.3824551, -6.7545467, 0.0 ], [ 107.3825118, -6.7544898, 0.0 ], [ 107.3824898, -6.7543057, 0.0 ], [ 107.3824883, -6.7543036, 0.0 ], [ 107.3824113, -6.7541912, 0.0 ], [ 107.3823201, -6.7541818, 0.0 ], [ 107.382074, -6.7542418, 0.0 ], [ 107.3819924, -6.754258, 0.0 ], [ 107.3816854, -6.7543187, 0.0 ], [ 107.3816712, -6.7543149, 0.0 ], [ 107.38147, -6.75426, 0.0 ], [ 107.381444, -6.7542405, 0.0 ], [ 107.3813103, -6.7541402, 0.0 ], [ 107.3812547, -6.7540118, 0.0 ], [ 107.3812408, -6.7539087, 0.0 ], [ 107.3812251, -6.7537924, 0.0 ], [ 107.381184, -6.7534988, 0.0 ], [ 107.3811461, -6.7534576, 0.0 ], [ 107.3809427, -6.7533871, 0.0 ], [ 107.3807175, -6.7533622, 0.0 ], [ 107.3802235, -6.7533226, 0.0 ], [ 107.380222, -6.7533202, 0.0 ], [ 107.3802129, -6.7533058, 0.0 ], [ 107.3801782, -6.7532509, 0.0 ], [ 107.3801857, -6.7531258, 0.0 ], [ 107.3803077, -6.7527921, 0.0 ], [ 107.3805027, -6.7525204, 0.0 ], [ 107.3807697, -6.752068, 0.0 ], [ 107.380779, -6.7519664, 0.0 ], [ 107.38079, -6.75184, 0.0 ], [ 107.3807516, -6.7517687, 0.0 ], [ 107.3807471, -6.7517604, 0.0 ], [ 107.38072, -6.75171, 0.0 ], [ 107.38108, -6.75169, 0.0 ], [ 107.38139, -6.75166, 0.0 ], [ 107.3815, -6.75161, 0.0 ], [ 107.38156, -6.75147, 0.0 ], [ 107.3814973, -6.7509764, 0.0 ], [ 107.3814973, -6.7509764, 0.0 ], [ 107.38148, -6.75084, 0.0 ], [ 107.38148, -6.7508397, 0.0 ], [ 107.3814902, -6.7507279, 0.0 ], [ 107.3815409, -6.7506687, 0.0 ], [ 107.38156, -6.75064, 0.0 ], [ 107.3815738, -6.7506426, 0.0 ], [ 107.3819903, -6.7507171, 0.0 ], [ 107.3821914, -6.7507579, 0.0 ], [ 107.3822303, -6.7507507, 0.0 ], [ 107.382324, -6.7507334, 0.0 ], [ 107.3826107, -6.7504697, 0.0 ], [ 107.3831014, -6.7500003, 0.0 ], [ 107.3831077, -6.7499943, 0.0 ], [ 107.383271, -6.7498199, 0.0 ], [ 107.3833078, -6.7497761, 0.0 ], [ 107.3835126, -6.7495327, 0.0 ], [ 107.3838807, -6.7498772, 0.0 ], [ 107.384083, -6.750127, 0.0 ], [ 107.3842733, -6.7502222, 0.0 ], [ 107.3846897, -6.7502579, 0.0 ], [ 107.3849277, -6.7501627, 0.0 ], [ 107.3852608, -6.7501033, 0.0 ], [ 107.3854987, -6.7502698, 0.0 ], [ 107.3858557, -6.7504483, 0.0 ], [ 107.386046, -6.7505554, 0.0 ], [ 107.3864267, -6.7506862, 0.0 ], [ 107.386629, -6.75071, 0.0 ], [ 107.3862959, -6.7504721, 0.0 ], [ 107.3860698, -6.7502936, 0.0 ], [ 107.3859389, -6.7501033, 0.0 ], [ 107.38582, -6.75002, 0.0 ], [ 107.3856891, -6.75002, 0.0 ], [ 107.3855701, -6.749901, 0.0 ], [ 107.3856534, -6.7497106, 0.0 ], [ 107.3858557, -6.7495322, 0.0 ], [ 107.3860936, -6.7494132, 0.0 ], [ 107.3862364, -6.7493537, 0.0 ], [ 107.3861888, -6.7492585, 0.0 ], [ 107.3859508, -6.7492823, 0.0 ], [ 107.3857129, -6.7493656, 0.0 ], [ 107.3855225, -6.7494965, 0.0 ], [ 107.385356, -6.7496393, 0.0 ], [ 107.3851061, -6.7497344, 0.0 ], [ 107.3848206, -6.7497939, 0.0 ], [ 107.3844042, -6.7497344, 0.0 ], [ 107.3848265, -6.7493225, 0.0 ], [ 107.385321, -6.7489409, 0.0 ], [ 107.3857295, -6.7486342, 0.0 ], [ 107.3862714, -6.7482057, 0.0 ], [ 107.386504, -6.7480003, 0.0 ], [ 107.3866252, -6.7478276, 0.0 ], [ 107.3867852, -6.7475372, 0.0 ], [ 107.3869427, -6.7473121, 0.0 ], [ 107.3871444, -6.7471106, 0.0 ], [ 107.3873407, -6.7471087, 0.0 ], [ 107.3873976, -6.7469172, 0.0 ], [ 107.38735, -6.7467554, 0.0 ], [ 107.3873309, -6.746546, 0.0 ], [ 107.3872864, -6.7463059, 0.0 ], [ 107.3870637, -6.7459755, 0.0 ], [ 107.3872762, -6.7459744, 0.0 ], [ 107.3875879, -6.7459729, 0.0 ], [ 107.3881444, -6.7459702, 0.0 ], [ 107.3890352, -6.7460029, 0.0 ], [ 107.3892573, -6.7458905, 0.0 ], [ 107.3892913, -6.7452597, 0.0 ], [ 107.3892507, -6.7445551, 0.0 ], [ 107.3886534, -6.7438162, 0.0 ], [ 107.3881685, -6.7432992, 0.0 ], [ 107.3874636, -6.7433397, 0.0 ], [ 107.3871551, -6.7431178, 0.0 ], [ 107.387054, -6.743045, 0.0 ], [ 107.3867906, -6.7423044, 0.0 ], [ 107.3865269, -6.7414896, 0.0 ], [ 107.3866346, -6.7407471, 0.0 ], [ 107.3863694, -6.7396356, 0.0 ], [ 107.3859605, -6.7394892, 0.0 ], [ 107.3850314, -6.739197, 0.0 ], [ 107.3842475, -6.7382363, 0.0 ], [ 107.3841086, -6.7379922, 0.0 ], [ 107.3843905, -6.7377628, 0.0 ], [ 107.3846903, -6.7375201, 0.0 ], [ 107.3848902, -6.7373131, 0.0 ], [ 107.3850687, -6.7371275, 0.0 ], [ 107.3853114, -6.7368348, 0.0 ], [ 107.385497, -6.7369776, 0.0 ], [ 107.385604, -6.7368134, 0.0 ], [ 107.3857452, -6.7366604, 0.0 ], [ 107.3859191, -6.7364881, 0.0 ], [ 107.3860986, -6.7366184, 0.0 ], [ 107.3868509, -6.736889, 0.0 ], [ 107.3874724, -6.7370015, 0.0 ], [ 107.3882249, -6.7373154, 0.0 ], [ 107.3888905, -6.7375865, 0.0 ], [ 107.3893672, -6.7376274, 0.0 ], [ 107.3898721, -6.7375095, 0.0 ], [ 107.3903344, -6.7375505, 0.0 ], [ 107.390927, -6.7376487, 0.0 ], [ 107.3916618, -6.737313, 0.0 ], [ 107.3920358, -6.737008, 0.0 ], [ 107.3919159, -6.736128, 0.0 ], [ 107.3918723, -6.7354536, 0.0 ], [ 107.3919524, -6.7353262, 0.0 ], [ 107.3919762, -6.735237, 0.0 ], [ 107.3920476, -6.7351953, 0.0 ], [ 107.3920833, -6.7351358, 0.0 ], [ 107.3921131, -6.7350228, 0.0 ], [ 107.3921131, -6.7349812, 0.0 ], [ 107.3921785, -6.7348801, 0.0 ], [ 107.3922201, -6.7347908, 0.0 ], [ 107.3923094, -6.7346838, 0.0 ], [ 107.3923748, -6.7345469, 0.0 ], [ 107.3923748, -6.7344815, 0.0 ], [ 107.3924335, -6.7341357, 0.0 ], [ 107.3927467, -6.7337705, 0.0 ], [ 107.3930054, -6.7337235, 0.0 ], [ 107.3931482, -6.7336976, 0.0 ], [ 107.3931953, -6.7333433, 0.0 ], [ 107.3932394, -6.7330119, 0.0 ], [ 107.3932764, -6.7324561, 0.0 ], [ 107.3932912, -6.73245, 0.0 ], [ 107.3933591, -6.7323877, 0.0 ], [ 107.3933212, -6.732233, 0.0 ], [ 107.3933104, -6.7321762, 0.0 ], [ 107.39326, -6.73191, 0.0 ], [ 107.3932448, -6.7315903, 0.0 ], [ 107.39324, -6.73149, 0.0 ], [ 107.39332, -6.73071, 0.0 ], [ 107.39332, -6.730027, 0.0 ], [ 107.39332, -6.7297983, 0.0 ], [ 107.3931932, -6.7296984, 0.0 ], [ 107.3929077, -6.7293415, 0.0 ], [ 107.3926507, -6.7289417, 0.0 ], [ 107.3925222, -6.7282565, 0.0 ], [ 107.392482, -6.7274731, 0.0 ], [ 107.3924941, -6.7274578, 0.0 ], [ 107.3924998, -6.7274513, 0.0 ], [ 107.3924788, -6.7265394, 0.0 ], [ 107.3924743, -6.7263465, 0.0 ], [ 107.39247, -6.72616, 0.0 ], [ 107.3924432, -6.7256243, 0.0 ], [ 107.39243, -6.72536, 0.0 ], [ 107.39248, -6.72507, 0.0 ], [ 107.39251, -6.72445, 0.0 ], [ 107.39252, -6.72424, 0.0 ], [ 107.3926085, -6.7232664, 0.0 ], [ 107.39262, -6.72314, 0.0 ], [ 107.3926361, -6.7229754, 0.0 ], [ 107.3926812, -6.7225153, 0.0 ], [ 107.39272, -6.72212, 0.0 ], [ 107.39284, -6.72121, 0.0 ], [ 107.3931, -6.72117, 0.0 ], [ 107.39321, -6.72103, 0.0 ], [ 107.39329, -6.72085, 0.0 ], [ 107.39326, -6.72038, 0.0 ], [ 107.3932058, -6.7201013, 0.0 ], [ 107.3932216, -6.719771, 0.0 ], [ 107.3930801, -6.7197802, 0.0 ], [ 107.39308, -6.71978, 0.0 ], [ 107.3930798, -6.7197803, 0.0 ], [ 107.3928957, -6.719823, 0.0 ], [ 107.3927426, -6.7200317, 0.0 ], [ 107.3927473, -6.7201384, 0.0 ], [ 107.39268, -6.72037, 0.0 ], [ 107.39259, -6.72037, 0.0 ], [ 107.3924, -6.7203, 0.0 ], [ 107.39198, -6.72012, 0.0 ], [ 107.39164, -6.72, 0.0 ], [ 107.39148, -6.71983, 0.0 ], [ 107.3914454, -6.7197088, 0.0 ], [ 107.39144, -6.71969, 0.0 ], [ 107.3915, -6.71927, 0.0 ], [ 107.39151, -6.71905, 0.0 ], [ 107.39146, -6.71896, 0.0 ], [ 107.3914094, -6.7189366, 0.0 ], [ 107.39133, -6.7189, 0.0 ], [ 107.3912, -6.7189, 0.0 ], [ 107.39099, -6.71899, 0.0 ], [ 107.39077, -6.71905, 0.0 ], [ 107.39059, -6.71901, 0.0 ], [ 107.39039, -6.71891, 0.0 ], [ 107.38991, -6.71864, 0.0 ], [ 107.38973, -6.71864, 0.0 ], [ 107.38957, -6.71869, 0.0 ], [ 107.38928, -6.7188, 0.0 ], [ 107.38905, -6.7188, 0.0 ], [ 107.3889, -6.71872, 0.0 ], [ 107.38879, -6.71862, 0.0 ], [ 107.38875, -6.71844, 0.0 ], [ 107.38866, -6.71825, 0.0 ], [ 107.38862, -6.71817, 0.0 ], [ 107.38847, -6.71799, 0.0 ], [ 107.3883, -6.71785, 0.0 ], [ 107.38818, -6.71786, 0.0 ], [ 107.38792, -6.71798, 0.0 ], [ 107.38756, -6.71815, 0.0 ], [ 107.38741, -6.71814, 0.0 ], [ 107.38716, -6.71806, 0.0 ], [ 107.38703, -6.71795, 0.0 ], [ 107.38703, -6.71789, 0.0 ], [ 107.38707, -6.71766, 0.0 ], [ 107.38718, -6.71721, 0.0 ], [ 107.38714, -6.71711, 0.0 ], [ 107.387, -6.71705, 0.0 ], [ 107.38675, -6.71712, 0.0 ], [ 107.38668, -6.71718, 0.0 ], [ 107.38612, -6.71757, 0.0 ], [ 107.38597, -6.71755, 0.0 ], [ 107.38582, -6.71749, 0.0 ], [ 107.38575, -6.71738, 0.0 ], [ 107.38562, -6.71712, 0.0 ], [ 107.38554, -6.71695, 0.0 ], [ 107.3854095, -6.7168661, 0.0 ], [ 107.3854, -6.71686, 0.0 ], [ 107.38523, -6.71682, 0.0 ], [ 107.38507, -6.71689, 0.0 ], [ 107.38495, -6.71702, 0.0 ], [ 107.38481, -6.71713, 0.0 ], [ 107.3847, -6.71713, 0.0 ], [ 107.38454, -6.71704, 0.0 ], [ 107.384472, -6.7169458, 0.0 ], [ 107.384466, -6.7169551, 0.0 ], [ 107.3844097, -6.7168596, 0.0 ], [ 107.38418, -6.71659, 0.0 ], [ 107.383966, -6.716469, 0.0 ], [ 107.38395, -6.71646, 0.0 ], [ 107.3836064, -6.7162743, 0.0 ], [ 107.3835922, -6.7162692, 0.0 ], [ 107.3835815, -6.7162608, 0.0 ], [ 107.38358, -6.71626, 0.0 ], [ 107.383578, -6.7162581, 0.0 ], [ 107.3830348, -6.7158357, 0.0 ], [ 107.3824787, -6.7156797, 0.0 ], [ 107.3820621, -6.7156421, 0.0 ], [ 107.3817239, -6.7154455, 0.0 ], [ 107.3812469, -6.7152297, 0.0 ], [ 107.3807698, -6.7149941, 0.0 ], [ 107.3802131, -6.7147192, 0.0 ], [ 107.3796771, -6.7146028, 0.0 ], [ 107.3791417, -6.7146253, 0.0 ], [ 107.3786274, -6.7149054, 0.0 ], [ 107.3785768, -6.7148717, 0.0 ], [ 107.37847, -6.71495, 0.0 ], [ 107.37808, -6.71513, 0.0 ], [ 107.3779, -6.71512, 0.0 ], [ 107.37772, -6.71505, 0.0 ], [ 107.3774, -6.71492, 0.0 ], [ 107.37726, -6.71495, 0.0 ], [ 107.3770443, -6.7150556, 0.0 ], [ 107.3769237, -6.715037, 0.0 ], [ 107.3767289, -6.7150509, 0.0 ], [ 107.3765805, -6.7149489, 0.0 ], [ 107.3764229, -6.7146196, 0.0 ], [ 107.3762327, -6.7138915, 0.0 ], [ 107.3762166, -6.7135421, 0.0 ], [ 107.3762142, -6.713488, 0.0 ], [ 107.3762693, -6.7133317, 0.0 ], [ 107.3762689, -6.7133256, 0.0 ], [ 107.3764027, -6.7131116, 0.0 ], [ 107.3765074, -6.7129307, 0.0 ], [ 107.3765074, -6.7127308, 0.0 ], [ 107.3764122, -6.7125119, 0.0 ], [ 107.376317, -6.7123025, 0.0 ], [ 107.3762694, -6.7121788, 0.0 ], [ 107.3763836, -6.7119313, 0.0 ], [ 107.3765835, -6.7117124, 0.0 ], [ 107.3766311, -6.7116077, 0.0 ], [ 107.3766216, -6.7114174, 0.0 ], [ 107.376593, -6.7112365, 0.0 ], [ 107.3766025, -6.7110462, 0.0 ], [ 107.3766596, -6.7109225, 0.0 ], [ 107.3767263, -6.7106084, 0.0 ], [ 107.3766787, -6.7104561, 0.0 ], [ 107.3765454, -6.7102943, 0.0 ], [ 107.3763741, -6.7101896, 0.0 ], [ 107.3761171, -6.7101134, 0.0 ], [ 107.3758411, -6.7100468, 0.0 ], [ 107.3756983, -6.7099231, 0.0 ], [ 107.3755841, -6.7097993, 0.0 ], [ 107.3754604, -6.7096851, 0.0 ], [ 107.3753368, -6.7096729, 0.0 ], [ 107.3751907, -6.709652, 0.0 ], [ 107.3751614, -6.709611, 0.0 ], [ 107.3751343, -6.7094805, 0.0 ], [ 107.3751653, -6.7093377, 0.0 ], [ 107.3751844, -6.709214, 0.0 ], [ 107.3751749, -6.7090236, 0.0 ], [ 107.3751368, -6.7088904, 0.0 ], [ 107.3751749, -6.7087762, 0.0 ], [ 107.375232, -6.7084526, 0.0 ], [ 107.3752129, -6.7083384, 0.0 ], [ 107.3751273, -6.7082908, 0.0 ], [ 107.3751368, -6.7082146, 0.0 ], [ 107.3751463, -6.7080433, 0.0 ], [ 107.3750797, -6.7079481, 0.0 ], [ 107.3749179, -6.7078625, 0.0 ], [ 107.3748037, -6.7077768, 0.0 ], [ 107.3748037, -6.7076721, 0.0 ], [ 107.3748417, -6.7075198, 0.0 ], [ 107.3748132, -6.7074532, 0.0 ], [ 107.3747275, -6.7073485, 0.0 ], [ 107.3745848, -6.7072153, 0.0 ], [ 107.3744039, -6.7071106, 0.0 ], [ 107.3740518, -6.7069678, 0.0 ], [ 107.3738138, -6.7068916, 0.0 ], [ 107.3736996, -6.7067965, 0.0 ], [ 107.3734712, -6.7065776, 0.0 ], [ 107.373395, -6.7064538, 0.0 ], [ 107.3733189, -6.7062825, 0.0 ], [ 107.3731571, -6.7061397, 0.0 ], [ 107.3729953, -6.7061112, 0.0 ], [ 107.3728144, -6.7061302, 0.0 ], [ 107.372586, -6.7061493, 0.0 ], [ 107.3723032, -6.7061688, 0.0 ], [ 107.372198, -6.7061003, 0.0 ], [ 107.3720403, -6.7059148, 0.0 ], [ 107.3720496, -6.705771, 0.0 ], [ 107.3721052, -6.7056041, 0.0 ], [ 107.37221, -6.70533, 0.0 ], [ 107.37222, -6.70501, 0.0 ], [ 107.37225, -6.70455, 0.0 ], [ 107.37229, -6.70419, 0.0 ], [ 107.37223, -6.70383, 0.0 ], [ 107.3722116, -6.7037657, 0.0 ], [ 107.37211, -6.70341, 0.0 ], [ 107.3719105, -6.7029143, 0.0 ], [ 107.3719294, -6.7027855, 0.0 ], [ 107.37189, -6.70221, 0.0 ], [ 107.37174, -6.70173, 0.0 ], [ 107.37165, -6.70176, 0.0 ], [ 107.37142, -6.70186, 0.0 ], [ 107.3714084, -6.7018426, 0.0 ], [ 107.3712844, -6.7017363, 0.0 ], [ 107.37127, -6.70155, 0.0 ], [ 107.37125, -6.70122, 0.0 ], [ 107.3712224, -6.7011578, 0.0 ], [ 107.37121, -6.70113, 0.0 ], [ 107.3712033, -6.7010854, 0.0 ], [ 107.3712005, -6.7010673, 0.0 ], [ 107.3710866, -6.7008801, 0.0 ], [ 107.3710023, -6.7009742, 0.0 ], [ 107.3708138, -6.7010426, 0.0 ], [ 107.3708089, -6.7010444, 0.0 ], [ 107.370804, -6.7010462, 0.0 ], [ 107.3704988, -6.7010657, 0.0 ], [ 107.3702733, -6.7010426, 0.0 ], [ 107.3694993, -6.7009632, 0.0 ], [ 107.3689119, -6.7009661, 0.0 ], [ 107.3685267, -6.7008698, 0.0 ], [ 107.3678438, -6.700699, 0.0 ], [ 107.3669282, -6.7004797, 0.0 ], [ 107.3656853, -6.7001919, 0.0 ], [ 107.3654223, -6.7001311, 0.0 ], [ 107.363772, -6.699749, 0.0 ], [ 107.362477, -6.699359, 0.0 ], [ 107.3619516, -6.6991473, 0.0 ], [ 107.361524, -6.698975, 0.0 ], [ 107.358889, -6.697959, 0.0 ], [ 107.355777, -6.696099, 0.0 ], [ 107.351829, -6.694606, 0.0 ], [ 107.350173, -6.694261, 0.0 ], [ 107.348193, -6.694048, 0.0 ], [ 107.34346, -6.69455, 0.0 ], [ 107.342074, -6.695107, 0.0 ], [ 107.339439, -6.697375, 0.0 ], [ 107.338406, -6.698696, 0.0 ], [ 107.336065, -6.702686, 0.0 ], [ 107.3317947, -6.7114888, 0.0 ], [ 107.330835, -6.713467, 0.0 ], [ 107.3284284, -6.7171533, 0.0 ], [ 107.327935, -6.717909, 0.0 ], [ 107.3277908, -6.7181121, 0.0 ], [ 107.325891, -6.720789, 0.0 ], [ 107.323684, -6.72264, 0.0 ], [ 107.320286, -6.724061, 0.0 ], [ 107.314785, -6.725686, 0.0 ], [ 107.3146605, -6.7257134, 0.0 ], [ 107.3121365, -6.7262694, 0.0 ], [ 107.311144, -6.726488, 0.0 ], [ 107.3065483, -6.7273671, 0.0 ], [ 107.305571, -6.727554, 0.0 ], [ 107.3046867, -6.7277853, 0.0 ], [ 107.3029515, -6.7282392, 0.0 ], [ 107.3023921, -6.7283784, 0.0 ], [ 107.302149, -6.728437, 0.0 ], [ 107.3006719, -6.728887, 0.0 ], [ 107.2974251, -6.729978, 0.0 ], [ 107.2947041, -6.7319097, 0.0 ], [ 107.2946861, -6.7319225, 0.0 ], [ 107.293567, -6.732717, 0.0 ], [ 107.2924941, -6.733753, 0.0 ], [ 107.291723, -6.7345341, 0.0 ], [ 107.29144, -6.7348857, 0.0 ], [ 107.2908619, -6.735604, 0.0 ], [ 107.2903529, -6.736673, 0.0 ], [ 107.289297, -6.7403391, 0.0 ], [ 107.2891562, -6.7413483, 0.0 ], [ 107.2891192, -6.741614, 0.0 ], [ 107.2891973, -6.7428136, 0.0 ], [ 107.289351, -6.7451749, 0.0 ], [ 107.2896785, -6.7457879, 0.0 ], [ 107.2903478, -6.747041, 0.0 ], [ 107.291132, -6.748502, 0.0 ], [ 107.2916161, -6.749783, 0.0 ], [ 107.2915061, -6.7500081, 0.0 ], [ 107.290268, -6.7525415, 0.0 ], [ 107.2901109, -6.752863, 0.0 ], [ 107.2895569, -6.753815, 0.0 ], [ 107.2890331, -6.754387, 0.0 ], [ 107.2885702, -6.7549401, 0.0 ], [ 107.2882642, -6.7556289, 0.0 ], [ 107.28788, -6.7562811, 0.0 ], [ 107.287298, -6.757251, 0.0 ], [ 107.2864821, -6.758855, 0.0 ], [ 107.2861431, -6.759507, 0.0 ], [ 107.2859986, -6.7598633, 0.0 ], [ 107.2857611, -6.760449, 0.0 ], [ 107.2855282, -6.761327, 0.0 ], [ 107.2853212, -6.762142, 0.0 ], [ 107.285157, -6.7627569, 0.0 ], [ 107.2849259, -6.763391, 0.0 ], [ 107.2847459, -6.76388, 0.0 ], [ 107.2846855, -6.7642143, 0.0 ], [ 107.2845668, -6.7648707, 0.0 ], [ 107.2845579, -6.76492, 0.0 ], [ 107.2843762, -6.765563, 0.0 ], [ 107.2842769, -6.7660422, 0.0 ], [ 107.2842581, -6.766133, 0.0 ], [ 107.2842064, -6.766882, 0.0 ], [ 107.2841976, -6.76701, 0.0 ], [ 107.2841951, -6.767046, 0.0 ], [ 107.2842003, -6.767086, 0.0 ], [ 107.284262, -6.767561, 0.0 ], [ 107.2842504, -6.7677132, 0.0 ], [ 107.2842301, -6.7679782, 0.0 ], [ 107.2842199, -6.7681119, 0.0 ], [ 107.2842078, -6.7681754, 0.0 ], [ 107.2841741, -6.7683521, 0.0 ], [ 107.2841214, -6.7686288, 0.0 ], [ 107.2841198, -6.7686371, 0.0 ], [ 107.2841999, -6.7695273, 0.0 ], [ 107.2842491, -6.770074, 0.0 ], [ 107.2841797, -6.7703199, 0.0 ], [ 107.2840601, -6.770744, 0.0 ], [ 107.284062, -6.7707625, 0.0 ], [ 107.2840629, -6.7707715, 0.0 ], [ 107.284118, -6.7713041, 0.0 ], [ 107.2841651, -6.7717047, 0.0 ], [ 107.2841654, -6.7717076, 0.0 ], [ 107.2841699, -6.771746, 0.0 ], [ 107.2843031, -6.7723881, 0.0 ], [ 107.2843369, -6.772903, 0.0 ], [ 107.2843071, -6.773273, 0.0 ], [ 107.2844259, -6.774385, 0.0 ], [ 107.2844259, -6.7743851, 0.0 ], [ 107.2845871, -6.7746409, 0.0 ], [ 107.2848172, -6.7750059, 0.0 ], [ 107.284991, -6.775458, 0.0 ], [ 107.2851753, -6.7758156, 0.0 ], [ 107.2851811, -6.775827, 0.0 ], [ 107.2861952, -6.7773331, 0.0 ], [ 107.2861952, -6.7773331, 0.0 ], [ 107.2872562, -6.778909, 0.0 ], [ 107.2880849, -6.779737, 0.0 ], [ 107.2881067, -6.7797504, 0.0 ], [ 107.2883621, -6.779907, 0.0 ], [ 107.288377, -6.7799222, 0.0 ], [ 107.2886797, -6.7802305, 0.0 ], [ 107.2886979, -6.780249, 0.0 ], [ 107.2888, -6.7803815, 0.0 ], [ 107.2890086, -6.7806521, 0.0 ], [ 107.2890169, -6.780663, 0.0 ], [ 107.2890481, -6.7807161, 0.0 ], [ 107.289239, -6.781042, 0.0 ], [ 107.2894075, -6.7815068, 0.0 ], [ 107.289409, -6.7815109, 0.0 ], [ 107.2892212, -6.7823564, 0.0 ], [ 107.2892199, -6.782362, 0.0 ], [ 107.2892813, -6.7824735, 0.0 ], [ 107.2899249, -6.7836421, 0.0 ], [ 107.2902809, -6.783975, 0.0 ], [ 107.2904609, -6.784254, 0.0 ], [ 107.2910182, -6.7856429, 0.0 ], [ 107.2911481, -6.78661, 0.0 ], [ 107.2911505, -6.7870722, 0.0 ], [ 107.2911521, -6.78736, 0.0 ], [ 107.2911548, -6.7873916, 0.0 ], [ 107.2912147, -6.7881001, 0.0 ], [ 107.29124, -6.788399, 0.0 ], [ 107.2912427, -6.7884, 0.0 ], [ 107.291953, -6.788649, 0.0 ], [ 107.2929023, -6.7887396, 0.0 ], [ 107.2932092, -6.788769, 0.0 ], [ 107.2936688, -6.7885589, 0.0 ], [ 107.2944201, -6.788013, 0.0 ], [ 107.2948715, -6.7873844, 0.0 ], [ 107.2949601, -6.787261, 0.0 ], [ 107.294963, -6.7872581, 0.0 ], [ 107.2951525, -6.7870655, 0.0 ], [ 107.295336, -6.786879, 0.0 ], [ 107.2957972, -6.786958, 0.0 ], [ 107.29693, -6.787703, 0.0 ], [ 107.298572, -6.7894579, 0.0 ], [ 107.300714, -6.791201, 0.0 ], [ 107.3007904, -6.7915007, 0.0 ], [ 107.3008046, -6.7915564, 0.0 ], [ 107.3008331, -6.7916683, 0.0 ], [ 107.3008429, -6.791707, 0.0 ], [ 107.3010892, -6.792501, 0.0 ], [ 107.301218, -6.792781, 0.0 ], [ 107.3013888, -6.7931103, 0.0 ], [ 107.3014099, -6.793151, 0.0 ], [ 107.3016051, -6.7934031, 0.0 ], [ 107.3017794, -6.7935377, 0.0 ], [ 107.3021861, -6.793852, 0.0 ], [ 107.3030215, -6.7944071, 0.0 ], [ 107.3032531, -6.7945611, 0.0 ], [ 107.303872, -6.795109, 0.0 ], [ 107.3046036, -6.795606, 0.0 ], [ 107.3049952, -6.795872, 0.0 ], [ 107.3053939, -6.7960763, 0.0 ], [ 107.305538, -6.7961501, 0.0 ], [ 107.3063599, -6.7963, 0.0 ], [ 107.3073679, -6.796485, 0.0 ], [ 107.3080789, -6.79678, 0.0 ], [ 107.3086409, -6.7970931, 0.0 ], [ 107.309201, -6.797515, 0.0 ], [ 107.309847, -6.7982119, 0.0 ], [ 107.3101269, -6.798514, 0.0 ], [ 107.3109251, -6.799143, 0.0 ], [ 107.3115363, -6.799272, 0.0 ], [ 107.3122661, -6.7994261, 0.0 ], [ 107.312297, -6.7994404, 0.0 ], [ 107.3129674, -6.7997502, 0.0 ], [ 107.313525, -6.8000079, 0.0 ], [ 107.3141561, -6.8007099, 0.0 ], [ 107.3141579, -6.801089, 0.0 ], [ 107.314078, -6.801804, 0.0 ], [ 107.3140503, -6.8019716, 0.0 ], [ 107.3139959, -6.8023009, 0.0 ], [ 107.313998, -6.8026359, 0.0 ], [ 107.3140045, -6.8026983, 0.0 ], [ 107.3140221, -6.8028658, 0.0 ], [ 107.3140859, -6.8034761, 0.0 ], [ 107.3145071, -6.804016, 0.0 ], [ 107.3151788, -6.804474, 0.0 ], [ 107.3162792, -6.8040933, 0.0 ], [ 107.3165466, -6.8040395, 0.0 ], [ 107.3167464, -6.80403, 0.0 ], [ 107.3169844, -6.8039729, 0.0 ], [ 107.3171843, -6.8039063, 0.0 ], [ 107.3173841, -6.8040586, 0.0 ], [ 107.3176411, -6.8040719, 0.0 ], [ 107.3180694, -6.8041147, 0.0 ], [ 107.3183978, -6.8039862, 0.0 ], [ 107.3184834, -6.8035722, 0.0 ], [ 107.3188975, -6.8033438, 0.0 ], [ 107.3192972, -6.8032296, 0.0 ], [ 107.3197398, -6.8032581, 0.0 ], [ 107.3202395, -6.8028726, 0.0 ], [ 107.3202256, -6.8022417, 0.0 ], [ 107.3212354, -6.8002667, 0.0 ], [ 107.3216868, -6.8000806, 0.0 ], [ 107.322302, -6.7997846, 0.0 ], [ 107.3226179, -6.7996134, 0.0 ], [ 107.3236945, -6.7995652, 0.0 ], [ 107.3249318, -6.7993272, 0.0 ], [ 107.325598, -6.7992083, 0.0 ], [ 107.3264308, -6.7985658, 0.0 ], [ 107.3270257, -6.7979709, 0.0 ], [ 107.3279537, -6.7978044, 0.0 ], [ 107.3287627, -6.7979471, 0.0 ], [ 107.3293814, -6.7972809, 0.0 ], [ 107.3301904, -6.7963767, 0.0 ], [ 107.3307615, -6.795877, 0.0 ], [ 107.33141, -6.7949901, 0.0 ], [ 107.33141, -6.79499, 0.0 ], [ 107.33206, -6.79556, 0.0 ], [ 107.3325, -6.79585, 0.0 ], [ 107.3327747, -6.7961155, 0.0 ], [ 107.3328, -6.79614, 0.0 ], [ 107.3331, -6.79642, 0.0 ], [ 107.33335, -6.79669, 0.0 ], [ 107.33355, -6.79703, 0.0 ], [ 107.33433, -6.79681, 0.0 ], [ 107.33487, -6.79653, 0.0 ], [ 107.33538, -6.79637, 0.0 ], [ 107.33619, -6.79636, 0.0 ], [ 107.33663, -6.79639, 0.0 ], [ 107.33719, -6.79648, 0.0 ], [ 107.33808, -6.79663, 0.0 ], [ 107.33867, -6.79661, 0.0 ], [ 107.33935, -6.79649, 0.0 ], [ 107.34009, -6.79651, 0.0 ], [ 107.34065, -6.79643, 0.0 ], [ 107.34131, -6.79628, 0.0 ], [ 107.34192, -6.79615, 0.0 ], [ 107.34248, -6.79601, 0.0 ], [ 107.34319, -6.79586, 0.0 ], [ 107.34365, -6.7957, 0.0 ], [ 107.34396, -6.79542, 0.0 ], [ 107.34443, -6.79503, 0.0 ], [ 107.34503, -6.79466, 0.0 ], [ 107.34531, -6.79451, 0.0 ], [ 107.34561, -6.79437, 0.0 ], [ 107.346, -6.79426, 0.0 ], [ 107.34647, -6.79416, 0.0 ], [ 107.34712, -6.79416, 0.0 ], [ 107.34774, -6.79467, 0.0 ], [ 107.3481, -6.79483, 0.0 ], [ 107.34846, -6.79505, 0.0 ], [ 107.3487824, -6.7952083, 0.0 ], [ 107.3488282, -6.7952308, 0.0 ], [ 107.34901, -6.79532, 0.0 ], [ 107.35143, -6.79514, 0.0 ], [ 107.35229, -6.79503, 0.0 ], [ 107.35252, -6.79496, 0.0 ], [ 107.35393, -6.79438, 0.0 ], [ 107.3555, -6.79396, 0.0 ], [ 107.35607, -6.7939, 0.0 ], [ 107.35684, -6.79376, 0.0 ], [ 107.3578, -6.79377, 0.0 ], [ 107.35842, -6.79375, 0.0 ], [ 107.35913, -6.79384, 0.0 ], [ 107.35964, -6.79403, 0.0 ], [ 107.36016, -6.79436, 0.0 ], [ 107.36053, -6.79477, 0.0 ], [ 107.36108, -6.79521, 0.0 ], [ 107.36206, -6.79634, 0.0 ], [ 107.36206, -6.79634, 0.0 ], [ 107.36286, -6.79634, 0.0 ], [ 107.3636, -6.79637, 0.0 ], [ 107.365, -6.79681, 0.0 ], [ 107.36578, -6.79723, 0.0 ], [ 107.36699, -6.7975, 0.0 ], [ 107.36884, -6.79803, 0.0 ], [ 107.36954, -6.79845, 0.0 ], [ 107.37003, -6.79866, 0.0 ], [ 107.37073, -6.79896, 0.0 ], [ 107.37146, -6.79928, 0.0 ], [ 107.37202, -6.79949, 0.0 ], [ 107.3726, -6.79969, 0.0 ], [ 107.3732, -6.79996, 0.0 ], [ 107.37368, -6.79993, 0.0 ], [ 107.375, -6.8, 0.0 ], [ 107.37593, -6.80003, 0.0 ], [ 107.37635, -6.79987, 0.0 ], [ 107.37645, -6.79975, 0.0 ], [ 107.3766, -6.79957, 0.0 ], [ 107.37664, -6.7995, 0.0 ], [ 107.37676, -6.79927, 0.0 ], [ 107.37693, -6.79905, 0.0 ], [ 107.37716, -6.79891, 0.0 ], [ 107.37748, -6.79878, 0.0 ], [ 107.37787, -6.79859, 0.0 ], [ 107.37826, -6.7984, 0.0 ], [ 107.37879, -6.79806, 0.0 ], [ 107.37908, -6.7978, 0.0 ], [ 107.37923, -6.79756, 0.0 ], [ 107.37943, -6.79724, 0.0 ], [ 107.37978, -6.79666, 0.0 ], [ 107.37986, -6.79634, 0.0 ], [ 107.38005, -6.79526, 0.0 ], [ 107.38006, -6.79517, 0.0 ], [ 107.38006, -6.7949, 0.0 ], [ 107.37993, -6.79399, 0.0 ], [ 107.37976, -6.79338, 0.0 ], [ 107.37961, -6.79304, 0.0 ], [ 107.37929, -6.79246, 0.0 ] ] ] ] } },
{ "type": "Feature", "properties": { "kd_propinsi": "32", "kd_dati2": "17", "kd_kecamatan": "006", "nama_kecamatan": "Ngamprah", "id_kecamatan": 6 }, "geometry": { "type": "MultiPolygon", "coordinates": [ [ [ [ 107.5063173, -6.8728797, 0.0 ], [ 107.5065243, -6.8728298, 0.0 ], [ 107.5068384, -6.8728083, 0.0 ], [ 107.5070347, -6.8728, 0.0 ], [ 107.5072845, -6.8728595, 0.0 ], [ 107.507576, -6.8729249, 0.0 ], [ 107.5077069, -6.8729487, 0.0 ], [ 107.5079865, -6.8730618, 0.0 ], [ 107.5081352, -6.8731331, 0.0 ], [ 107.5084148, -6.873038, 0.0 ], [ 107.5087003, -6.8729725, 0.0 ], [ 107.5088133, -6.8728892, 0.0 ], [ 107.5089977, -6.8728357, 0.0 ], [ 107.5091655, -6.8727798, 0.0 ], [ 107.5092961, -6.87249, 0.0 ], [ 107.5095705, -6.8726147, 0.0 ], [ 107.50967, -6.87266, 0.0 ], [ 107.50995, -6.87266, 0.0 ], [ 107.5104014, -6.8726282, 0.0 ], [ 107.510513, -6.8727238, 0.0 ], [ 107.5106086, -6.8727663, 0.0 ], [ 107.5107043, -6.8727344, 0.0 ], [ 107.5108743, -6.8726653, 0.0 ], [ 107.51107, -6.87277, 0.0 ], [ 107.511241, -6.8727876, 0.0 ], [ 107.5113419, -6.8727132, 0.0 ], [ 107.5115651, -6.872761, 0.0 ], [ 107.5116581, -6.872787, 0.0 ], [ 107.51199, -6.87288, 0.0 ], [ 107.5122159, -6.8729553, 0.0 ], [ 107.51226, -6.87297, 0.0 ], [ 107.51264, -6.87298, 0.0 ], [ 107.51273, -6.87304, 0.0 ], [ 107.5128, -6.8731, 0.0 ], [ 107.5128005, -6.8730997, 0.0 ], [ 107.51294, -6.87301, 0.0 ], [ 107.51306, -6.87311, 0.0 ], [ 107.51323, -6.87322, 0.0 ], [ 107.51336, -6.87329, 0.0 ], [ 107.51345, -6.87332, 0.0 ], [ 107.51391, -6.87329, 0.0 ], [ 107.51401, -6.87327, 0.0 ], [ 107.5145, -6.87317, 0.0 ], [ 107.51467, -6.87313, 0.0 ], [ 107.51484, -6.87319, 0.0 ], [ 107.51496, -6.87324, 0.0 ], [ 107.51547, -6.87337, 0.0 ], [ 107.5160291, -6.8735594, 0.0 ], [ 107.51609, -6.87358, 0.0 ], [ 107.51629, -6.87368, 0.0 ], [ 107.51651, -6.87378, 0.0 ], [ 107.5167, -6.87385, 0.0 ], [ 107.51678, -6.87387, 0.0 ], [ 107.5170585, -6.8740842, 0.0 ], [ 107.5173, -6.87427, 0.0 ], [ 107.51751, -6.87446, 0.0 ], [ 107.51762, -6.87452, 0.0 ], [ 107.51777, -6.87466, 0.0 ], [ 107.51819, -6.87488, 0.0 ], [ 107.51825, -6.8748891, 0.0 ], [ 107.51852, -6.87493, 0.0 ], [ 107.5187455, -6.8750002, 0.0 ], [ 107.5201154, -6.8754266, 0.0 ], [ 107.5209539, -6.8749001, 0.0 ], [ 107.5213102, -6.8745433, 0.0 ], [ 107.521458, -6.874139, 0.0 ], [ 107.5216441, -6.8742092, 0.0 ], [ 107.5216639, -6.8741667, 0.0 ], [ 107.5217265, -6.8739943, 0.0 ], [ 107.5217898, -6.8738202, 0.0 ], [ 107.521856, -6.8736649, 0.0 ], [ 107.5219033, -6.8735575, 0.0 ], [ 107.5219373, -6.873477, 0.0 ], [ 107.521979, -6.8733907, 0.0 ], [ 107.5219749, -6.8733391, 0.0 ], [ 107.5219555, -6.8733048, 0.0 ], [ 107.5219018, -6.8732821, 0.0 ], [ 107.5219718, -6.8731268, 0.0 ], [ 107.5220967, -6.8728487, 0.0 ], [ 107.5223002, -6.8729483, 0.0 ], [ 107.5229526, -6.8732677, 0.0 ], [ 107.5229921, -6.873196, 0.0 ], [ 107.5230185, -6.8731269, 0.0 ], [ 107.5230094, -6.8730866, 0.0 ], [ 107.5230565, -6.8729881, 0.0 ], [ 107.5230808, -6.8729367, 0.0 ], [ 107.5230934, -6.8729137, 0.0 ], [ 107.5231127, -6.8729141, 0.0 ], [ 107.5231655, -6.8727927, 0.0 ], [ 107.5231955, -6.8728013, 0.0 ], [ 107.5232169, -6.872757, 0.0 ], [ 107.5231798, -6.8727385, 0.0 ], [ 107.5231695, -6.8726836, 0.0 ], [ 107.5231938, -6.8725599, 0.0 ], [ 107.5232934, -6.8722117, 0.0 ], [ 107.5233191, -6.872122, 0.0 ], [ 107.52332, -6.8721185, 0.0 ], [ 107.5233471, -6.872015, 0.0 ], [ 107.523356, -6.8719807, 0.0 ], [ 107.5233775, -6.8718467, 0.0 ], [ 107.5233891, -6.8717779, 0.0 ], [ 107.5234707, -6.8714202, 0.0 ], [ 107.5235279, -6.8712564, 0.0 ], [ 107.5235665, -6.8710529, 0.0 ], [ 107.523555, -6.8710437, 0.0 ], [ 107.5235702, -6.8709847, 0.0 ], [ 107.5235951, -6.8708811, 0.0 ], [ 107.5236045, -6.8708419, 0.0 ], [ 107.5235781, -6.8708354, 0.0 ], [ 107.5234603, -6.8708063, 0.0 ], [ 107.5234912, -6.8706944, 0.0 ], [ 107.5235792, -6.8707182, 0.0 ], [ 107.5235959, -6.8706302, 0.0 ], [ 107.5236226, -6.8705553, 0.0 ], [ 107.52362, -6.8704246, 0.0 ], [ 107.5236179, -6.8703179, 0.0 ], [ 107.5235868, -6.8703037, 0.0 ], [ 107.5235227, -6.8703019, 0.0 ], [ 107.5235203, -6.8702793, 0.0 ], [ 107.523512, -6.8701925, 0.0 ], [ 107.5235298, -6.8701948, 0.0 ], [ 107.5235346, -6.8701163, 0.0 ], [ 107.5235322, -6.8700628, 0.0 ], [ 107.5236022, -6.8700622, 0.0 ], [ 107.5236453, -6.8700619, 0.0 ], [ 107.52367, -6.8700428, 0.0 ], [ 107.5236928, -6.8700142, 0.0 ], [ 107.5236994, -6.8699768, 0.0 ], [ 107.5236895, -6.8699447, 0.0 ], [ 107.5236685, -6.8698286, 0.0 ], [ 107.52365, -6.8697615, 0.0 ], [ 107.5236306, -6.8696545, 0.0 ], [ 107.5235976, -6.8695256, 0.0 ], [ 107.5236334, -6.8695074, 0.0 ], [ 107.5237265, -6.8694675, 0.0 ], [ 107.5237874, -6.8694456, 0.0 ], [ 107.5238626, -6.8694201, 0.0 ], [ 107.5239235, -6.8693911, 0.0 ], [ 107.5239664, -6.869355, 0.0 ], [ 107.5240057, -6.8693297, 0.0 ], [ 107.5240629, -6.8692828, 0.0 ], [ 107.5241166, -6.8692574, 0.0 ], [ 107.5241883, -6.8692391, 0.0 ], [ 107.5242348, -6.8692137, 0.0 ], [ 107.5242704, -6.8691669, 0.0 ], [ 107.5243743, -6.8691341, 0.0 ], [ 107.5244317, -6.869123, 0.0 ], [ 107.524471, -6.8691013, 0.0 ], [ 107.5245033, -6.869094, 0.0 ], [ 107.5245718, -6.8690676, 0.0 ], [ 107.524608, -6.8690464, 0.0 ], [ 107.5246404, -6.8690251, 0.0 ], [ 107.5246767, -6.869002, 0.0 ], [ 107.5247379, -6.8689902, 0.0 ], [ 107.5247953, -6.8689899, 0.0 ], [ 107.5248163, -6.868984, 0.0 ], [ 107.5248487, -6.868946, 0.0 ], [ 107.5248752, -6.8689038, 0.0 ], [ 107.5248962, -6.8688903, 0.0 ], [ 107.5249363, -6.8688671, 0.0 ], [ 107.5249706, -6.8688497, 0.0 ], [ 107.5250012, -6.86884, 0.0 ], [ 107.525028, -6.8688398, 0.0 ], [ 107.5250606, -6.8688397, 0.0 ], [ 107.5250854, -6.8688395, 0.0 ], [ 107.5251332, -6.868824, 0.0 ], [ 107.5251619, -6.8688181, 0.0 ], [ 107.5251963, -6.8688083, 0.0 ], [ 107.525223, -6.868791, 0.0 ], [ 107.5252632, -6.868785, 0.0 ], [ 107.5252976, -6.8687791, 0.0 ], [ 107.5253435, -6.8687712, 0.0 ], [ 107.5253894, -6.8687633, 0.0 ], [ 107.5254065, -6.8687384, 0.0 ], [ 107.5254101, -6.868702, 0.0 ], [ 107.525408, -6.868658, 0.0 ], [ 107.5254193, -6.8686254, 0.0 ], [ 107.5254249, -6.8685967, 0.0 ], [ 107.5254388, -6.8685595, 0.0 ], [ 107.5254385, -6.8684967, 0.0 ], [ 107.5254288, -6.8684628, 0.0 ], [ 107.5254178, -6.8683739, 0.0 ], [ 107.5254559, -6.8683695, 0.0 ], [ 107.5255225, -6.8683619, 0.0 ], [ 107.5257229, -6.8683756, 0.0 ], [ 107.5258542, -6.8683845, 0.0 ], [ 107.5259696, -6.8684192, 0.0 ], [ 107.5260484, -6.8680868, 0.0 ], [ 107.5259985, -6.8680693, 0.0 ], [ 107.5259788, -6.868028, 0.0 ], [ 107.5258895, -6.8680161, 0.0 ], [ 107.5259312, -6.8679298, 0.0 ], [ 107.5260442, -6.8677335, 0.0 ], [ 107.5260741, -6.8676778, 0.0 ], [ 107.5260753, -6.8676754, 0.0 ], [ 107.5260376, -6.8676744, 0.0 ], [ 107.5260376, -6.867674, 0.0 ], [ 107.5260375, -6.8676744, 0.0 ], [ 107.525922, -6.867639, 0.0 ], [ 107.5258877, -6.8676138, 0.0 ], [ 107.5258225, -6.8675658, 0.0 ], [ 107.525763, -6.867522, 0.0 ], [ 107.52564, -6.867478, 0.0 ], [ 107.5254828, -6.8674786, 0.0 ], [ 107.525141, -6.86748, 0.0 ], [ 107.5249339, -6.8674898, 0.0 ], [ 107.52493, -6.86749, 0.0 ], [ 107.5249294, -6.8674898, 0.0 ], [ 107.5248651, -6.8674717, 0.0 ], [ 107.524838, -6.867464, 0.0 ], [ 107.524674, -6.867311, 0.0 ], [ 107.524509, -6.867077, 0.0 ], [ 107.5244982, -6.8670395, 0.0 ], [ 107.5244851, -6.8669938, 0.0 ], [ 107.524457, -6.866896, 0.0 ], [ 107.524461, -6.8668538, 0.0 ], [ 107.5244797, -6.8666549, 0.0 ], [ 107.52448, -6.866652, 0.0 ], [ 107.524514, -6.866508, 0.0 ], [ 107.524478, -6.866354, 0.0 ], [ 107.524426, -6.866237, 0.0 ], [ 107.524426, -6.8662317, 0.0 ], [ 107.524427, -6.866074, 0.0 ], [ 107.524433, -6.865912, 0.0 ], [ 107.524422, -6.865776, 0.0 ], [ 107.5243899, -6.8657393, 0.0 ], [ 107.5243611, -6.8657064, 0.0 ], [ 107.524359, -6.865704, 0.0 ], [ 107.524183, -6.865633, 0.0 ], [ 107.5241473, -6.8656254, 0.0 ], [ 107.52389, -6.865571, 0.0 ], [ 107.523618, -6.865437, 0.0 ], [ 107.5234954, -6.865425, 0.0 ], [ 107.523445, -6.86542, 0.0 ], [ 107.523271, -6.8654548, 0.0 ], [ 107.52326, -6.865457, 0.0 ], [ 107.5231938, -6.8654759, 0.0 ], [ 107.5231487, -6.8654887, 0.0 ], [ 107.5231304, -6.8655002, 0.0 ], [ 107.5231179, -6.8655082, 0.0 ], [ 107.5230974, -6.8655211, 0.0 ], [ 107.5230335, -6.8655719, 0.0 ], [ 107.5229841, -6.8656073, 0.0 ], [ 107.5229288, -6.865647, 0.0 ], [ 107.5228459, -6.8656811, 0.0 ], [ 107.5228112, -6.8656851, 0.0 ], [ 107.5227653, -6.8656672, 0.0 ], [ 107.522716, -6.8656435, 0.0 ], [ 107.5226892, -6.8656338, 0.0 ], [ 107.5226785, -6.8656299, 0.0 ], [ 107.5226484, -6.8656171, 0.0 ], [ 107.5225922, -6.865623, 0.0 ], [ 107.5225572, -6.8655837, 0.0 ], [ 107.522512, -6.865533, 0.0 ], [ 107.5224667, -6.8655182, 0.0 ], [ 107.5224033, -6.8655, 0.0 ], [ 107.522329, -6.8655177, 0.0 ], [ 107.5222854, -6.8655281, 0.0 ], [ 107.5223714, -6.8654665, 0.0 ], [ 107.5224287, -6.8654447, 0.0 ], [ 107.5225075, -6.8654108, 0.0 ], [ 107.5225888, -6.8653936, 0.0 ], [ 107.522621, -6.8653902, 0.0 ], [ 107.5226844, -6.8653836, 0.0 ], [ 107.5227323, -6.8653833, 0.0 ], [ 107.5228603, -6.8654162, 0.0 ], [ 107.52301, -6.8653148, 0.0 ], [ 107.5231086, -6.8652528, 0.0 ], [ 107.5234245, -6.8650343, 0.0 ], [ 107.5235959, -6.8648686, 0.0 ], [ 107.5236832, -6.8647843, 0.0 ], [ 107.5236832, -6.8647842, 0.0 ], [ 107.5237131, -6.8647554, 0.0 ], [ 107.5238178, -6.8647388, 0.0 ], [ 107.5240308, -6.8647638, 0.0 ], [ 107.5240315, -6.8647639, 0.0 ], [ 107.5240366, -6.8647667, 0.0 ], [ 107.5241068, -6.8648046, 0.0 ], [ 107.5241549, -6.8648498, 0.0 ], [ 107.5242006, -6.8648902, 0.0 ], [ 107.5242676, -6.8648994, 0.0 ], [ 107.5243322, -6.8648967, 0.0 ], [ 107.5244064, -6.8648939, 0.0 ], [ 107.524471, -6.8648911, 0.0 ], [ 107.5245141, -6.8649029, 0.0 ], [ 107.524557, -6.8649232, 0.0 ], [ 107.5246218, -6.864954, 0.0 ], [ 107.5246697, -6.8649681, 0.0 ], [ 107.5247541, -6.8649904, 0.0 ], [ 107.5247962, -6.8650021, 0.0 ], [ 107.5247908, -6.8650209, 0.0 ], [ 107.5248485, -6.8650366, 0.0 ], [ 107.5249793, -6.8650652, 0.0 ], [ 107.5251459, -6.8650985, 0.0 ], [ 107.5251744, -6.8649557, 0.0 ], [ 107.5253242, -6.8649986, 0.0 ], [ 107.5253313, -6.8649813, 0.0 ], [ 107.5254477, -6.8650094, 0.0 ], [ 107.5254534, -6.8649979, 0.0 ], [ 107.5255123, -6.8650047, 0.0 ], [ 107.5256268, -6.8650348, 0.0 ], [ 107.5256301, -6.8650084, 0.0 ], [ 107.5257914, -6.8650441, 0.0 ], [ 107.5257964, -6.8650239, 0.0 ], [ 107.5258283, -6.8650332, 0.0 ], [ 107.5259461, -6.8650641, 0.0 ], [ 107.5260847, -6.8651016, 0.0 ], [ 107.526076, -6.8651497, 0.0 ], [ 107.526314, -6.8652235, 0.0 ], [ 107.5264639, -6.8652663, 0.0 ], [ 107.5265067, -6.8652687, 0.0 ], [ 107.5265376, -6.8652544, 0.0 ], [ 107.5265805, -6.8652592, 0.0 ], [ 107.5266638, -6.865283, 0.0 ], [ 107.5267994, -6.8653068, 0.0 ], [ 107.526916, -6.8653401, 0.0 ], [ 107.5270587, -6.8653829, 0.0 ], [ 107.5272848, -6.8654686, 0.0 ], [ 107.5273742, -6.865461, 0.0 ], [ 107.5275889, -6.8653997, 0.0 ], [ 107.5277622, -6.8653265, 0.0 ], [ 107.5279507, -6.865203, 0.0 ], [ 107.5279877, -6.8651729, 0.0 ], [ 107.5280164, -6.8651459, 0.0 ], [ 107.5280479, -6.8651163, 0.0 ], [ 107.5280493, -6.8650985, 0.0 ], [ 107.5280511, -6.8650763, 0.0 ], [ 107.5280365, -6.8650417, 0.0 ], [ 107.5280139, -6.8649879, 0.0 ], [ 107.527961, -6.8649066, 0.0 ], [ 107.5280253, -6.8648709, 0.0 ], [ 107.5281395, -6.8648223, 0.0 ], [ 107.5280902, -6.8646926, 0.0 ], [ 107.5280775, -6.86466, 0.0 ], [ 107.5281235, -6.8646303, 0.0 ], [ 107.5281253, -6.8646291, 0.0 ], [ 107.5281458, -6.8646158, 0.0 ], [ 107.528206, -6.8645351, 0.0 ], [ 107.5282868, -6.8644268, 0.0 ], [ 107.5283329, -6.8644053, 0.0 ], [ 107.5283875, -6.8643799, 0.0 ], [ 107.5285191, -6.8643779, 0.0 ], [ 107.5287128, -6.8643804, 0.0 ], [ 107.5291517, -6.8643466, 0.0 ], [ 107.5291936, -6.8643369, 0.0 ], [ 107.5293374, -6.8643034, 0.0 ], [ 107.5298501, -6.8641442, 0.0 ], [ 107.5299808, -6.864027, 0.0 ], [ 107.5301795, -6.8638693, 0.0 ], [ 107.5302643, -6.8638019, 0.0 ], [ 107.530294, -6.8637784, 0.0 ], [ 107.5303497, -6.8637429, 0.0 ], [ 107.5303999, -6.8637109, 0.0 ], [ 107.5304172, -6.8637087, 0.0 ], [ 107.530532, -6.8636945, 0.0 ], [ 107.5306442, -6.8636744, 0.0 ], [ 107.53071, -6.8636626, 0.0 ], [ 107.5308648, -6.8635621, 0.0 ], [ 107.530963, -6.8634912, 0.0 ], [ 107.5310776, -6.8634, 0.0 ], [ 107.5310969, -6.8633696, 0.0 ], [ 107.5311546, -6.8632788, 0.0 ], [ 107.5312557, -6.8630091, 0.0 ], [ 107.5312986, -6.8628946, 0.0 ], [ 107.5314858, -6.8626567, 0.0 ], [ 107.531631, -6.862575, 0.0 ], [ 107.5320044, -6.862509, 0.0 ], [ 107.532106, -6.862491, 0.0 ], [ 107.5321425, -6.8624834, 0.0 ], [ 107.532283, -6.862454, 0.0 ], [ 107.5323647, -6.8624415, 0.0 ], [ 107.5323805, -6.8624352, 0.0 ], [ 107.5324656, -6.8624259, 0.0 ], [ 107.5326733, -6.8623706, 0.0 ], [ 107.5327557, -6.8623182, 0.0 ], [ 107.5328237, -6.8622704, 0.0 ], [ 107.5329573, -6.8622064, 0.0 ], [ 107.5330263, -6.8621848, 0.0 ], [ 107.5331333, -6.8621512, 0.0 ], [ 107.5331988, -6.8621549, 0.0 ], [ 107.533356, -6.8621591, 0.0 ], [ 107.5334634, -6.8621362, 0.0 ], [ 107.5335496, -6.8621277, 0.0 ], [ 107.533593, -6.86199, 0.0 ], [ 107.5336039, -6.8618089, 0.0 ], [ 107.5336671, -6.8618172, 0.0 ], [ 107.5336737, -6.8617081, 0.0 ], [ 107.5336786, -6.8615632, 0.0 ], [ 107.5338317, -6.8615712, 0.0 ], [ 107.5338444, -6.8613108, 0.0 ], [ 107.5343606, -6.8609664, 0.0 ], [ 107.5342959, -6.8608393, 0.0 ], [ 107.5347708, -6.8605448, 0.0 ], [ 107.5346213, -6.8603293, 0.0 ], [ 107.5346833, -6.8602823, 0.0 ], [ 107.5347189, -6.8602319, 0.0 ], [ 107.5348349, -6.8599946, 0.0 ], [ 107.5348464, -6.8599653, 0.0 ], [ 107.5347902, -6.8599358, 0.0 ], [ 107.5346475, -6.8598674, 0.0 ], [ 107.5344927, -6.8597707, 0.0 ], [ 107.5344387, -6.859753, 0.0 ], [ 107.5344147, -6.8597376, 0.0 ], [ 107.5343822, -6.8597007, 0.0 ], [ 107.5343708, -6.8596821, 0.0 ], [ 107.5343716, -6.8596582, 0.0 ], [ 107.5343887, -6.8596266, 0.0 ], [ 107.5344288, -6.8596063, 0.0 ], [ 107.5344782, -6.8595343, 0.0 ], [ 107.5344904, -6.8594998, 0.0 ], [ 107.534518, -6.8594623, 0.0 ], [ 107.5345626, -6.859399, 0.0 ], [ 107.5346047, -6.8593552, 0.0 ], [ 107.5346451, -6.8593, 0.0 ], [ 107.534688, -6.8592663, 0.0 ], [ 107.5347094, -6.8592375, 0.0 ], [ 107.5347474, -6.8591943, 0.0 ], [ 107.534764, -6.8591535, 0.0 ], [ 107.534802, -6.8591007, 0.0 ], [ 107.5348376, -6.8590527, 0.0 ], [ 107.5348661, -6.8590047, 0.0 ], [ 107.5348735, -6.8589896, 0.0 ], [ 107.534885, -6.8589664, 0.0 ], [ 107.5349367, -6.8589216, 0.0 ], [ 107.5349677, -6.8588952, 0.0 ], [ 107.5350465, -6.8588565, 0.0 ], [ 107.5350917, -6.8588252, 0.0 ], [ 107.535149, -6.8587938, 0.0 ], [ 107.5351776, -6.8587649, 0.0 ], [ 107.5352706, -6.8587142, 0.0 ], [ 107.5353158, -6.8586757, 0.0 ], [ 107.5353683, -6.8586372, 0.0 ], [ 107.5353992, -6.8586107, 0.0 ], [ 107.5354349, -6.8585723, 0.0 ], [ 107.5354706, -6.858541, 0.0 ], [ 107.5355279, -6.8585024, 0.0 ], [ 107.535566, -6.8584855, 0.0 ], [ 107.5356114, -6.8584685, 0.0 ], [ 107.5356567, -6.8584444, 0.0 ], [ 107.5357477, -6.8584133, 0.0 ], [ 107.5358025, -6.8583723, 0.0 ], [ 107.5358477, -6.8583219, 0.0 ], [ 107.5358882, -6.8582762, 0.0 ], [ 107.5359237, -6.8582139, 0.0 ], [ 107.5359664, -6.8581348, 0.0 ], [ 107.5359877, -6.8580916, 0.0 ], [ 107.5360631, -6.8579788, 0.0 ], [ 107.5361151, -6.8578098, 0.0 ], [ 107.5361451, -6.8577192, 0.0 ], [ 107.5362142, -6.8575106, 0.0 ], [ 107.5363821, -6.857004, 0.0 ], [ 107.5364356, -6.8565604, 0.0 ], [ 107.5364616, -6.8563653, 0.0 ], [ 107.5364844, -6.8562761, 0.0 ], [ 107.5365425, -6.8561711, 0.0 ], [ 107.5366676, -6.8559421, 0.0 ], [ 107.536869, -6.8555801, 0.0 ], [ 107.5369231, -6.8554473, 0.0 ], [ 107.5369244, -6.8554478, 0.0 ], [ 107.5368445, -6.8553939, 0.0 ], [ 107.5367245, -6.8553324, 0.0 ], [ 107.5365957, -6.8552458, 0.0 ], [ 107.5364811, -6.8550611, 0.0 ], [ 107.5363729, -6.8549541, 0.0 ], [ 107.5362647, -6.854859, 0.0 ], [ 107.5362353, -6.8547829, 0.0 ], [ 107.5362347, -6.8546834, 0.0 ], [ 107.5362325, -6.8546318, 0.0 ], [ 107.5362265, -6.854584, 0.0 ], [ 107.5361784, -6.8545307, 0.0 ], [ 107.5361495, -6.8544945, 0.0 ], [ 107.5361054, -6.8544737, 0.0 ], [ 107.5360556, -6.8544701, 0.0 ], [ 107.5360002, -6.8544895, 0.0 ], [ 107.5359543, -6.8545032, 0.0 ], [ 107.5359124, -6.8545416, 0.0 ], [ 107.5358819, -6.854565, 0.0 ], [ 107.5358129, -6.8545295, 0.0 ], [ 107.5358276, -6.8544876, 0.0 ], [ 107.5358897, -6.8543408, 0.0 ], [ 107.5357518, -6.8542817, 0.0 ], [ 107.5355751, -6.8542378, 0.0 ], [ 107.5354371, -6.8541579, 0.0 ], [ 107.5354369, -6.854113, 0.0 ], [ 107.5354516, -6.8540621, 0.0 ], [ 107.5355284, -6.8538914, 0.0 ], [ 107.5355843, -6.8537117, 0.0 ], [ 107.5355333, -6.8536761, 0.0 ], [ 107.5355332, -6.8536112, 0.0 ], [ 107.5355561, -6.8534961, 0.0 ], [ 107.5355889, -6.8533395, 0.0 ], [ 107.5356127, -6.8533014, 0.0 ], [ 107.535677, -6.8532419, 0.0 ], [ 107.5357364, -6.8531872, 0.0 ], [ 107.5357579, -6.8531349, 0.0 ], [ 107.5357579, -6.8530659, 0.0 ], [ 107.535737, -6.852956, 0.0 ], [ 107.5357281, -6.8529199, 0.0 ], [ 107.535708, -6.852838, 0.0 ], [ 107.53566, -6.852603, 0.0 ], [ 107.535648, -6.852531, 0.0 ], [ 107.535617, -6.852342, 0.0 ], [ 107.535514, -6.851899, 0.0 ], [ 107.535542, -6.851809, 0.0 ], [ 107.5355581, -6.8517738, 0.0 ], [ 107.535691, -6.851483, 0.0 ], [ 107.5357363, -6.851409, 0.0 ], [ 107.5357544, -6.8513889, 0.0 ], [ 107.5357989, -6.851314, 0.0 ], [ 107.5358559, -6.8512248, 0.0 ], [ 107.5359053, -6.8511533, 0.0 ], [ 107.5359853, -6.8510376, 0.0 ], [ 107.5359862, -6.8510363, 0.0 ], [ 107.5360404, -6.8509579, 0.0 ], [ 107.5360702, -6.8508388, 0.0 ], [ 107.5360832, -6.8507867, 0.0 ], [ 107.536154, -6.850506, 0.0 ], [ 107.5361537, -6.8505056, 0.0 ], [ 107.5361447, -6.8503456, 0.0 ], [ 107.5362054, -6.8502046, 0.0 ], [ 107.5363039, -6.8501337, 0.0 ], [ 107.536415, -6.8501364, 0.0 ], [ 107.5366486, -6.8501322, 0.0 ], [ 107.5367084, -6.8500545, 0.0 ], [ 107.5367336, -6.8499146, 0.0 ], [ 107.5367672, -6.8498256, 0.0 ], [ 107.5368212, -6.8497572, 0.0 ], [ 107.5370115, -6.8495163, 0.0 ], [ 107.5372343, -6.8493947, 0.0 ], [ 107.5372903, -6.8493641, 0.0 ], [ 107.5375203, -6.8491098, 0.0 ], [ 107.5374862, -6.8490065, 0.0 ], [ 107.5374665, -6.8489468, 0.0 ], [ 107.5374544, -6.8488444, 0.0 ], [ 107.5374548, -6.848844, 0.0 ], [ 107.5373202, -6.8488048, 0.0 ], [ 107.5370537, -6.8487167, 0.0 ], [ 107.5366849, -6.8485478, 0.0 ], [ 107.5361639, -6.8483565, 0.0 ], [ 107.5361963, -6.8482925, 0.0 ], [ 107.5363, -6.8480905, 0.0 ], [ 107.536522, -6.8476713, 0.0 ], [ 107.536475, -6.847639, 0.0 ], [ 107.5357992, -6.8471749, 0.0 ], [ 107.5354969, -6.8470636, 0.0 ], [ 107.5353723, -6.8470064, 0.0 ], [ 107.5352092, -6.8469259, 0.0 ], [ 107.5349043, -6.8468292, 0.0 ], [ 107.5348994, -6.8468273, 0.0 ], [ 107.5348036, -6.8467914, 0.0 ], [ 107.5347098, -6.8467445, 0.0 ], [ 107.534884, -6.846507, 0.0 ], [ 107.5349135, -6.8464668, 0.0 ], [ 107.5349286, -6.8464462, 0.0 ], [ 107.5349304, -6.8464445, 0.0 ], [ 107.5350658, -6.8463226, 0.0 ], [ 107.5351219, -6.8462295, 0.0 ], [ 107.5351878, -6.8461201, 0.0 ], [ 107.5352494, -6.8459286, 0.0 ], [ 107.5352938, -6.8457907, 0.0 ], [ 107.5353093, -6.8457426, 0.0 ], [ 107.5353379, -6.8456853, 0.0 ], [ 107.5353664, -6.8456283, 0.0 ], [ 107.5353878, -6.8455999, 0.0 ], [ 107.5357527, -6.8451169, 0.0 ], [ 107.5361125, -6.8446993, 0.0 ], [ 107.5362298, -6.8445632, 0.0 ], [ 107.5362365, -6.8445612, 0.0 ], [ 107.5364696, -6.8444909, 0.0 ], [ 107.5365243, -6.8444744, 0.0 ], [ 107.5365819, -6.8443553, 0.0 ], [ 107.5366177, -6.8442964, 0.0 ], [ 107.5366966, -6.8441668, 0.0 ], [ 107.5367165, -6.8441423, 0.0 ], [ 107.5370228, -6.8437637, 0.0 ], [ 107.5370378, -6.8437452, 0.0 ], [ 107.5370529, -6.8437223, 0.0 ], [ 107.5371484, -6.8435774, 0.0 ], [ 107.5372201, -6.8434331, 0.0 ], [ 107.537286, -6.8433006, 0.0 ], [ 107.5372753, -6.8432007, 0.0 ], [ 107.5372715, -6.8431856, 0.0 ], [ 107.5372021, -6.8429082, 0.0 ], [ 107.5372025, -6.842905, 0.0 ], [ 107.5372271, -6.8427319, 0.0 ], [ 107.5372564, -6.8425539, 0.0 ], [ 107.5373171, -6.8421853, 0.0 ], [ 107.5373634, -6.8418097, 0.0 ], [ 107.5373746, -6.8417187, 0.0 ], [ 107.5374233, -6.8414781, 0.0 ], [ 107.5374598, -6.8412977, 0.0 ], [ 107.5374459, -6.8412086, 0.0 ], [ 107.5374291, -6.841101, 0.0 ], [ 107.5373693, -6.8408787, 0.0 ], [ 107.5373661, -6.8405569, 0.0 ], [ 107.5373645, -6.8404062, 0.0 ], [ 107.5373694, -6.8403473, 0.0 ], [ 107.5373806, -6.8402778, 0.0 ], [ 107.5376323, -6.8396862, 0.0 ], [ 107.5376555, -6.8396315, 0.0 ], [ 107.5376707, -6.8396042, 0.0 ], [ 107.5377257, -6.8395055, 0.0 ], [ 107.5377774, -6.8394152, 0.0 ], [ 107.5379044, -6.8391934, 0.0 ], [ 107.5382308, -6.8385135, 0.0 ], [ 107.53825, -6.8384871, 0.0 ], [ 107.5382511, -6.8384857, 0.0 ], [ 107.538286, -6.8384376, 0.0 ], [ 107.5384931, -6.8381722, 0.0 ], [ 107.5385486, -6.8380763, 0.0 ], [ 107.5385586, -6.838059, 0.0 ], [ 107.5386913, -6.8376532, 0.0 ], [ 107.5386944, -6.8376438, 0.0 ], [ 107.5387002, -6.8376262, 0.0 ], [ 107.5387017, -6.8375216, 0.0 ], [ 107.5387057, -6.8372349, 0.0 ], [ 107.5387695, -6.8369771, 0.0 ], [ 107.5389149, -6.8364877, 0.0 ], [ 107.5389714, -6.8362967, 0.0 ], [ 107.5389892, -6.8361927, 0.0 ], [ 107.5389742, -6.8361468, 0.0 ], [ 107.5389514, -6.8360769, 0.0 ], [ 107.538943, -6.835988, 0.0 ], [ 107.5389608, -6.835462, 0.0 ], [ 107.5389624, -6.8352819, 0.0 ], [ 107.538959, -6.8350094, 0.0 ], [ 107.5389926, -6.8348133, 0.0 ], [ 107.5390256, -6.8346204, 0.0 ], [ 107.539044, -6.8345135, 0.0 ], [ 107.5390683, -6.8344535, 0.0 ], [ 107.5391048, -6.8343913, 0.0 ], [ 107.539181, -6.8342614, 0.0 ], [ 107.5393639, -6.834058, 0.0 ], [ 107.5395911, -6.833791, 0.0 ], [ 107.5396502, -6.8335982, 0.0 ], [ 107.5396471, -6.8334292, 0.0 ], [ 107.539637, -6.8333823, 0.0 ], [ 107.5396368, -6.8332359, 0.0 ], [ 107.539649, -6.833108, 0.0 ], [ 107.5396479, -6.832946, 0.0 ], [ 107.5396443, -6.8328938, 0.0 ], [ 107.5396395, -6.8328238, 0.0 ], [ 107.5396207, -6.8327934, 0.0 ], [ 107.5395786, -6.8327458, 0.0 ], [ 107.5394856, -6.8326406, 0.0 ], [ 107.5394554, -6.8325619, 0.0 ], [ 107.5394841, -6.8324003, 0.0 ], [ 107.5395027, -6.8323444, 0.0 ], [ 107.5395528, -6.8321937, 0.0 ], [ 107.5395578, -6.8321776, 0.0 ], [ 107.539558, -6.832177, 0.0 ], [ 107.539568, -6.83214, 0.0 ], [ 107.5395732, -6.8321249, 0.0 ], [ 107.5395991, -6.8320495, 0.0 ], [ 107.5396546, -6.8320535, 0.0 ], [ 107.5399936, -6.8321391, 0.0 ], [ 107.5404133, -6.8321676, 0.0 ], [ 107.5404655, -6.8321693, 0.0 ], [ 107.5407219, -6.8321635, 0.0 ], [ 107.5409309, -6.8321492, 0.0 ], [ 107.5410587, -6.8321271, 0.0 ], [ 107.5412509, -6.8320272, 0.0 ], [ 107.5414322, -6.8321896, 0.0 ], [ 107.541437, -6.8321937, 0.0 ], [ 107.5414699, -6.8322159, 0.0 ], [ 107.541579, -6.832274, 0.0 ], [ 107.54178, -6.832318, 0.0 ], [ 107.5419539, -6.8321131, 0.0 ], [ 107.5420608, -6.8319796, 0.0 ], [ 107.5422676, -6.8320742, 0.0 ], [ 107.5423787, -6.8321513, 0.0 ], [ 107.5426156, -6.8322786, 0.0 ], [ 107.5427865, -6.8323584, 0.0 ], [ 107.5430351, -6.8324318, 0.0 ], [ 107.543167, -6.8324909, 0.0 ], [ 107.5433882, -6.8324867, 0.0 ], [ 107.5434327, -6.8324058, 0.0 ], [ 107.5435156, -6.8322619, 0.0 ], [ 107.5435742, -6.8320284, 0.0 ], [ 107.5436234, -6.8318829, 0.0 ], [ 107.543692, -6.8317439, 0.0 ], [ 107.5437558, -6.8315905, 0.0 ], [ 107.5437934, -6.8314588, 0.0 ], [ 107.5438382, -6.8313462, 0.0 ], [ 107.5438733, -6.8311929, 0.0 ], [ 107.5439396, -6.8310587, 0.0 ], [ 107.5440013, -6.8309603, 0.0 ], [ 107.5441442, -6.8308376, 0.0 ], [ 107.5442276, -6.8307846, 0.0 ], [ 107.5443254, -6.8307219, 0.0 ], [ 107.5443924, -6.8307306, 0.0 ], [ 107.5444165, -6.8307616, 0.0 ], [ 107.5445317, -6.8308351, 0.0 ], [ 107.5446253, -6.8308944, 0.0 ], [ 107.5446706, -6.8308535, 0.0 ], [ 107.5447413, -6.8306642, 0.0 ], [ 107.544784, -6.8305851, 0.0 ], [ 107.544841, -6.8305178, 0.0 ], [ 107.5448857, -6.8304805, 0.0 ], [ 107.54493, -6.8305069, 0.0 ], [ 107.5449731, -6.8305267, 0.0 ], [ 107.5450335, -6.8305508, 0.0 ], [ 107.5450968, -6.8305734, 0.0 ], [ 107.5451789, -6.8306174, 0.0 ], [ 107.5452249, -6.8306373, 0.0 ], [ 107.5452767, -6.8306557, 0.0 ], [ 107.5453111, -6.830654, 0.0 ], [ 107.5453541, -6.8306309, 0.0 ], [ 107.5454111, -6.8305631, 0.0 ], [ 107.5454935, -6.8304049, 0.0 ], [ 107.5455246, -6.8303057, 0.0 ], [ 107.5455386, -6.8302483, 0.0 ], [ 107.5455584, -6.8301879, 0.0 ], [ 107.5455593, -6.8301225, 0.0 ], [ 107.5457588, -6.8298301, 0.0 ], [ 107.5458403, -6.8296298, 0.0 ], [ 107.5458561, -6.8296022, 0.0 ], [ 107.5463853, -6.829773, 0.0 ], [ 107.5466826, -6.8299001, 0.0 ], [ 107.5466913, -6.8299031, 0.0 ], [ 107.5466916, -6.8299032, 0.0 ], [ 107.5467023, -6.8298823, 0.0 ], [ 107.546764, -6.829762, 0.0 ], [ 107.5467644, -6.8297601, 0.0 ], [ 107.5467922, -6.8296271, 0.0 ], [ 107.5468185, -6.8295016, 0.0 ], [ 107.5468366, -6.8294148, 0.0 ], [ 107.5468422, -6.8293879, 0.0 ], [ 107.546851, -6.829346, 0.0 ], [ 107.5468491, -6.8293359, 0.0 ], [ 107.5468045, -6.8291052, 0.0 ], [ 107.546762, -6.828885, 0.0 ], [ 107.5467438, -6.8287867, 0.0 ], [ 107.546702, -6.82856, 0.0 ], [ 107.546726, -6.8284511, 0.0 ], [ 107.54673, -6.828433, 0.0 ], [ 107.5467695, -6.8283611, 0.0 ], [ 107.5468322, -6.8282469, 0.0 ], [ 107.546864, -6.828189, 0.0 ], [ 107.5469263, -6.8280787, 0.0 ], [ 107.546951, -6.828035, 0.0 ], [ 107.5469528, -6.8280232, 0.0 ], [ 107.54696, -6.827976, 0.0 ], [ 107.5469784, -6.8278555, 0.0 ], [ 107.54698, -6.827845, 0.0 ], [ 107.5469753, -6.827779, 0.0 ], [ 107.5469651, -6.8276353, 0.0 ], [ 107.546953, -6.827465, 0.0 ], [ 107.5469504, -6.82746, 0.0 ], [ 107.5469305, -6.8274222, 0.0 ], [ 107.5467614, -6.8272813, 0.0 ], [ 107.5467765, -6.8269631, 0.0 ], [ 107.546873, -6.8268725, 0.0 ], [ 107.54691, -6.82679, 0.0 ], [ 107.54713, -6.82656, 0.0 ], [ 107.54744, -6.82634, 0.0 ], [ 107.54789, -6.82593, 0.0 ], [ 107.5482, -6.82571, 0.0 ], [ 107.5483, -6.82552, 0.0 ], [ 107.5483178, -6.8254843, 0.0 ], [ 107.54838, -6.82536, 0.0 ], [ 107.54847, -6.825336, 0.0 ], [ 107.5483418, -6.8247979, 0.0 ], [ 107.5483696, -6.8241408, 0.0 ], [ 107.5484844, -6.8238691, 0.0 ], [ 107.54854, -6.82369, 0.0 ], [ 107.5486325, -6.8235975, 0.0 ], [ 107.5488348, -6.8233249, 0.0 ], [ 107.5490531, -6.8231673, 0.0 ], [ 107.5491284, -6.8226194, 0.0 ], [ 107.5489357, -6.8216819, 0.0 ], [ 107.5485267, -6.821293, 0.0 ], [ 107.5482147, -6.8213193, 0.0 ], [ 107.5481619, -6.8211167, 0.0 ], [ 107.5479334, -6.8210786, 0.0 ], [ 107.5478383, -6.8208407, 0.0 ], [ 107.5478002, -6.820736, 0.0 ], [ 107.5475147, -6.8205075, 0.0 ], [ 107.547144, -6.8202523, 0.0 ], [ 107.5472641, -6.8192818, 0.0 ], [ 107.5473081, -6.8191394, 0.0 ], [ 107.5470163, -6.8192195, 0.0 ], [ 107.5464984, -6.819251, 0.0 ], [ 107.546182, -6.8192815, 0.0 ], [ 107.5461576, -6.8192746, 0.0 ], [ 107.54602, -6.81931, 0.0 ], [ 107.54589, -6.81931, 0.0 ], [ 107.54521, -6.81945, 0.0 ], [ 107.545, -6.81951, 0.0 ], [ 107.54487, -6.81958, 0.0 ], [ 107.54436, -6.81957, 0.0 ], [ 107.5441, -6.81962, 0.0 ], [ 107.5436478, -6.8196019, 0.0 ], [ 107.5436, -6.8196, 0.0 ], [ 107.5434372, -6.819586, 0.0 ], [ 107.5432725, -6.8200855, 0.0 ], [ 107.5430121, -6.8206966, 0.0 ], [ 107.5427942, -6.8212917, 0.0 ], [ 107.5425551, -6.8220197, 0.0 ], [ 107.5423, -6.8226999, 0.0 ], [ 107.54213, -6.8230825, 0.0 ], [ 107.542061, -6.8233103, 0.0 ], [ 107.541909, -6.8238126, 0.0 ], [ 107.5418856, -6.8238902, 0.0 ], [ 107.5415295, -6.8248945, 0.0 ], [ 107.5412532, -6.8257447, 0.0 ], [ 107.5410939, -6.8262483, 0.0 ], [ 107.5410885, -6.8262654, 0.0 ], [ 107.5409185, -6.8264036, 0.0 ], [ 107.54051, -6.82667, 0.0 ], [ 107.5402542, -6.8267809, 0.0 ], [ 107.5400895, -6.8268659, 0.0 ], [ 107.5395847, -6.8270837, 0.0 ], [ 107.5393403, -6.8271847, 0.0 ], [ 107.5391968, -6.8272644, 0.0 ], [ 107.5391224, -6.8273069, 0.0 ], [ 107.5390374, -6.8274663, 0.0 ], [ 107.5388886, -6.8278383, 0.0 ], [ 107.5386335, -6.8286991, 0.0 ], [ 107.5384688, -6.8291721, 0.0 ], [ 107.53798, -6.82909, 0.0 ], [ 107.53743, -6.82903, 0.0 ], [ 107.53725, -6.82899, 0.0 ], [ 107.53718, -6.8289802, 0.0 ], [ 107.5371799, -6.8289802, 0.0 ], [ 107.53718, -6.82898, 0.0 ], [ 107.53644, -6.82883, 0.0 ], [ 107.53577, -6.82873, 0.0 ], [ 107.53507, -6.82861, 0.0 ], [ 107.53446, -6.8285, 0.0 ], [ 107.53433, -6.82848, 0.0 ], [ 107.53356, -6.82821, 0.0 ], [ 107.53342, -6.82817, 0.0 ], [ 107.5328, -6.82802, 0.0 ], [ 107.5325, -6.82799, 0.0 ], [ 107.5321247, -6.8280108, 0.0 ], [ 107.53196, -6.82802, 0.0 ], [ 107.53162, -6.82827, 0.0 ], [ 107.53137, -6.82841, 0.0 ], [ 107.53124, -6.82858, 0.0 ], [ 107.53117, -6.82869, 0.0 ], [ 107.53097, -6.828858, 0.0 ], [ 107.53092, -6.8289, 0.0 ], [ 107.53073, -6.82914, 0.0 ], [ 107.53065, -6.82925, 0.0 ], [ 107.53014, -6.82967, 0.0 ], [ 107.5299, -6.83001, 0.0 ], [ 107.52971, -6.83025, 0.0 ], [ 107.52965, -6.83043, 0.0 ], [ 107.5296, -6.83068, 0.0 ], [ 107.52952, -6.83087, 0.0 ], [ 107.52942, -6.83093, 0.0 ], [ 107.52919, -6.83118, 0.0 ], [ 107.52907, -6.83127, 0.0 ], [ 107.52875, -6.83142, 0.0 ], [ 107.52866, -6.83139, 0.0 ], [ 107.52846, -6.83124, 0.0 ], [ 107.52832, -6.83121, 0.0 ], [ 107.52811, -6.83124, 0.0 ], [ 107.52798, -6.83143, 0.0 ], [ 107.52782, -6.8316, 0.0 ], [ 107.52776, -6.83167, 0.0 ], [ 107.52763, -6.8317, 0.0 ], [ 107.52745, -6.83164, 0.0 ], [ 107.52725, -6.83158, 0.0 ], [ 107.52717, -6.83166, 0.0 ], [ 107.52706, -6.83174, 0.0 ], [ 107.52703, -6.83191, 0.0 ], [ 107.52701, -6.83197, 0.0 ], [ 107.52684, -6.83205, 0.0 ], [ 107.52672, -6.83222, 0.0 ], [ 107.52663, -6.83233, 0.0 ], [ 107.52654, -6.83251, 0.0 ], [ 107.52647, -6.83259, 0.0 ], [ 107.52628, -6.83274, 0.0 ], [ 107.52612, -6.83286, 0.0 ], [ 107.52596, -6.83308, 0.0 ], [ 107.52578, -6.83346, 0.0 ], [ 107.52575, -6.83356, 0.0 ], [ 107.52578, -6.83388, 0.0 ], [ 107.52577, -6.83424, 0.0 ], [ 107.52574, -6.83454, 0.0 ], [ 107.52568, -6.83449, 0.0 ], [ 107.52552, -6.83449, 0.0 ], [ 107.52534, -6.83459, 0.0 ], [ 107.52511, -6.8347, 0.0 ], [ 107.52485, -6.83478, 0.0 ], [ 107.52474, -6.83474, 0.0 ], [ 107.52447, -6.83459, 0.0 ], [ 107.52413, -6.83438, 0.0 ], [ 107.52405, -6.83415, 0.0 ], [ 107.52374, -6.83397, 0.0 ], [ 107.52303, -6.83359, 0.0 ], [ 107.52294, -6.83366, 0.0 ], [ 107.52274, -6.83367, 0.0 ], [ 107.52246, -6.83384, 0.0 ], [ 107.52223, -6.83397, 0.0 ], [ 107.52202, -6.83395, 0.0 ], [ 107.52177, -6.83391, 0.0 ], [ 107.52133, -6.83376, 0.0 ], [ 107.52086, -6.8336, 0.0 ], [ 107.52052, -6.83355, 0.0 ], [ 107.52009, -6.83339, 0.0 ], [ 107.51955, -6.83299, 0.0 ], [ 107.51902, -6.83257, 0.0 ], [ 107.51887, -6.83247, 0.0 ], [ 107.5188499, -6.8324459, 0.0 ], [ 107.5189169, -6.8323774, 0.0 ], [ 107.518852, -6.8323056, 0.0 ], [ 107.5187827, -6.8321858, 0.0 ], [ 107.5186036, -6.8319945, 0.0 ], [ 107.5185668, -6.8319552, 0.0 ], [ 107.5182385, -6.8315792, 0.0 ], [ 107.5181692, -6.831468, 0.0 ], [ 107.5180915, -6.8313912, 0.0 ], [ 107.5179532, -6.8312288, 0.0 ], [ 107.5177979, -6.8310923, 0.0 ], [ 107.5176856, -6.8309641, 0.0 ], [ 107.5175045, -6.8308105, 0.0 ], [ 107.5174522, -6.8307359, 0.0 ], [ 107.5174266, -6.8306993, 0.0 ], [ 107.5169655, -6.8301772, 0.0 ], [ 107.5167909, -6.8296964, 0.0 ], [ 107.5168918, -6.8292486, 0.0 ], [ 107.5169393, -6.828457, 0.0 ], [ 107.5166272, -6.8281645, 0.0 ], [ 107.5166107, -6.828149, 0.0 ], [ 107.5164436, -6.8280706, 0.0 ], [ 107.5162483, -6.8279789, 0.0 ], [ 107.5161641, -6.827942, 0.0 ], [ 107.5164343, -6.8279727, 0.0 ], [ 107.51694, -6.82803, 0.0 ], [ 107.51717, -6.82789, 0.0 ], [ 107.51748, -6.82773, 0.0 ], [ 107.51777, -6.82763, 0.0 ], [ 107.51818, -6.82739, 0.0 ], [ 107.51848, -6.82726, 0.0 ], [ 107.51868, -6.82723, 0.0 ], [ 107.51881, -6.8271, 0.0 ], [ 107.51888, -6.82702, 0.0 ], [ 107.51886, -6.82692, 0.0 ], [ 107.51879, -6.82687, 0.0 ], [ 107.51839, -6.82687, 0.0 ], [ 107.51823, -6.82669, 0.0 ], [ 107.51813, -6.82652, 0.0 ], [ 107.51814, -6.8263, 0.0 ], [ 107.51821, -6.8261, 0.0 ], [ 107.51847, -6.82587, 0.0 ], [ 107.5184942, -6.8257933, 0.0 ], [ 107.51859, -6.82549, 0.0 ], [ 107.51861, -6.82529, 0.0 ], [ 107.51866, -6.82481, 0.0 ], [ 107.51861, -6.82446, 0.0 ], [ 107.51852, -6.82426, 0.0 ], [ 107.5184174, -6.8240341, 0.0 ], [ 107.5184148, -6.8240335, 0.0 ], [ 107.518385, -6.82403, 0.0 ], [ 107.5182172, -6.8238873, 0.0 ], [ 107.5181102, -6.823716, 0.0 ], [ 107.5180673, -6.8236232, 0.0 ], [ 107.5180566, -6.8235482, 0.0 ], [ 107.5180138, -6.8235054, 0.0 ], [ 107.5179669, -6.8234751, 0.0 ], [ 107.517871, -6.8234911, 0.0 ], [ 107.5177533, -6.8235089, 0.0 ], [ 107.5175177, -6.8234054, 0.0 ], [ 107.5174641, -6.8233947, 0.0 ], [ 107.5174285, -6.8233662, 0.0 ], [ 107.5172964, -6.8233233, 0.0 ], [ 107.517292, -6.823281, 0.0 ], [ 107.5172393, -6.8231984, 0.0 ], [ 107.5172286, -6.8231163, 0.0 ], [ 107.5170573, -6.8227915, 0.0 ], [ 107.5170144, -6.8227059, 0.0 ], [ 107.5168824, -6.8226845, 0.0 ], [ 107.5166682, -6.8226523, 0.0 ], [ 107.5166432, -6.8225488, 0.0 ], [ 107.51667, -6.82245, 0.0 ], [ 107.51631, -6.82229, 0.0 ], [ 107.5161, -6.82219, 0.0 ], [ 107.51586, -6.82219, 0.0 ], [ 107.51556, -6.82215, 0.0 ], [ 107.5152, -6.82202, 0.0 ], [ 107.51493, -6.82184, 0.0 ], [ 107.51468, -6.82153, 0.0 ], [ 107.5145849, -6.8212149, 0.0 ], [ 107.51452, -6.821, 0.0 ], [ 107.51445, -6.82056, 0.0 ], [ 107.51438, -6.82031, 0.0 ], [ 107.5142, -6.82, 0.0 ], [ 107.51408, -6.81988, 0.0 ], [ 107.51371, -6.81964, 0.0 ], [ 107.51331, -6.81954, 0.0 ], [ 107.51274, -6.81947, 0.0 ], [ 107.51236, -6.81931, 0.0 ], [ 107.51211, -6.81909, 0.0 ], [ 107.51201, -6.81891, 0.0 ], [ 107.51198, -6.8188, 0.0 ], [ 107.51198, -6.81851, 0.0 ], [ 107.51199, -6.81828, 0.0 ], [ 107.51214, -6.81816, 0.0 ], [ 107.51246, -6.81792, 0.0 ], [ 107.51264, -6.81788, 0.0 ], [ 107.51298, -6.8178, 0.0 ], [ 107.51339, -6.81781, 0.0 ], [ 107.51346, -6.81781, 0.0 ], [ 107.5136487, -6.8175609, 0.0 ], [ 107.5139556, -6.8173253, 0.0 ], [ 107.5142055, -6.8171718, 0.0 ], [ 107.5143518, -6.8171397, 0.0 ], [ 107.5145574, -6.8170729, 0.0 ], [ 107.51465, -6.81702, 0.0 ], [ 107.51505, -6.81672, 0.0 ], [ 107.51538, -6.81648, 0.0 ], [ 107.51566, -6.81645, 0.0 ], [ 107.51585, -6.81638, 0.0 ], [ 107.51596, -6.81631, 0.0 ], [ 107.51602, -6.81621, 0.0 ], [ 107.51631, -6.81595, 0.0 ], [ 107.51642, -6.81575, 0.0 ], [ 107.51653, -6.81566, 0.0 ], [ 107.51668, -6.81555, 0.0 ], [ 107.51649, -6.81532, 0.0 ], [ 107.51628, -6.81519, 0.0 ], [ 107.51584, -6.81498, 0.0 ], [ 107.51554, -6.81524, 0.0 ], [ 107.51542, -6.81531, 0.0 ], [ 107.51531, -6.81527, 0.0 ], [ 107.5152802, -6.8152537, 0.0 ], [ 107.515146, -6.81518, 0.0 ], [ 107.515146, -6.8150719, 0.0 ], [ 107.5152652, -6.8149191, 0.0 ], [ 107.5152578, -6.8147887, 0.0 ], [ 107.5149559, -6.8146135, 0.0 ], [ 107.5149298, -6.8145502, 0.0 ], [ 107.5149708, -6.8144831, 0.0 ], [ 107.51489, -6.81434, 0.0 ], [ 107.5148143, -6.8142856, 0.0 ], [ 107.51492, -6.81406, 0.0 ], [ 107.515, -6.81386, 0.0 ], [ 107.51512, -6.81355, 0.0 ], [ 107.51526, -6.81338, 0.0 ], [ 107.51553, -6.81313, 0.0 ], [ 107.51591, -6.81276, 0.0 ], [ 107.51602, -6.81265, 0.0 ], [ 107.51622, -6.81242, 0.0 ], [ 107.51616, -6.81201, 0.0 ], [ 107.51612, -6.81157, 0.0 ], [ 107.51615, -6.81142, 0.0 ], [ 107.51624, -6.81111, 0.0 ], [ 107.51629, -6.81092, 0.0 ], [ 107.51631, -6.81065, 0.0 ], [ 107.516337, -6.8104882, 0.0 ], [ 107.51635, -6.81041, 0.0 ], [ 107.5164, -6.81029, 0.0 ], [ 107.51652, -6.81022, 0.0 ], [ 107.51667, -6.81011, 0.0 ], [ 107.51678, -6.81002, 0.0 ], [ 107.51687, -6.80986, 0.0 ], [ 107.517, -6.80957, 0.0 ], [ 107.51711, -6.8094, 0.0 ], [ 107.51718, -6.80919, 0.0 ], [ 107.51723, -6.80886, 0.0 ], [ 107.51725, -6.80869, 0.0 ], [ 107.51719, -6.80853, 0.0 ], [ 107.51719, -6.80834, 0.0 ], [ 107.51719, -6.80817, 0.0 ], [ 107.51725, -6.80809, 0.0 ], [ 107.51757, -6.8079, 0.0 ], [ 107.51788, -6.80781, 0.0 ], [ 107.51801, -6.80776, 0.0 ], [ 107.51805, -6.80755, 0.0 ], [ 107.5181147, -6.8074761, 0.0 ], [ 107.51812, -6.80747, 0.0 ], [ 107.51829, -6.80745, 0.0 ], [ 107.51853, -6.80743, 0.0 ], [ 107.5187, -6.80731, 0.0 ], [ 107.5187942, -6.8071605, 0.0 ], [ 107.5187134, -6.8070211, 0.0 ], [ 107.5187348, -6.8069675, 0.0 ], [ 107.5188276, -6.8068997, 0.0 ], [ 107.518799, -6.8065963, 0.0 ], [ 107.5187134, -6.8064714, 0.0 ], [ 107.5187134, -6.8063893, 0.0 ], [ 107.5186812, -6.8063429, 0.0 ], [ 107.5187098, -6.8062644, 0.0 ], [ 107.5187276, -6.8061823, 0.0 ], [ 107.5187681, -6.8061842, 0.0 ], [ 107.5188166, -6.8061768, 0.0 ], [ 107.5189989, -6.8061609, 0.0 ], [ 107.5190953, -6.8061145, 0.0 ], [ 107.5191524, -6.8060431, 0.0 ], [ 107.5191595, -6.8058147, 0.0 ], [ 107.5191738, -6.8057219, 0.0 ], [ 107.5191477, -6.805675, 0.0 ], [ 107.5191345, -6.8056005, 0.0 ], [ 107.5191095, -6.8055506, 0.0 ], [ 107.5191131, -6.8054649, 0.0 ], [ 107.5190988, -6.8053435, 0.0 ], [ 107.5191247, -6.8051941, 0.0 ], [ 107.519131, -6.8051579, 0.0 ], [ 107.5192238, -6.8050187, 0.0 ], [ 107.5193166, -6.8049045, 0.0 ], [ 107.5194948, -6.8048315, 0.0 ], [ 107.5196414, -6.8048224, 0.0 ], [ 107.5197342, -6.8047189, 0.0 ], [ 107.5197663, -6.8046154, 0.0 ], [ 107.5197948, -6.8045512, 0.0 ], [ 107.5198198, -6.8044941, 0.0 ], [ 107.5198484, -6.8044048, 0.0 ], [ 107.5198448, -6.8043192, 0.0 ], [ 107.5198769, -6.8042478, 0.0 ], [ 107.5199412, -6.8041728, 0.0 ], [ 107.5200233, -6.8041372, 0.0 ], [ 107.5200946, -6.8041157, 0.0 ], [ 107.5202475, -6.804116, 0.0 ], [ 107.5204227, -6.8041533, 0.0 ], [ 107.5205122, -6.80413, 0.0 ], [ 107.5207245, -6.8041272, 0.0 ], [ 107.5208228, -6.8041157, 0.0 ], [ 107.5208941, -6.8040979, 0.0 ], [ 107.520937, -6.8040301, 0.0 ], [ 107.5209402, -6.8040063, 0.0 ], [ 107.5209477, -6.8039516, 0.0 ], [ 107.5209477, -6.8037624, 0.0 ], [ 107.5208692, -6.803459, 0.0 ], [ 107.520912, -6.8032413, 0.0 ], [ 107.520937, -6.8029807, 0.0 ], [ 107.5209905, -6.8026988, 0.0 ], [ 107.5208699, -6.8024055, 0.0 ], [ 107.5207335, -6.8022455, 0.0 ], [ 107.5207371, -6.8020813, 0.0 ], [ 107.5207835, -6.8019385, 0.0 ], [ 107.5207549, -6.8019028, 0.0 ], [ 107.5207549, -6.8017815, 0.0 ], [ 107.5207978, -6.8016744, 0.0 ], [ 107.5208661, -6.8016752, 0.0 ], [ 107.5209441, -6.8016744, 0.0 ], [ 107.5210655, -6.80181, 0.0 ], [ 107.5212537, -6.8018317, 0.0 ], [ 107.5213546, -6.8017565, 0.0 ], [ 107.5214902, -6.8016566, 0.0 ], [ 107.5214402, -6.8016137, 0.0 ], [ 107.5214045, -6.8015388, 0.0 ], [ 107.5213117, -6.8014139, 0.0 ], [ 107.5212618, -6.8013568, 0.0 ], [ 107.5212511, -6.8012782, 0.0 ], [ 107.5213046, -6.8012068, 0.0 ], [ 107.5214045, -6.8011533, 0.0 ], [ 107.5215363, -6.8011269, 0.0 ], [ 107.5216, -6.80109, 0.0 ], [ 107.5216674, -6.8010452, 0.0 ], [ 107.52156, -6.80058, 0.0 ], [ 107.52148, -6.80029, 0.0 ], [ 107.52119, -6.79976, 0.0 ], [ 107.5209659, -6.7993639, 0.0 ], [ 107.5209244, -6.7992716, 0.0 ], [ 107.5206766, -6.7987206, 0.0 ], [ 107.5205191, -6.7987908, 0.0 ], [ 107.5204329, -6.7987091, 0.0 ], [ 107.5202007, -6.7984693, 0.0 ], [ 107.5196303, -6.7978827, 0.0 ], [ 107.5194192, -6.7977207, 0.0 ], [ 107.518895, -6.7973606, 0.0 ], [ 107.5185577, -6.7972102, 0.0 ], [ 107.5184027, -6.797192, 0.0 ], [ 107.5180563, -6.7971783, 0.0 ], [ 107.5175732, -6.7971601, 0.0 ], [ 107.5171766, -6.7971373, 0.0 ], [ 107.5166844, -6.7970142, 0.0 ], [ 107.5165, -6.79681, 0.0 ], [ 107.5163, -6.79617, 0.0 ], [ 107.51625, -6.79566, 0.0 ], [ 107.51622, -6.79503, 0.0 ], [ 107.516101, -6.7941291, 0.0 ], [ 107.5161101, -6.7939741, 0.0 ], [ 107.5160508, -6.7938556, 0.0 ], [ 107.515987, -6.7937599, 0.0 ], [ 107.5158913, -6.7936687, 0.0 ], [ 107.5157728, -6.7936049, 0.0 ], [ 107.5153671, -6.7934773, 0.0 ], [ 107.5152456, -6.7933236, 0.0 ], [ 107.5152122, -6.7932813, 0.0 ], [ 107.5150435, -6.7930033, 0.0 ], [ 107.5149797, -6.7927708, 0.0 ], [ 107.5149022, -6.7926705, 0.0 ], [ 107.5147774, -6.792545, 0.0 ], [ 107.51448, -6.79301, 0.0 ], [ 107.5144788, -6.793011, 0.0 ], [ 107.5144542, -6.7930101, 0.0 ], [ 107.5143737, -6.7930404, 0.0 ], [ 107.5142805, -6.7931996, 0.0 ], [ 107.5141873, -6.7933013, 0.0 ], [ 107.5141331, -6.7933604, 0.0 ], [ 107.5139669, -6.7934083, 0.0 ], [ 107.5136366, -6.7934571, 0.0 ], [ 107.5134243, -6.7935089, 0.0 ], [ 107.5133469, -6.7935177, 0.0 ], [ 107.5131966, -6.7934854, 0.0 ], [ 107.5131471, -6.7934899, 0.0 ], [ 107.5130712, -6.7934968, 0.0 ], [ 107.5129924, -6.7935637, 0.0 ], [ 107.5129445, -6.7936856, 0.0 ], [ 107.5128435, -6.7939426, 0.0 ], [ 107.5128116, -6.7940303, 0.0 ], [ 107.5126846, -6.7941394, 0.0 ], [ 107.5125202, -6.7942434, 0.0 ], [ 107.51249, -6.79427, 0.0 ], [ 107.5124185, -6.7943079, 0.0 ], [ 107.5123419, -6.7943563, 0.0 ], [ 107.5122328, -6.7944789, 0.0 ], [ 107.5121537, -6.7945798, 0.0 ], [ 107.5118935, -6.7946658, 0.0 ], [ 107.5117864, -6.7947265, 0.0 ], [ 107.5117531, -6.7947379, 0.0 ], [ 107.5117211, -6.7947487, 0.0 ], [ 107.5116358, -6.7947777, 0.0 ], [ 107.5116037, -6.7947886, 0.0 ], [ 107.5115282, -6.7948317, 0.0 ], [ 107.5114961, -6.7949777, 0.0 ], [ 107.5114392, -6.7951722, 0.0 ], [ 107.5113951, -6.7952604, 0.0 ], [ 107.5113679, -6.795315, 0.0 ], [ 107.5113106, -6.7953806, 0.0 ], [ 107.5112283, -6.7954144, 0.0 ], [ 107.5111333, -6.795443, 0.0 ], [ 107.5111169, -6.7954575, 0.0 ], [ 107.5110864, -6.7954844, 0.0 ], [ 107.5109893, -6.7954962, 0.0 ], [ 107.5109366, -6.7955026, 0.0 ], [ 107.5108877, -6.7955085, 0.0 ], [ 107.5107604, -6.7956408, 0.0 ], [ 107.5107113, -6.7957032, 0.0 ], [ 107.5107026, -6.7957107, 0.0 ], [ 107.5104757, -6.7957508, 0.0 ], [ 107.5104637, -6.7957536, 0.0 ], [ 107.5103852, -6.7957716, 0.0 ], [ 107.5103168, -6.7958509, 0.0 ], [ 107.5102641, -6.7960874, 0.0 ], [ 107.5102562, -6.7961904, 0.0 ], [ 107.5102128, -6.7962098, 0.0 ], [ 107.51015, -6.79626, 0.0 ], [ 107.5100901, -6.7962646, 0.0 ], [ 107.5100438, -6.7962853, 0.0 ], [ 107.5099722, -6.7962625, 0.0 ], [ 107.509894, -6.7962375, 0.0 ], [ 107.5098288, -6.7962235, 0.0 ], [ 107.509752, -6.7962946, 0.0 ], [ 107.5097008, -6.7963421, 0.0 ], [ 107.5094819, -6.7965448, 0.0 ], [ 107.5094756, -6.7965546, 0.0 ], [ 107.50944, -6.79661, 0.0 ], [ 107.50937, -6.79678, 0.0 ], [ 107.5093, -6.79685, 0.0 ], [ 107.50917, -6.79686, 0.0 ], [ 107.50902, -6.79678, 0.0 ], [ 107.50887, -6.7969, 0.0 ], [ 107.50872, -6.79703, 0.0 ], [ 107.50863, -6.79715, 0.0 ], [ 107.50863, -6.79729, 0.0 ], [ 107.50864, -6.79741, 0.0 ], [ 107.50853, -6.79758, 0.0 ], [ 107.5083886, -6.7977535, 0.0 ], [ 107.5083606, -6.797792, 0.0 ], [ 107.5082837, -6.7978913, 0.0 ], [ 107.5082571, -6.7979332, 0.0 ], [ 107.5082452, -6.798045, 0.0 ], [ 107.5082276, -6.7981307, 0.0 ], [ 107.5081508, -6.7982483, 0.0 ], [ 107.50813, -6.79829, 0.0 ], [ 107.50797, -6.7985, 0.0 ], [ 107.5079648, -6.798504, 0.0 ], [ 107.5079502, -6.7985235, 0.0 ], [ 107.5076319, -6.798797, 0.0 ], [ 107.5074985, -6.798907, 0.0 ], [ 107.5074227, -6.7989773, 0.0 ], [ 107.5073488, -6.7990458, 0.0 ], [ 107.5073064, -6.7990679, 0.0 ], [ 107.50711, -6.79917, 0.0 ], [ 107.5069804, -6.7991936, 0.0 ], [ 107.5069303, -6.7992059, 0.0 ], [ 107.5068872, -6.7992178, 0.0 ], [ 107.5067644, -6.7992515, 0.0 ], [ 107.5065126, -6.7994235, 0.0 ], [ 107.506373, -6.7995885, 0.0 ], [ 107.5062286, -6.7997593, 0.0 ], [ 107.5061952, -6.7998008, 0.0 ], [ 107.506098, -6.7999213, 0.0 ], [ 107.5058686, -6.7999766, 0.0 ], [ 107.5056704, -6.7999862, 0.0 ], [ 107.5054382, -6.8000319, 0.0 ], [ 107.505155, -6.8001444, 0.0 ], [ 107.504687, -6.8003257, 0.0 ], [ 107.5043645, -6.8003875, 0.0 ], [ 107.5040526, -6.8004386, 0.0 ], [ 107.5038621, -6.8004319, 0.0 ], [ 107.5037684, -6.8004168, 0.0 ], [ 107.5035848, -6.8003152, 0.0 ], [ 107.5032901, -6.8002545, 0.0 ], [ 107.5032122, -6.8002505, 0.0 ], [ 107.5030626, -6.8002679, 0.0 ], [ 107.5029506, -6.8002859, 0.0 ], [ 107.502811, -6.8003346, 0.0 ], [ 107.5023858, -6.8004413, 0.0 ], [ 107.5023091, -6.8004593, 0.0 ], [ 107.5022712, -6.8004682, 0.0 ], [ 107.5021608, -6.8005755, 0.0 ], [ 107.5021548, -6.8005804, 0.0 ], [ 107.5021094, -6.8006178, 0.0 ], [ 107.5019556, -6.8007446, 0.0 ], [ 107.5019091, -6.8008187, 0.0 ], [ 107.5018734, -6.8008755, 0.0 ], [ 107.5018037, -6.8009695, 0.0 ], [ 107.5017402, -6.8010099, 0.0 ], [ 107.5016826, -6.8009722, 0.0 ], [ 107.5016182, -6.8008885, 0.0 ], [ 107.5016001, -6.8008649, 0.0 ], [ 107.5015496, -6.8008352, 0.0 ], [ 107.5015481, -6.8008352, 0.0 ], [ 107.5014312, -6.8010277, 0.0 ], [ 107.5013873, -6.8011, 0.0 ], [ 107.5013623, -6.8011375, 0.0 ], [ 107.5012506, -6.8013049, 0.0 ], [ 107.5012097, -6.8013536, 0.0 ], [ 107.5009443, -6.8018524, 0.0 ], [ 107.5007701, -6.8021328, 0.0 ], [ 107.5006934, -6.802313, 0.0 ], [ 107.5006566, -6.8026356, 0.0 ], [ 107.5006176, -6.8028873, 0.0 ], [ 107.5006068, -6.8029572, 0.0 ], [ 107.500638, -6.8031985, 0.0 ], [ 107.5006526, -6.803359, 0.0 ], [ 107.5006589, -6.8034274, 0.0 ], [ 107.5005986, -6.8035319, 0.0 ], [ 107.5005175, -6.8035791, 0.0 ], [ 107.5004331, -6.8036526, 0.0 ], [ 107.5003998, -6.8036816, 0.0 ], [ 107.5002929, -6.8037746, 0.0 ], [ 107.5002128, -6.8038027, 0.0 ], [ 107.5001295, -6.803853, 0.0 ], [ 107.500102, -6.8038576, 0.0 ], [ 107.5000989, -6.8038714, 0.0 ], [ 107.5000704, -6.8038886, 0.0 ], [ 107.4999986, -6.8039312, 0.0 ], [ 107.4999203, -6.8039775, 0.0 ], [ 107.4998424, -6.8040389, 0.0 ], [ 107.4998103, -6.8041437, 0.0 ], [ 107.4998095, -6.8041526, 0.0 ], [ 107.4997988, -6.8041608, 0.0 ], [ 107.4997744, -6.8042119, 0.0 ], [ 107.4997168, -6.8042537, 0.0 ], [ 107.499515, -6.8043627, 0.0 ], [ 107.4994878, -6.8043772, 0.0 ], [ 107.4992532, -6.8045025, 0.0 ], [ 107.4989161, -6.8044812, 0.0 ], [ 107.4987248, -6.8044366, 0.0 ], [ 107.4983457, -6.8043703, 0.0 ], [ 107.4982174, -6.8043479, 0.0 ], [ 107.49826, -6.80464, 0.0 ], [ 107.4982104, -6.8057319, 0.0 ], [ 107.49821, -6.80574, 0.0 ], [ 107.49821, -6.80644, 0.0 ], [ 107.4982, -6.80728, 0.0 ], [ 107.4981826, -6.8075837, 0.0 ], [ 107.49816, -6.80798, 0.0 ], [ 107.49809, -6.8085, 0.0 ], [ 107.498, -6.80875, 0.0 ], [ 107.49781, -6.8089, 0.0 ], [ 107.4975715, -6.8090734, 0.0 ], [ 107.4974831, -6.8091378, 0.0 ], [ 107.4970712, -6.8093576, 0.0 ], [ 107.4970453, -6.8093714, 0.0 ], [ 107.4968724, -6.8093962, 0.0 ], [ 107.4967557, -6.8094556, 0.0 ], [ 107.4965044, -6.8095836, 0.0 ], [ 107.4963746, -6.8096638, 0.0 ], [ 107.4961534, -6.8097933, 0.0 ], [ 107.4960285, -6.8098701, 0.0 ], [ 107.49598, -6.8099, 0.0 ], [ 107.49553, -6.81009, 0.0 ], [ 107.49535, -6.81014, 0.0 ], [ 107.49516, -6.81019, 0.0 ], [ 107.49496, -6.81029, 0.0 ], [ 107.49478, -6.81061, 0.0 ], [ 107.49466, -6.81082, 0.0 ], [ 107.49453, -6.811, 0.0 ], [ 107.4945, -6.81107, 0.0 ], [ 107.49402, -6.81142, 0.0 ], [ 107.49389, -6.81154, 0.0 ], [ 107.49344, -6.81186, 0.0 ], [ 107.493336, -6.811964, 0.0 ], [ 107.49333, -6.81197, 0.0 ], [ 107.49323, -6.81219, 0.0 ], [ 107.49318, -6.8124, 0.0 ], [ 107.49309, -6.81296, 0.0 ], [ 107.49301, -6.81328, 0.0 ], [ 107.49283, -6.81371, 0.0 ], [ 107.49275, -6.81388, 0.0 ], [ 107.4927205, -6.8139213, 0.0 ], [ 107.4927, -6.81395, 0.0 ], [ 107.4926956, -6.8139506, 0.0 ], [ 107.4926879, -6.8139597, 0.0 ], [ 107.4922703, -6.8141397, 0.0 ], [ 107.4921161, -6.8142614, 0.0 ], [ 107.49211, -6.81427, 0.0 ], [ 107.492001, -6.8143706, 0.0 ], [ 107.49198, -6.81439, 0.0 ], [ 107.49188, -6.81454, 0.0 ], [ 107.4918755, -6.8145479, 0.0 ], [ 107.4918008, -6.8146306, 0.0 ], [ 107.4917602, -6.8146756, 0.0 ], [ 107.4915842, -6.8147788, 0.0 ], [ 107.4913654, -6.8148474, 0.0 ], [ 107.4910996, -6.8148681, 0.0 ], [ 107.4909033, -6.8148824, 0.0 ], [ 107.4907591, -6.8149347, 0.0 ], [ 107.4905226, -6.8150898, 0.0 ], [ 107.4904219, -6.815166, 0.0 ], [ 107.4903998, -6.8151831, 0.0 ], [ 107.49021, -6.81533, 0.0 ], [ 107.4899764, -6.8154716, 0.0 ], [ 107.4898807, -6.8155296, 0.0 ], [ 107.4898697, -6.8155344, 0.0 ], [ 107.4898304, -6.8155693, 0.0 ], [ 107.4896546, -6.8156518, 0.0 ], [ 107.4896145, -6.8156706, 0.0 ], [ 107.4895992, -6.8156758, 0.0 ], [ 107.4892953, -6.8157806, 0.0 ], [ 107.4891811, -6.8158199, 0.0 ], [ 107.4891796, -6.8158204, 0.0 ], [ 107.4886443, -6.8159862, 0.0 ], [ 107.4884225, -6.816145, 0.0 ], [ 107.4881188, -6.8163913, 0.0 ], [ 107.4880882, -6.8164252, 0.0 ], [ 107.4878425, -6.8167045, 0.0 ], [ 107.4876331, -6.8168889, 0.0 ], [ 107.4876095, -6.8169097, 0.0 ], [ 107.4876056, -6.8169131, 0.0 ], [ 107.4873884, -6.8169972, 0.0 ], [ 107.486166, -6.8172563, 0.0 ], [ 107.4857106, -6.8172562, 0.0 ], [ 107.48569, -6.81726, 0.0 ], [ 107.485657, -6.817258, 0.0 ], [ 107.4848919, -6.8172106, 0.0 ], [ 107.4847151, -6.8172611, 0.0 ], [ 107.4844498, -6.8173811, 0.0 ], [ 107.4841342, -6.8175135, 0.0 ], [ 107.4840582, -6.8175454, 0.0 ], [ 107.4836918, -6.817697, 0.0 ], [ 107.4836246, -6.8177742, 0.0 ], [ 107.4833949, -6.818038, 0.0 ], [ 107.4827886, -6.8184549, 0.0 ], [ 107.4825864, -6.8184549, 0.0 ], [ 107.4822138, -6.8183539, 0.0 ], [ 107.4816453, -6.818057, 0.0 ], [ 107.4809189, -6.8181581, 0.0 ], [ 107.4809043, -6.8181506, 0.0 ], [ 107.4805967, -6.8179938, 0.0 ], [ 107.4803504, -6.817817, 0.0 ], [ 107.4799967, -6.8175833, 0.0 ], [ 107.4796619, -6.8173495, 0.0 ], [ 107.479384, -6.8172169, 0.0 ], [ 107.4791882, -6.8171474, 0.0 ], [ 107.4789924, -6.8171285, 0.0 ], [ 107.4788281, -6.8171158, 0.0 ], [ 107.4786702, -6.8171474, 0.0 ], [ 107.47783, -6.81744, 0.0 ], [ 107.4776284, -6.8175017, 0.0 ], [ 107.4774448, -6.817558, 0.0 ], [ 107.4767311, -6.8175833, 0.0 ], [ 107.4761373, -6.8175959, 0.0 ], [ 107.4760244, -6.8175947, 0.0 ], [ 107.4761208, -6.81778, 0.0 ], [ 107.4763974, -6.8178985, 0.0 ], [ 107.4765225, -6.8183396, 0.0 ], [ 107.4767858, -6.8186293, 0.0 ], [ 107.4768846, -6.8186623, 0.0 ], [ 107.4771809, -6.8186491, 0.0 ], [ 107.4775299, -6.8189651, 0.0 ], [ 107.4774905, -6.8191846, 0.0 ], [ 107.4774676, -6.8193121, 0.0 ], [ 107.4775346, -6.8194629, 0.0 ], [ 107.4777413, -6.8196584, 0.0 ], [ 107.478054, -6.8198147, 0.0 ], [ 107.4782327, -6.8199208, 0.0 ], [ 107.4784561, -6.8200214, 0.0 ], [ 107.4785734, -6.8202783, 0.0 ], [ 107.47853, -6.82082, 0.0 ], [ 107.47838, -6.82134, 0.0 ], [ 107.47828, -6.82184, 0.0 ], [ 107.4783, -6.82197, 0.0 ], [ 107.4782887, -6.8220136, 0.0 ], [ 107.47823, -6.82224, 0.0 ], [ 107.47823, -6.82297, 0.0 ], [ 107.4784056, -6.824301, 0.0 ], [ 107.47842, -6.82441, 0.0 ], [ 107.47846, -6.82473, 0.0 ], [ 107.47813, -6.82472, 0.0 ], [ 107.47787, -6.82463, 0.0 ], [ 107.47766, -6.82475, 0.0 ], [ 107.4774496, -6.8251463, 0.0 ], [ 107.4772414, -6.8255384, 0.0 ], [ 107.47723, -6.82556, 0.0 ], [ 107.47713, -6.82596, 0.0 ], [ 107.4770645, -6.8265425, 0.0 ], [ 107.47704, -6.82676, 0.0 ], [ 107.477, -6.82755, 0.0 ], [ 107.477, -6.82788, 0.0 ], [ 107.477, -6.82855, 0.0 ], [ 107.47703, -6.82885, 0.0 ], [ 107.4770825, -6.8290614, 0.0 ], [ 107.47738, -6.83026, 0.0 ], [ 107.47742, -6.83034, 0.0 ], [ 107.47748, -6.83041, 0.0 ], [ 107.47755, -6.83047, 0.0 ], [ 107.4776, -6.83055, 0.0 ], [ 107.4776492, -6.8306649, 0.0 ], [ 107.47766, -6.83069, 0.0 ], [ 107.477996, -6.8312166, 0.0 ], [ 107.4785707, -6.8319019, 0.0 ], [ 107.4785809, -6.8319155, 0.0 ], [ 107.4787027, -6.8320768, 0.0 ], [ 107.4788848, -6.8322981, 0.0 ], [ 107.4790204, -6.8324551, 0.0 ], [ 107.4791774, -6.8325194, 0.0 ], [ 107.4793951, -6.8325979, 0.0 ], [ 107.4796632, -6.8327541, 0.0 ], [ 107.4798484, -6.832862, 0.0 ], [ 107.4799627, -6.8329548, 0.0 ], [ 107.4801982, -6.8332261, 0.0 ], [ 107.4801697, -6.8334081, 0.0 ], [ 107.4799627, -6.8339435, 0.0 ], [ 107.4798591, -6.834229, 0.0 ], [ 107.4798701, -6.8343616, 0.0 ], [ 107.4798806, -6.8344503, 0.0 ], [ 107.4800019, -6.8345752, 0.0 ], [ 107.4800778, -6.8345995, 0.0 ], [ 107.4801344, -6.8346176, 0.0 ], [ 107.4804119, -6.8346235, 0.0 ], [ 107.4807604, -6.8345409, 0.0 ], [ 107.4810792, -6.8343991, 0.0 ], [ 107.481148, -6.8343075, 0.0 ], [ 107.481221, -6.8342102, 0.0 ], [ 107.48136, -6.83386, 0.0 ], [ 107.48146, -6.83375, 0.0 ], [ 107.4815305, -6.8337333, 0.0 ], [ 107.4818351, -6.833661, 0.0 ], [ 107.4822957, -6.8336137, 0.0 ], [ 107.4828272, -6.8336137, 0.0 ], [ 107.4833528, -6.8335311, 0.0 ], [ 107.4842097, -6.8331758, 0.0 ], [ 107.4844703, -6.8330815, 0.0 ], [ 107.484738, -6.8329893, 0.0 ], [ 107.4851064, -6.8328736, 0.0 ], [ 107.4856477, -6.8327612, 0.0 ], [ 107.4858247, -6.8327303, 0.0 ], [ 107.4862489, -6.8333307, 0.0 ], [ 107.4866525, -6.8336634, 0.0 ], [ 107.4872556, -6.8342305, 0.0 ], [ 107.4874315, -6.8343958, 0.0 ], [ 107.4876472, -6.8345582, 0.0 ], [ 107.4879119, -6.8352298, 0.0 ], [ 107.4880352, -6.835473, 0.0 ], [ 107.4882521, -6.8357732, 0.0 ], [ 107.4885184, -6.8359296, 0.0 ], [ 107.4889862, -6.8361711, 0.0 ], [ 107.4896549, -6.8364044, 0.0 ], [ 107.4900576, -6.836553, 0.0 ], [ 107.490295, -6.8366522, 0.0 ], [ 107.4906597, -6.8368254, 0.0 ], [ 107.4920665, -6.837884, 0.0 ], [ 107.4922032, -6.8380195, 0.0 ], [ 107.4924495, -6.8380713, 0.0 ], [ 107.4927599, -6.8381366, 0.0 ], [ 107.4928189, -6.838149, 0.0 ], [ 107.4932168, -6.8382765, 0.0 ], [ 107.4935809, -6.8383978, 0.0 ], [ 107.4936492, -6.8384235, 0.0 ], [ 107.4938557, -6.8385013, 0.0 ], [ 107.494077, -6.8385977, 0.0 ], [ 107.494334, -6.8387583, 0.0 ], [ 107.4944803, -6.8388583, 0.0 ], [ 107.4945388, -6.8388957, 0.0 ], [ 107.4947966, -6.8390608, 0.0 ], [ 107.494798, -6.8390617, 0.0 ], [ 107.4949657, -6.8391652, 0.0 ], [ 107.4953014, -6.8393274, 0.0 ], [ 107.4953869, -6.8393686, 0.0 ], [ 107.4956264, -6.8394612, 0.0 ], [ 107.4956546, -6.8394722, 0.0 ], [ 107.4960222, -6.8396863, 0.0 ], [ 107.4962435, -6.8398255, 0.0 ], [ 107.4964291, -6.8399576, 0.0 ], [ 107.4966932, -6.8402288, 0.0 ], [ 107.4967799, -6.8403398, 0.0 ], [ 107.4969484, -6.8399754, 0.0 ], [ 107.4969931, -6.8399249, 0.0 ], [ 107.49713, -6.83977, 0.0 ], [ 107.4972268, -6.8395864, 0.0 ], [ 107.4973874, -6.8395757, 0.0 ], [ 107.4974017, -6.8394971, 0.0 ], [ 107.4975088, -6.8395007, 0.0 ], [ 107.4975445, -6.8395328, 0.0 ], [ 107.4975945, -6.8395578, 0.0 ], [ 107.497698, -6.8395899, 0.0 ], [ 107.49773, -6.83957, 0.0 ], [ 107.49777, -6.83949, 0.0 ], [ 107.49781, -6.83931, 0.0 ], [ 107.49786, -6.8392, 0.0 ], [ 107.497986, -6.839009, 0.0 ], [ 107.497996, -6.8389939, 0.0 ], [ 107.4980817, -6.8388511, 0.0 ], [ 107.4981959, -6.8387405, 0.0 ], [ 107.4984341, -6.8388807, 0.0 ], [ 107.4986394, -6.8389528, 0.0 ], [ 107.49886, -6.83899, 0.0 ], [ 107.49906, -6.83919, 0.0 ], [ 107.49926, -6.83942, 0.0 ], [ 107.49938, -6.83966, 0.0 ], [ 107.49955, -6.84008, 0.0 ], [ 107.49971, -6.84068, 0.0 ], [ 107.49982, -6.84128, 0.0 ], [ 107.4998302, -6.84146, 0.0 ], [ 107.49992, -6.84148, 0.0 ], [ 107.49998, -6.8415, 0.0 ], [ 107.5003207, -6.8414805, 0.0 ], [ 107.5002967, -6.8416101, 0.0 ], [ 107.5002004, -6.8418155, 0.0 ], [ 107.5000978, -6.841811, 0.0 ], [ 107.5000213, -6.8418831, 0.0 ], [ 107.5000218, -6.8419804, 0.0 ], [ 107.5001405, -6.8421335, 0.0 ], [ 107.5000078, -6.8422316, 0.0 ], [ 107.5000544, -6.8423338, 0.0 ], [ 107.5000189, -6.8424109, 0.0 ], [ 107.49993, -6.84266, 0.0 ], [ 107.4999242, -6.8428389, 0.0 ], [ 107.49992, -6.84297, 0.0 ], [ 107.49988, -6.84316, 0.0 ], [ 107.49979, -6.8433, 0.0 ], [ 107.49974, -6.84335, 0.0 ], [ 107.49963, -6.84333, 0.0 ], [ 107.49955, -6.8434, 0.0 ], [ 107.49948, -6.84351, 0.0 ], [ 107.49949, -6.84359, 0.0 ], [ 107.49941, -6.8438, 0.0 ], [ 107.4993815, -6.8438747, 0.0 ], [ 107.49933, -6.84401, 0.0 ], [ 107.49928, -6.84418, 0.0 ], [ 107.4992, -6.84437, 0.0 ], [ 107.49917, -6.84448, 0.0 ], [ 107.4991501, -6.84454, 0.0 ], [ 107.4990639, -6.8446111, 0.0 ], [ 107.4990248, -6.8447228, 0.0 ], [ 107.4989905, -6.8448481, 0.0 ], [ 107.49899, -6.84485, 0.0 ], [ 107.4990416, -6.844963, 0.0 ], [ 107.4990025, -6.8450746, 0.0 ], [ 107.4989131, -6.8451249, 0.0 ], [ 107.4987735, -6.8453539, 0.0 ], [ 107.4987608, -6.8455489, 0.0 ], [ 107.4987121, -6.8456666, 0.0 ], [ 107.498673, -6.8457616, 0.0 ], [ 107.4987184, -6.8458347, 0.0 ], [ 107.4988014, -6.8459682, 0.0 ], [ 107.4989075, -6.8459403, 0.0 ], [ 107.498996, -6.8460756, 0.0 ], [ 107.4990025, -6.8460855, 0.0 ], [ 107.4990136, -6.8462586, 0.0 ], [ 107.4988908, -6.846415, 0.0 ], [ 107.4988922, -6.8465017, 0.0 ], [ 107.4988964, -6.8467668, 0.0 ], [ 107.4990081, -6.8469232, 0.0 ], [ 107.4990858, -6.8470509, 0.0 ], [ 107.4990862, -6.8470517, 0.0 ], [ 107.4991644, -6.8472527, 0.0 ], [ 107.4991477, -6.8474984, 0.0 ], [ 107.4990862, -6.8476269, 0.0 ], [ 107.4990203, -6.8479235, 0.0 ], [ 107.4990081, -6.8479787, 0.0 ], [ 107.4989969, -6.8481519, 0.0 ], [ 107.4990583, -6.8482133, 0.0 ], [ 107.4990526, -6.8482908, 0.0 ], [ 107.49904, -6.84846, 0.0 ], [ 107.4991086, -6.8485205, 0.0 ], [ 107.4992315, -6.8485763, 0.0 ], [ 107.4994437, -6.8486433, 0.0 ], [ 107.4995107, -6.8487327, 0.0 ], [ 107.4996503, -6.8488164, 0.0 ], [ 107.4997505, -6.8489819, 0.0 ], [ 107.4997788, -6.8490287, 0.0 ], [ 107.4998458, -6.8491069, 0.0 ], [ 107.4998849, -6.8491683, 0.0 ], [ 107.4997899, -6.8494308, 0.0 ], [ 107.4996623, -6.8497116, 0.0 ], [ 107.4996503, -6.8497379, 0.0 ], [ 107.4997117, -6.849777, 0.0 ], [ 107.4998123, -6.8498608, 0.0 ], [ 107.4998197, -6.8499444, 0.0 ], [ 107.4999575, -6.85014, 0.0 ], [ 107.499991, -6.8502852, 0.0 ], [ 107.4999519, -6.8503858, 0.0 ], [ 107.4999798, -6.8504807, 0.0 ], [ 107.5000078, -6.8505047, 0.0 ], [ 107.5000189, -6.8505142, 0.0 ], [ 107.4999463, -6.8506203, 0.0 ], [ 107.4998514, -6.8506203, 0.0 ], [ 107.4996541, -6.8507448, 0.0 ], [ 107.49963, -6.85076, 0.0 ], [ 107.4994604, -6.8507264, 0.0 ], [ 107.4992259, -6.8507209, 0.0 ], [ 107.4991253, -6.8507823, 0.0 ], [ 107.4991086, -6.8508325, 0.0 ], [ 107.4991365, -6.8508828, 0.0 ], [ 107.4991533, -6.8509945, 0.0 ], [ 107.4990918, -6.8510894, 0.0 ], [ 107.4989913, -6.8511509, 0.0 ], [ 107.498941, -6.8511509, 0.0 ], [ 107.4988796, -6.8512011, 0.0 ], [ 107.498807, -6.8512961, 0.0 ], [ 107.4987512, -6.8513352, 0.0 ], [ 107.4986213, -6.8514062, 0.0 ], [ 107.498578, -6.8513966, 0.0 ], [ 107.4985214, -6.8514559, 0.0 ], [ 107.4984608, -6.8515195, 0.0 ], [ 107.4983891, -6.851693, 0.0 ], [ 107.4983658, -6.8518266, 0.0 ], [ 107.49825, -6.85203, 0.0 ], [ 107.49822, -6.85216, 0.0 ], [ 107.49824, -6.85227, 0.0 ], [ 107.498215, -6.8523963, 0.0 ], [ 107.4982318, -6.8525191, 0.0 ], [ 107.4982646, -6.8525958, 0.0 ], [ 107.4982653, -6.8525973, 0.0 ], [ 107.4982932, -6.8526979, 0.0 ], [ 107.4983602, -6.8528151, 0.0 ], [ 107.4983993, -6.8529324, 0.0 ], [ 107.4984328, -6.8530329, 0.0 ], [ 107.4984719, -6.8531111, 0.0 ], [ 107.4985166, -6.8531558, 0.0 ], [ 107.4984887, -6.8532787, 0.0 ], [ 107.4982653, -6.8536138, 0.0 ], [ 107.498282, -6.8537757, 0.0 ], [ 107.498282, -6.8539042, 0.0 ], [ 107.4982659, -6.8539686, 0.0 ], [ 107.4982597, -6.8539935, 0.0 ], [ 107.4980922, -6.8538651, 0.0 ], [ 107.4978129, -6.8536696, 0.0 ], [ 107.4978264, -6.8537659, 0.0 ], [ 107.497852, -6.8539488, 0.0 ], [ 107.4978541, -6.8539565, 0.0 ], [ 107.4979972, -6.8544906, 0.0 ], [ 107.4980754, -6.8547754, 0.0 ], [ 107.4982368, -6.8553321, 0.0 ], [ 107.4983993, -6.8558923, 0.0 ], [ 107.4984943, -6.8562218, 0.0 ], [ 107.4985504, -6.8564563, 0.0 ], [ 107.4986227, -6.856758, 0.0 ], [ 107.4987268, -6.8578228, 0.0 ], [ 107.49874, -6.8579447, 0.0 ], [ 107.4987402, -6.857946, 0.0 ], [ 107.4987457, -6.8579963, 0.0 ], [ 107.498758, -6.8583205, 0.0 ], [ 107.4987861, -6.858613, 0.0 ], [ 107.4988198, -6.8588154, 0.0 ], [ 107.4988873, -6.8590291, 0.0 ], [ 107.498966, -6.8592147, 0.0 ], [ 107.4994047, -6.8597265, 0.0 ], [ 107.499624, -6.8599908, 0.0 ], [ 107.4997646, -6.8601426, 0.0 ], [ 107.5000611, -6.8605115, 0.0 ], [ 107.49848, -6.86166, 0.0 ], [ 107.4985836, -6.8618803, 0.0 ], [ 107.4988086, -6.8624314, 0.0 ], [ 107.4989885, -6.8628701, 0.0 ], [ 107.4990179, -6.863138, 0.0 ], [ 107.4981848, -6.8638991, 0.0 ], [ 107.4962763, -6.8636791, 0.0 ], [ 107.496193, -6.8642562, 0.0 ], [ 107.4949868, -6.8640704, 0.0 ], [ 107.4943777, -6.8639943, 0.0 ], [ 107.4942444, -6.8653077, 0.0 ], [ 107.4998599, -6.8657075, 0.0 ], [ 107.5018777, -6.8659169, 0.0 ], [ 107.5021633, -6.8644511, 0.0 ], [ 107.503096, -6.8645844, 0.0 ], [ 107.5026963, -6.8683915, 0.0 ], [ 107.5022394, -6.8682392, 0.0 ], [ 107.5006404, -6.8693433, 0.0 ], [ 107.4997267, -6.8695622, 0.0 ], [ 107.4990993, -6.8697819, 0.0 ], [ 107.4978144, -6.8702102, 0.0 ], [ 107.4971862, -6.8701103, 0.0 ], [ 107.496658, -6.8702388, 0.0 ], [ 107.4959441, -6.8701959, 0.0 ], [ 107.4956729, -6.8705957, 0.0 ], [ 107.4955872, -6.8709383, 0.0 ], [ 107.4955444, -6.8717236, 0.0 ], [ 107.4956817, -6.8717255, 0.0 ], [ 107.4956757, -6.8719158, 0.0 ], [ 107.4956282, -6.8719456, 0.0 ], [ 107.4956222, -6.8721716, 0.0 ], [ 107.4956995, -6.8738134, 0.0 ], [ 107.495759, -6.8740335, 0.0 ], [ 107.4958185, -6.8741644, 0.0 ], [ 107.4958602, -6.8745094, 0.0 ], [ 107.4957828, -6.8746522, 0.0 ], [ 107.4958126, -6.8749556, 0.0 ], [ 107.4957531, -6.8750686, 0.0 ], [ 107.4957828, -6.8751459, 0.0 ], [ 107.4957828, -6.8752768, 0.0 ], [ 107.4958542, -6.8753482, 0.0 ], [ 107.4959256, -6.8753482, 0.0 ], [ 107.4960089, -6.8756813, 0.0 ], [ 107.4959613, -6.8757943, 0.0 ], [ 107.4960148, -6.875836, 0.0 ], [ 107.4960624, -6.875836, 0.0 ], [ 107.496104, -6.8759312, 0.0 ], [ 107.4960684, -6.8760442, 0.0 ], [ 107.4960505, -6.8762762, 0.0 ], [ 107.4959434, -6.8763595, 0.0 ], [ 107.4956876, -6.8763119, 0.0 ], [ 107.4955151, -6.876419, 0.0 ], [ 107.4951939, -6.8764071, 0.0 ], [ 107.4948965, -6.8766628, 0.0 ], [ 107.4947597, -6.8767164, 0.0 ], [ 107.4945265, -6.877065, 0.0 ], [ 107.494298, -6.8770793, 0.0 ], [ 107.4938126, -6.8772934, 0.0 ], [ 107.4936699, -6.8774362, 0.0 ], [ 107.4934129, -6.8774933, 0.0 ], [ 107.4929989, -6.877736, 0.0 ], [ 107.4928275, -6.8779644, 0.0 ], [ 107.4926277, -6.8779359, 0.0 ], [ 107.4919424, -6.8782071, 0.0 ], [ 107.4918424, -6.8783356, 0.0 ], [ 107.4916568, -6.8783213, 0.0 ], [ 107.4911714, -6.8785069, 0.0 ], [ 107.4911286, -6.8790494, 0.0 ], [ 107.4912285, -6.879749, 0.0 ], [ 107.4913285, -6.8805913, 0.0 ], [ 107.491457, -6.8806413, 0.0 ], [ 107.4916283, -6.88047, 0.0 ], [ 107.4917782, -6.8804057, 0.0 ], [ 107.4918781, -6.8803415, 0.0 ], [ 107.4920209, -6.8804129, 0.0 ], [ 107.4920709, -6.8805342, 0.0 ], [ 107.4918995, -6.8808198, 0.0 ], [ 107.4918424, -6.8810125, 0.0 ], [ 107.4918282, -6.8811624, 0.0 ], [ 107.4919067, -6.8813337, 0.0 ], [ 107.4920138, -6.8814622, 0.0 ], [ 107.4920542, -6.8816999, 0.0 ], [ 107.4923107, -6.8814746, 0.0 ], [ 107.4923173, -6.8814537, 0.0 ], [ 107.4924509, -6.8813798, 0.0 ], [ 107.4927679, -6.8811483, 0.0 ], [ 107.4930405, -6.8811148, 0.0 ], [ 107.4933312, -6.8809851, 0.0 ], [ 107.4937628, -6.8810627, 0.0 ], [ 107.4939521, -6.8810967, 0.0 ], [ 107.49431, -6.88092, 0.0 ], [ 107.49476, -6.88088, 0.0 ], [ 107.49498, -6.8807227, 0.0 ], [ 107.495247, -6.8807671, 0.0 ], [ 107.4956361, -6.8808214, 0.0 ], [ 107.4959336, -6.8807866, 0.0 ], [ 107.4959871, -6.8806793, 0.0 ], [ 107.4960237, -6.8803285, 0.0 ], [ 107.49615, -6.88028, 0.0 ], [ 107.4962973, -6.880327, 0.0 ], [ 107.496399, -6.8803594, 0.0 ], [ 107.496544, -6.8802349, 0.0 ], [ 107.4967805, -6.8802383, 0.0 ], [ 107.4968074, -6.8801163, 0.0 ], [ 107.4969536, -6.8798937, 0.0 ], [ 107.4975542, -6.879658, 0.0 ], [ 107.4979724, -6.8794299, 0.0 ], [ 107.4981244, -6.8794603, 0.0 ], [ 107.4983981, -6.8793387, 0.0 ], [ 107.4986642, -6.8790498, 0.0 ], [ 107.4986718, -6.8788369, 0.0 ], [ 107.4988543, -6.8788217, 0.0 ], [ 107.4989119, -6.878396, 0.0 ], [ 107.49901, -6.87782, 0.0 ], [ 107.49905, -6.87726, 0.0 ], [ 107.4990582, -6.8769473, 0.0 ], [ 107.49906, -6.87688, 0.0 ], [ 107.49903, -6.87619, 0.0 ], [ 107.49908, -6.8756, 0.0 ], [ 107.4992314, -6.8754037, 0.0 ], [ 107.4992395, -6.8753964, 0.0 ], [ 107.4995727, -6.8750984, 0.0 ], [ 107.4996941, -6.8750725, 0.0 ], [ 107.4998376, -6.8751044, 0.0 ], [ 107.5000767, -6.8749343, 0.0 ], [ 107.5001299, -6.8748334, 0.0 ], [ 107.500268, -6.8747165, 0.0 ], [ 107.5004168, -6.8745252, 0.0 ], [ 107.5005178, -6.8744667, 0.0 ], [ 107.5007091, -6.8744402, 0.0 ], [ 107.5008313, -6.8743604, 0.0 ], [ 107.5008951, -6.874201, 0.0 ], [ 107.5013148, -6.8739035, 0.0 ], [ 107.5017529, -6.8736656, 0.0 ], [ 107.5019312, -6.8735687, 0.0 ], [ 107.5021651, -6.8733721, 0.0 ], [ 107.502266, -6.8732127, 0.0 ], [ 107.5024733, -6.8731595, 0.0 ], [ 107.5025955, -6.8730001, 0.0 ], [ 107.5026711, -6.8729825, 0.0 ], [ 107.503036, -6.8730738, 0.0 ], [ 107.5032869, -6.8731194, 0.0 ], [ 107.5035226, -6.8731878, 0.0 ], [ 107.5037203, -6.8732334, 0.0 ], [ 107.5038296, -6.8732662, 0.0 ], [ 107.5038723, -6.873279, 0.0 ], [ 107.5040548, -6.8733094, 0.0 ], [ 107.504163, -6.873303, 0.0 ], [ 107.5042587, -6.8732339, 0.0 ], [ 107.5043596, -6.8731542, 0.0 ], [ 107.5044882, -6.8731954, 0.0 ], [ 107.5046707, -6.8731802, 0.0 ], [ 107.5048227, -6.8731422, 0.0 ], [ 107.5050324, -6.8731867, 0.0 ], [ 107.5052465, -6.8731867, 0.0 ], [ 107.5053821, -6.8731867, 0.0 ], [ 107.5055178, -6.8731438, 0.0 ], [ 107.5056463, -6.8730653, 0.0 ], [ 107.5057462, -6.8729868, 0.0 ], [ 107.5058533, -6.8729368, 0.0 ], [ 107.5059461, -6.8729297, 0.0 ], [ 107.5060888, -6.8729154, 0.0 ], [ 107.5063173, -6.8728797, 0.0 ] ] ] ] } },
{ "type": "Feature", "properties": { "kd_propinsi": "32", "kd_dati2": "17", "kd_kecamatan": "007", "nama_kecamatan": "Cipatat", "id_kecamatan": 7 }, "geometry": { "type": "MultiPolygon", "coordinates": [ [ [ [ 107.3918201, -6.870546, 0.0 ], [ 107.39189, -6.87024, 0.0 ], [ 107.39207, -6.86986, 0.0 ], [ 107.3925781, -6.8692623, 0.0 ], [ 107.39258, -6.86926, 0.0 ], [ 107.39333, -6.86856, 0.0 ], [ 107.39406, -6.86791, 0.0 ], [ 107.39468, -6.86729, 0.0 ], [ 107.39545, -6.8665, 0.0 ], [ 107.3959, -6.86594, 0.0 ], [ 107.39631, -6.86547, 0.0 ], [ 107.39665, -6.86516, 0.0 ], [ 107.39738, -6.8646699, 0.0 ], [ 107.39788, -6.86434, 0.0 ], [ 107.39868, -6.86396, 0.0 ], [ 107.39926, -6.8638, 0.0 ], [ 107.40003, -6.86358, 0.0 ], [ 107.40099, -6.86337, 0.0 ], [ 107.40172, -6.86322, 0.0 ], [ 107.40216, -6.86323, 0.0 ], [ 107.40262, -6.86334, 0.0 ], [ 107.40328, -6.86367, 0.0 ], [ 107.40417, -6.86407, 0.0 ], [ 107.4049, -6.86446, 0.0 ], [ 107.40556, -6.86487, 0.0 ], [ 107.40636, -6.86538, 0.0 ], [ 107.4070054, -6.8655874, 0.0 ], [ 107.4071507, -6.8655831, 0.0 ], [ 107.4072257, -6.8656408, 0.0 ], [ 107.4075172, -6.8656679, 0.0 ], [ 107.4077748, -6.865695, 0.0 ], [ 107.4079714, -6.8659255, 0.0 ], [ 107.4080183, -6.8659206, 0.0 ], [ 107.4084934, -6.8658712, 0.0 ], [ 107.4086289, -6.8658441, 0.0 ], [ 107.4087025, -6.8657886, 0.0 ], [ 107.4088866, -6.8658035, 0.0 ], [ 107.4089884, -6.8656955, 0.0 ], [ 107.4092865, -6.8656543, 0.0 ], [ 107.4094696, -6.865573, 0.0 ], [ 107.4097475, -6.8655255, 0.0 ], [ 107.4100187, -6.8654306, 0.0 ], [ 107.4105475, -6.8651459, 0.0 ], [ 107.4108796, -6.8649357, 0.0 ], [ 107.41153, -6.86474, 0.0 ], [ 107.4118218, -6.8646495, 0.0 ], [ 107.4120796, -6.8645696, 0.0 ], [ 107.4123846, -6.8644544, 0.0 ], [ 107.4127304, -6.8644069, 0.0 ], [ 107.4131913, -6.8644341, 0.0 ], [ 107.4132591, -6.8643053, 0.0 ], [ 107.4137269, -6.8642985, 0.0 ], [ 107.4141201, -6.8642646, 0.0 ], [ 107.4144251, -6.8645425, 0.0 ], [ 107.4147302, -6.8646849, 0.0 ], [ 107.4148251, -6.8646713, 0.0 ], [ 107.4152658, -6.8642985, 0.0 ], [ 107.4153607, -6.8641764, 0.0 ], [ 107.4156386, -6.8641358, 0.0 ], [ 107.4158149, -6.864129, 0.0 ], [ 107.4158817, -6.8641747, 0.0 ], [ 107.4159708, -6.8641493, 0.0 ], [ 107.4166691, -6.8644137, 0.0 ], [ 107.4168657, -6.8644069, 0.0 ], [ 107.4169459, -6.8644139, 0.0 ], [ 107.4171492, -6.8644314, 0.0 ], [ 107.4172588, -6.8644408, 0.0 ], [ 107.4174012, -6.8645154, 0.0 ], [ 107.4174622, -6.8643053, 0.0 ], [ 107.4176385, -6.8641629, 0.0 ], [ 107.4178622, -6.8641154, 0.0 ], [ 107.4180181, -6.8640748, 0.0 ], [ 107.4181401, -6.8640273, 0.0 ], [ 107.4183367, -6.8641358, 0.0 ], [ 107.4189875, -6.8643256, 0.0 ], [ 107.419374, -6.8643595, 0.0 ], [ 107.4195434, -6.8642985, 0.0 ], [ 107.4198688, -6.8644205, 0.0 ], [ 107.4203163, -6.8645561, 0.0 ], [ 107.4205264, -6.8646374, 0.0 ], [ 107.4205895, -6.8646122, 0.0 ], [ 107.4208925, -6.8647527, 0.0 ], [ 107.4210687, -6.8647527, 0.0 ], [ 107.4213399, -6.8646917, 0.0 ], [ 107.4215365, -6.8646849, 0.0 ], [ 107.4216644, -6.8645694, 0.0 ], [ 107.4217467, -6.8644069, 0.0 ], [ 107.4218212, -6.8643459, 0.0 ], [ 107.42214, -6.86414, 0.0 ], [ 107.4223975, -6.8640341, 0.0 ], [ 107.42275, -6.8640002, 0.0 ], [ 107.4230618, -6.8640273, 0.0 ], [ 107.4232245, -6.8640883, 0.0 ], [ 107.4234347, -6.864007, 0.0 ], [ 107.4236584, -6.8639934, 0.0 ], [ 107.4238075, -6.8639324, 0.0 ], [ 107.4239974, -6.864007, 0.0 ], [ 107.4242889, -6.8640002, 0.0 ], [ 107.4245112, -6.863884, 0.0 ], [ 107.4245871, -6.8638443, 0.0 ], [ 107.4248312, -6.8637968, 0.0 ], [ 107.4252583, -6.8635867, 0.0 ], [ 107.4254549, -6.8635256, 0.0 ], [ 107.4255145, -6.8635306, 0.0 ], [ 107.4256989, -6.863546, 0.0 ], [ 107.4257803, -6.8635256, 0.0 ], [ 107.4260921, -6.8636545, 0.0 ], [ 107.4262074, -6.863668, 0.0 ], [ 107.42653, -6.86386, 0.0 ], [ 107.42669, -6.86384, 0.0 ], [ 107.42696, -6.86369, 0.0 ], [ 107.42737, -6.86342, 0.0 ], [ 107.42756, -6.86327, 0.0 ], [ 107.42786, -6.86323, 0.0 ], [ 107.4283699, -6.8631528, 0.0 ], [ 107.4285326, -6.8632206, 0.0 ], [ 107.4286953, -6.8632274, 0.0 ], [ 107.4287423, -6.8632059, 0.0 ], [ 107.4288309, -6.8632545, 0.0 ], [ 107.4290885, -6.8632613, 0.0 ], [ 107.42938, -6.8632206, 0.0 ], [ 107.4297529, -6.8631935, 0.0 ], [ 107.4299563, -6.8631189, 0.0 ], [ 107.4300851, -6.8631257, 0.0 ], [ 107.4303562, -6.8632884, 0.0 ], [ 107.4307765, -6.8635663, 0.0 ], [ 107.4308511, -6.8635256, 0.0 ], [ 107.4307969, -6.8633426, 0.0 ], [ 107.4316782, -6.8627596, 0.0 ], [ 107.4326612, -6.8622986, 0.0 ], [ 107.433373, -6.86198, 0.0 ], [ 107.4335967, -6.8616546, 0.0 ], [ 107.4337851, -6.8614713, 0.0 ], [ 107.4340271, -6.861328, 0.0 ], [ 107.43469, -6.8614, 0.0 ], [ 107.43558, -6.86139, 0.0 ], [ 107.43685, -6.86141, 0.0 ], [ 107.43763, -6.86141, 0.0 ], [ 107.43855, -6.86139, 0.0 ], [ 107.43913, -6.86143, 0.0 ], [ 107.43967, -6.86155, 0.0 ], [ 107.44024, -6.86171, 0.0 ], [ 107.44101, -6.86199, 0.0 ], [ 107.44203, -6.86229, 0.0 ], [ 107.4421816, -6.8623197, 0.0 ], [ 107.4423173, -6.8623462, 0.0 ], [ 107.4426249, -6.8624064, 0.0 ], [ 107.44295, -6.86247, 0.0 ], [ 107.4433578, -6.8625462, 0.0 ], [ 107.44386, -6.86264, 0.0 ], [ 107.44461, -6.86268, 0.0 ], [ 107.44529, -6.86269, 0.0 ], [ 107.4453339, -6.8626701, 0.0 ], [ 107.44571, -6.8625, 0.0 ], [ 107.44617, -6.86205, 0.0 ], [ 107.446391, -6.8619185, 0.0 ], [ 107.4463989, -6.8618508, 0.0 ], [ 107.4463711, -6.8618548, 0.0 ], [ 107.446391, -6.8617154, 0.0 ], [ 107.4464467, -6.8616516, 0.0 ], [ 107.4465423, -6.8616158, 0.0 ], [ 107.4466459, -6.8616835, 0.0 ], [ 107.4467455, -6.8617233, 0.0 ], [ 107.446853, -6.8618309, 0.0 ], [ 107.4470123, -6.8618906, 0.0 ], [ 107.4472354, -6.8619304, 0.0 ], [ 107.4472394, -6.8619981, 0.0 ], [ 107.4472437, -6.8621136, 0.0 ], [ 107.4472553, -6.8622053, 0.0 ], [ 107.4473827, -6.8622092, 0.0 ], [ 107.4474839, -6.8621213, 0.0 ], [ 107.4475692, -6.8619896, 0.0 ], [ 107.4476177, -6.8619743, 0.0 ], [ 107.4476974, -6.8619981, 0.0 ], [ 107.4477629, -6.8620826, 0.0 ], [ 107.4478172, -6.86216, 0.0 ], [ 107.4478966, -6.8622849, 0.0 ], [ 107.4480638, -6.862261, 0.0 ], [ 107.4483068, -6.8622411, 0.0 ], [ 107.4483904, -6.8624761, 0.0 ], [ 107.4486573, -6.8624403, 0.0 ], [ 107.4487768, -6.862512, 0.0 ], [ 107.4490994, -6.8625199, 0.0 ], [ 107.4493185, -6.862508, 0.0 ], [ 107.4493981, -6.8624801, 0.0 ], [ 107.4494499, -6.8624243, 0.0 ], [ 107.4495256, -6.8623048, 0.0 ], [ 107.4495853, -6.8622809, 0.0 ], [ 107.4497248, -6.8622809, 0.0 ], [ 107.4497686, -6.8622929, 0.0 ], [ 107.4498403, -6.8623248, 0.0 ], [ 107.4499358, -6.8623248, 0.0 ], [ 107.4500115, -6.8622929, 0.0 ], [ 107.4501111, -6.8621455, 0.0 ], [ 107.450127, -6.8620021, 0.0 ], [ 107.4501509, -6.8619304, 0.0 ], [ 107.4502306, -6.8618348, 0.0 ], [ 107.4503501, -6.8617592, 0.0 ], [ 107.4503975, -6.8617549, 0.0 ], [ 107.4504377, -6.8617512, 0.0 ], [ 107.450597, -6.8617592, 0.0 ], [ 107.4506329, -6.8617193, 0.0 ], [ 107.4506488, -6.8615361, 0.0 ], [ 107.4509003, -6.8613734, 0.0 ], [ 107.4509151, -6.8613379, 0.0 ], [ 107.4509385, -6.8612815, 0.0 ], [ 107.451339, -6.8610321, 0.0 ], [ 107.4514215, -6.8610064, 0.0 ], [ 107.4515928, -6.8608988, 0.0 ], [ 107.4517884, -6.8606078, 0.0 ], [ 107.4518357, -6.8605244, 0.0 ], [ 107.452007, -6.8604288, 0.0 ], [ 107.4523039, -6.8600233, 0.0 ], [ 107.452268, -6.8600321, 0.0 ], [ 107.4520548, -6.8600783, 0.0 ], [ 107.4518716, -6.86015, 0.0 ], [ 107.4517362, -6.8601779, 0.0 ], [ 107.4516406, -6.8602217, 0.0 ], [ 107.4515529, -6.8603293, 0.0 ], [ 107.4514972, -6.8602735, 0.0 ], [ 107.451401, -6.8602463, 0.0 ], [ 107.4513179, -6.8602616, 0.0 ], [ 107.4511974, -6.8601678, 0.0 ], [ 107.4511746, -6.86015, 0.0 ], [ 107.4509196, -6.8601421, 0.0 ], [ 107.450836, -6.8602536, 0.0 ], [ 107.4504736, -6.8603333, 0.0 ], [ 107.45024, -6.86039, 0.0 ], [ 107.450123, -6.8602815, 0.0 ], [ 107.4500474, -6.8601819, 0.0 ], [ 107.4498881, -6.86017, 0.0 ], [ 107.4498164, -6.8602058, 0.0 ], [ 107.4496149, -6.8601787, 0.0 ], [ 107.4495614, -6.8602177, 0.0 ], [ 107.4492707, -6.8602496, 0.0 ], [ 107.4489959, -6.8600505, 0.0 ], [ 107.4489321, -6.8599509, 0.0 ], [ 107.4487887, -6.8598712, 0.0 ], [ 107.448737, -6.8597796, 0.0 ], [ 107.4487409, -6.8597199, 0.0 ], [ 107.4487768, -6.8596761, 0.0 ], [ 107.4487967, -6.8595207, 0.0 ], [ 107.4487768, -6.8594012, 0.0 ], [ 107.448729, -6.8592459, 0.0 ], [ 107.4486533, -6.8591184, 0.0 ], [ 107.4486414, -6.8589233, 0.0 ], [ 107.44867, -6.8588705, 0.0 ], [ 107.4487078, -6.858801, 0.0 ], [ 107.4486932, -6.8587361, 0.0 ], [ 107.4488445, -6.8587281, 0.0 ], [ 107.4489202, -6.8587321, 0.0 ], [ 107.448952, -6.8587201, 0.0 ], [ 107.4489441, -6.8586803, 0.0 ], [ 107.4488923, -6.8585409, 0.0 ], [ 107.4488087, -6.858278, 0.0 ], [ 107.4487569, -6.858059, 0.0 ], [ 107.4486135, -6.8576288, 0.0 ], [ 107.4485338, -6.8575292, 0.0 ], [ 107.4483347, -6.857338, 0.0 ], [ 107.4482829, -6.8572464, 0.0 ], [ 107.4482232, -6.8570831, 0.0 ], [ 107.4482311, -6.8569557, 0.0 ], [ 107.448259, -6.8566609, 0.0 ], [ 107.4483944, -6.8565614, 0.0 ], [ 107.4484653, -6.8565265, 0.0 ], [ 107.448506, -6.8564618, 0.0 ], [ 107.448498, -6.8563821, 0.0 ], [ 107.4484701, -6.8563224, 0.0 ], [ 107.4483789, -6.8562345, 0.0 ], [ 107.4483426, -6.856183, 0.0 ], [ 107.448263, -6.8558046, 0.0 ], [ 107.4482311, -6.8555178, 0.0 ], [ 107.4483108, -6.8554501, 0.0 ], [ 107.4483307, -6.8553505, 0.0 ], [ 107.448301, -6.8553036, 0.0 ], [ 107.4482949, -6.8552629, 0.0 ], [ 107.4482909, -6.8551633, 0.0 ], [ 107.4482192, -6.8550598, 0.0 ], [ 107.4482152, -6.8549004, 0.0 ], [ 107.4481116, -6.8547571, 0.0 ], [ 107.4480758, -6.8546734, 0.0 ], [ 107.4480758, -6.8544783, 0.0 ], [ 107.448024, -6.8544384, 0.0 ], [ 107.4479045, -6.8544583, 0.0 ], [ 107.4478288, -6.8543866, 0.0 ], [ 107.447793, -6.8542751, 0.0 ], [ 107.44769, -6.85412, 0.0 ], [ 107.44766, -6.85396, 0.0 ], [ 107.4476496, -6.8536737, 0.0 ], [ 107.4476695, -6.8534984, 0.0 ], [ 107.4475779, -6.8533829, 0.0 ], [ 107.4474266, -6.8532913, 0.0 ], [ 107.4473827, -6.8532117, 0.0 ], [ 107.4472633, -6.853124, 0.0 ], [ 107.4472131, -6.8530659, 0.0 ], [ 107.4471637, -6.8530085, 0.0 ], [ 107.44715, -6.85289, 0.0 ], [ 107.44695, -6.85263, 0.0 ], [ 107.44663, -6.85246, 0.0 ], [ 107.4462197, -6.8522119, 0.0 ], [ 107.446144, -6.8522677, 0.0 ], [ 107.4460601, -6.8522968, 0.0 ], [ 107.4459807, -6.8522796, 0.0 ], [ 107.445925, -6.8521801, 0.0 ], [ 107.4459011, -6.8518933, 0.0 ], [ 107.4458055, -6.8518694, 0.0 ], [ 107.4458254, -6.851726, 0.0 ], [ 107.4458015, -6.8516424, 0.0 ], [ 107.4457935, -6.8515627, 0.0 ], [ 107.4457298, -6.8515229, 0.0 ], [ 107.44564, -6.85148, 0.0 ], [ 107.445455, -6.8514273, 0.0 ], [ 107.4453673, -6.8513635, 0.0 ], [ 107.4452996, -6.8513715, 0.0 ], [ 107.4452558, -6.8513436, 0.0 ], [ 107.4452479, -6.8512958, 0.0 ], [ 107.4452113, -6.8512332, 0.0 ], [ 107.4451124, -6.8511684, 0.0 ], [ 107.4449927, -6.8511261, 0.0 ], [ 107.4449133, -6.8510808, 0.0 ], [ 107.4447761, -6.8510838, 0.0 ], [ 107.4447, -6.85105, 0.0 ], [ 107.4445628, -6.8510011, 0.0 ], [ 107.4443796, -6.8508856, 0.0 ], [ 107.44423, -6.85073, 0.0 ], [ 107.4441326, -6.8505032, 0.0 ], [ 107.444037, -6.8503519, 0.0 ], [ 107.4438379, -6.8500611, 0.0 ], [ 107.44371, -6.85, 0.0 ], [ 107.4432306, -6.8498743, 0.0 ], [ 107.44207, -6.84957, 0.0 ], [ 107.44126, -6.84928, 0.0 ], [ 107.4407645, -6.8489741, 0.0 ], [ 107.4406029, -6.8488743, 0.0 ], [ 107.44011, -6.84857, 0.0 ], [ 107.43965, -6.84807, 0.0 ], [ 107.43941, -6.84769, 0.0 ], [ 107.43934, -6.84724, 0.0 ], [ 107.4392903, -6.84663, 0.0 ], [ 107.43935, -6.84616, 0.0 ], [ 107.4375717, -6.8458835, 0.0 ], [ 107.4357747, -6.8463338, 0.0 ], [ 107.435507, -6.8388348, 0.0 ], [ 107.4382022, -6.8381133, 0.0 ], [ 107.43974, -6.83719, 0.0 ], [ 107.43975, -6.83702, 0.0 ], [ 107.43985, -6.83688, 0.0 ], [ 107.44002, -6.83674, 0.0 ], [ 107.44072, -6.83653, 0.0 ], [ 107.44131, -6.83653, 0.0 ], [ 107.4418017, -6.8365671, 0.0 ], [ 107.44184, -6.83657, 0.0 ], [ 107.44191, -6.83658, 0.0 ], [ 107.44249, -6.83664, 0.0 ], [ 107.4428075, -6.836617, 0.0 ], [ 107.44318, -6.83659, 0.0 ], [ 107.4437039, -6.8364542, 0.0 ], [ 107.4437463, -6.8364432, 0.0 ], [ 107.4438897, -6.8364273, 0.0 ], [ 107.4440808, -6.8364671, 0.0 ], [ 107.4443756, -6.8364472, 0.0 ], [ 107.4445269, -6.8363596, 0.0 ], [ 107.4446225, -6.8363118, 0.0 ], [ 107.4446823, -6.8363795, 0.0 ], [ 107.44475, -6.8363994, 0.0 ], [ 107.4448257, -6.8363994, 0.0 ], [ 107.4448854, -6.8363397, 0.0 ], [ 107.444977, -6.836041, 0.0 ], [ 107.444973, -6.8358976, 0.0 ], [ 107.4450049, -6.835798, 0.0 ], [ 107.4451324, -6.8355909, 0.0 ], [ 107.4452518, -6.8354156, 0.0 ], [ 107.4452638, -6.8352882, 0.0 ], [ 107.4453272, -6.8351499, 0.0 ], [ 107.445445, -6.8351356, 0.0 ], [ 107.4455057, -6.8351963, 0.0 ], [ 107.4457234, -6.8354211, 0.0 ], [ 107.4458697, -6.8354961, 0.0 ], [ 107.4459804, -6.8354961, 0.0 ], [ 107.4460625, -6.8354497, 0.0 ], [ 107.4462552, -6.8352534, 0.0 ], [ 107.4465029, -6.8351346, 0.0 ], [ 107.4466871, -6.8350178, 0.0 ], [ 107.4468406, -6.83495, 0.0 ], [ 107.4469726, -6.8349, 0.0 ], [ 107.4471154, -6.834875, 0.0 ], [ 107.4473224, -6.8348286, 0.0 ], [ 107.4474652, -6.8347858, 0.0 ], [ 107.4477257, -6.8346002, 0.0 ], [ 107.4478256, -6.8345253, 0.0 ], [ 107.447947, -6.8344503, 0.0 ], [ 107.4482015, -6.8344307, 0.0 ], [ 107.4482909, -6.8344239, 0.0 ], [ 107.4485038, -6.8341255, 0.0 ], [ 107.4487001, -6.8340969, 0.0 ], [ 107.4488429, -6.8339792, 0.0 ], [ 107.4490249, -6.833947, 0.0 ], [ 107.4491962, -6.8339006, 0.0 ], [ 107.4492854, -6.8338507, 0.0 ], [ 107.4493576, -6.8338049, 0.0 ], [ 107.449471, -6.8337329, 0.0 ], [ 107.4497816, -6.8336579, 0.0 ], [ 107.4498427, -6.8336546, 0.0 ], [ 107.4499779, -6.8336472, 0.0 ], [ 107.4500872, -6.8335954, 0.0 ], [ 107.4501987, -6.833456, 0.0 ], [ 107.4502473, -6.8333981, 0.0 ], [ 107.4502479, -6.8333974, 0.0 ], [ 107.4502824, -6.8333564, 0.0 ], [ 107.4504616, -6.8331772, 0.0 ], [ 107.4504705, -6.8331687, 0.0 ], [ 107.4506346, -6.8330119, 0.0 ], [ 107.4507203, -6.8329941, 0.0 ], [ 107.4508666, -6.8330119, 0.0 ], [ 107.4509953, -6.8330338, 0.0 ], [ 107.4512224, -6.832982, 0.0 ], [ 107.4513948, -6.8328906, 0.0 ], [ 107.4514211, -6.8328795, 0.0 ], [ 107.4515804, -6.832812, 0.0 ], [ 107.4516244, -6.8328064, 0.0 ], [ 107.4517767, -6.8327871, 0.0 ], [ 107.4518446, -6.8327299, 0.0 ], [ 107.4520802, -6.8321935, 0.0 ], [ 107.4520571, -6.831928, 0.0 ], [ 107.4520078, -6.8316461, 0.0 ], [ 107.4520541, -6.8313398, 0.0 ], [ 107.4522059, -6.8310712, 0.0 ], [ 107.4524157, -6.8309314, 0.0 ], [ 107.4525724, -6.8309984, 0.0 ], [ 107.452661, -6.8307832, 0.0 ], [ 107.45285, -6.83045, 0.0 ], [ 107.45307, -6.82986, 0.0 ], [ 107.4530863, -6.8297647, 0.0 ], [ 107.45314, -6.82945, 0.0 ], [ 107.45312, -6.82918, 0.0 ], [ 107.45303, -6.82878, 0.0 ], [ 107.45283, -6.82829, 0.0 ], [ 107.45235, -6.82761, 0.0 ], [ 107.45186, -6.82687, 0.0 ], [ 107.45136, -6.82606, 0.0 ], [ 107.45102, -6.82538, 0.0 ], [ 107.45075, -6.82464, 0.0 ], [ 107.4506803, -6.8243869, 0.0 ], [ 107.4506398, -6.82424, 0.0 ], [ 107.45073, -6.82363, 0.0 ], [ 107.45108, -6.82282, 0.0 ], [ 107.4512684, -6.8225413, 0.0 ], [ 107.45156, -6.82211, 0.0 ], [ 107.45217, -6.82136, 0.0 ], [ 107.45256, -6.82093, 0.0 ], [ 107.45299, -6.8201, 0.0 ], [ 107.45302, -6.81993, 0.0 ], [ 107.45311, -6.81985, 0.0 ], [ 107.45331, -6.8198, 0.0 ], [ 107.45356, -6.81981, 0.0 ], [ 107.45365, -6.81972, 0.0 ], [ 107.45372, -6.81951, 0.0 ], [ 107.45387, -6.81917, 0.0 ], [ 107.45403, -6.81895, 0.0 ], [ 107.45408, -6.81871, 0.0 ], [ 107.45408, -6.81845, 0.0 ], [ 107.45407, -6.81813, 0.0 ], [ 107.4540555, -6.8179853, 0.0 ], [ 107.45405, -6.81793, 0.0 ], [ 107.4539, -6.81741, 0.0 ], [ 107.4538, -6.81707, 0.0 ], [ 107.45372, -6.81669, 0.0 ], [ 107.4536, -6.81612, 0.0 ], [ 107.45332, -6.81505, 0.0 ], [ 107.45304, -6.81418, 0.0 ], [ 107.45266, -6.81309, 0.0 ], [ 107.45235, -6.81226, 0.0 ], [ 107.45199, -6.81111, 0.0 ], [ 107.45152, -6.80987, 0.0 ], [ 107.45117, -6.80924, 0.0 ], [ 107.4506, -6.80851, 0.0 ], [ 107.4494, -6.80728, 0.0 ], [ 107.4492343, -6.8069937, 0.0 ], [ 107.44918, -6.8069, 0.0 ], [ 107.4489915, -6.8065951, 0.0 ], [ 107.4488684, -6.8063959, 0.0 ], [ 107.4488546, -6.8063735, 0.0 ], [ 107.44884, -6.80635, 0.0 ], [ 107.44858, -6.80599, 0.0 ], [ 107.448188, -6.805558, 0.0 ], [ 107.44809, -6.80545, 0.0 ], [ 107.44775, -6.80513, 0.0 ], [ 107.44746, -6.80515, 0.0 ], [ 107.4469206, -6.8051538, 0.0 ], [ 107.4463495, -6.8045257, 0.0 ], [ 107.4459212, -6.8040545, 0.0 ], [ 107.445807, -6.803512, 0.0 ], [ 107.4457784, -6.8027696, 0.0 ], [ 107.445807, -6.8025269, 0.0 ], [ 107.445807, -6.8013705, 0.0 ], [ 107.4459212, -6.801085, 0.0 ], [ 107.4460782, -6.800828, 0.0 ], [ 107.4459069, -6.8005282, 0.0 ], [ 107.4457499, -6.8001284, 0.0 ], [ 107.4457641, -6.7998286, 0.0 ], [ 107.4458355, -6.7996573, 0.0 ], [ 107.4460174, -6.7992534, 0.0 ], [ 107.44615, -6.79923, 0.0 ], [ 107.44635, -6.79922, 0.0 ], [ 107.44642, -6.79914, 0.0 ], [ 107.44644, -6.79901, 0.0 ], [ 107.44654, -6.79838, 0.0 ], [ 107.44662, -6.79825, 0.0 ], [ 107.4467938, -6.7980502, 0.0 ], [ 107.4474292, -6.7982938, 0.0 ], [ 107.4479717, -6.798094, 0.0 ], [ 107.4480716, -6.7979084, 0.0 ], [ 107.4482287, -6.79758, 0.0 ], [ 107.44808, -6.79709, 0.0 ], [ 107.4486138, -6.7966475, 0.0 ], [ 107.44872, -6.79651, 0.0 ], [ 107.44877, -6.79618, 0.0 ], [ 107.44866, -6.79587, 0.0 ], [ 107.44856, -6.79561, 0.0 ], [ 107.44839, -6.79517, 0.0 ], [ 107.4482, -6.79476, 0.0 ], [ 107.44798, -6.79438, 0.0 ], [ 107.44782, -6.79416, 0.0 ], [ 107.44758, -6.7939, 0.0 ], [ 107.44741, -6.79375, 0.0 ], [ 107.44737, -6.79365, 0.0 ], [ 107.44746, -6.79273, 0.0 ], [ 107.44759, -6.79212, 0.0 ], [ 107.44775, -6.7917, 0.0 ], [ 107.44794, -6.79133, 0.0 ], [ 107.4481, -6.79106, 0.0 ], [ 107.4482, -6.79087, 0.0 ], [ 107.4483799, -6.7906473, 0.0 ], [ 107.44854, -6.79047, 0.0 ], [ 107.44868, -6.79041, 0.0 ], [ 107.44898, -6.79035, 0.0 ], [ 107.44935, -6.79031, 0.0 ], [ 107.44974, -6.79024, 0.0 ], [ 107.44989, -6.79012, 0.0 ], [ 107.45, -6.78986, 0.0 ], [ 107.45003, -6.78925, 0.0 ], [ 107.45006, -6.78913, 0.0 ], [ 107.45024, -6.78857, 0.0 ], [ 107.45039, -6.7881, 0.0 ], [ 107.45043, -6.78779, 0.0 ], [ 107.45048, -6.78744, 0.0 ], [ 107.45059, -6.78709, 0.0 ], [ 107.4507, -6.78693, 0.0 ], [ 107.45087, -6.78678, 0.0 ], [ 107.45145, -6.78634, 0.0 ], [ 107.45202, -6.78562, 0.0 ], [ 107.4521202, -6.78525, 0.0 ], [ 107.45212, -6.78512, 0.0 ], [ 107.45209, -6.78483, 0.0 ], [ 107.45201, -6.78449, 0.0 ], [ 107.4519333, -6.7843506, 0.0 ], [ 107.4518691, -6.784275, 0.0 ], [ 107.4512131, -6.7832987, 0.0 ], [ 107.4511808, -6.7821155, 0.0 ], [ 107.4507039, -6.7814605, 0.0 ], [ 107.4501888, -6.7810292, 0.0 ], [ 107.4493141, -6.7797319, 0.0 ], [ 107.4484314, -6.7794602, 0.0 ], [ 107.4477317, -6.779452, 0.0 ], [ 107.447705, -6.7794736, 0.0 ], [ 107.4472318, -6.7798564, 0.0 ], [ 107.4470354, -6.7799148, 0.0 ], [ 107.4469972, -6.7799261, 0.0 ], [ 107.4466674, -6.7799787, 0.0 ], [ 107.4464618, -6.7799569, 0.0 ], [ 107.4462531, -6.7798765, 0.0 ], [ 107.4461267, -6.779793, 0.0 ], [ 107.4460801, -6.7797622, 0.0 ], [ 107.4453757, -6.7792746, 0.0 ], [ 107.4452625, -6.7792533, 0.0 ], [ 107.4450015, -6.7792867, 0.0 ], [ 107.4449247, -6.7792966, 0.0 ], [ 107.444751, -6.7793696, 0.0 ], [ 107.4445251, -6.7795319, 0.0 ], [ 107.4444099, -6.7796651, 0.0 ], [ 107.4443328, -6.7798507, 0.0 ], [ 107.4442425, -6.7800142, 0.0 ], [ 107.4441145, -6.7801022, 0.0 ], [ 107.4438776, -6.7802041, 0.0 ], [ 107.4438739, -6.7802057, 0.0 ], [ 107.4437672, -6.7801878, 0.0 ], [ 107.4435933, -6.7801024, 0.0 ], [ 107.4434434, -6.7800344, 0.0 ], [ 107.4433248, -6.7799807, 0.0 ], [ 107.4427856, -6.7798213, 0.0 ], [ 107.44278, -6.77982, 0.0 ], [ 107.4427593, -6.7798125, 0.0 ], [ 107.442682, -6.7797858, 0.0 ], [ 107.4426807, -6.7797839, 0.0 ], [ 107.4426555, -6.7797463, 0.0 ], [ 107.4424845, -6.7797722, 0.0 ], [ 107.4423588, -6.7798072, 0.0 ], [ 107.4423419, -6.7798119, 0.0 ], [ 107.4421069, -6.7799999, 0.0 ], [ 107.4420823, -6.7800195, 0.0 ], [ 107.4420429, -6.7799707, 0.0 ], [ 107.4419376, -6.779905, 0.0 ], [ 107.4417669, -6.7797692, 0.0 ], [ 107.4413906, -6.7795092, 0.0 ], [ 107.4412895, -6.7794505, 0.0 ], [ 107.4411034, -6.7793424, 0.0 ], [ 107.4408241, -6.7792376, 0.0 ], [ 107.4405447, -6.7791639, 0.0 ], [ 107.4401839, -6.7791173, 0.0 ], [ 107.4401612, -6.7791191, 0.0 ], [ 107.4400714, -6.779126, 0.0 ], [ 107.439532, -6.7791678, 0.0 ], [ 107.4390626, -6.7793268, 0.0 ], [ 107.4386125, -6.7794976, 0.0 ], [ 107.4384809, -6.7795435, 0.0 ], [ 107.438337, -6.7792829, 0.0 ], [ 107.4382042, -6.7790331, 0.0 ], [ 107.4380815, -6.778802, 0.0 ], [ 107.4380121, -6.7786694, 0.0 ], [ 107.4379527, -6.778556, 0.0 ], [ 107.4379454, -6.7784094, 0.0 ], [ 107.4380032, -6.7782709, 0.0 ], [ 107.438015, -6.7782428, 0.0 ], [ 107.4381372, -6.7781041, 0.0 ], [ 107.4384763, -6.777718, 0.0 ], [ 107.4383525, -6.777247, 0.0 ], [ 107.438215, -6.7773271, 0.0 ], [ 107.4380938, -6.7773756, 0.0 ], [ 107.4380028, -6.7773756, 0.0 ], [ 107.437918, -6.7773271, 0.0 ], [ 107.437827, -6.7772422, 0.0 ], [ 107.4378155, -6.7772112, 0.0 ], [ 107.4377482, -6.77703, 0.0 ], [ 107.4376746, -6.776856, 0.0 ], [ 107.4376464, -6.7767893, 0.0 ], [ 107.437495, -6.7766225, 0.0 ], [ 107.4370954, -6.7762888, 0.0 ], [ 107.4370256, -6.7759745, 0.0 ], [ 107.4367018, -6.7751397, 0.0 ], [ 107.4367413, -6.775008, 0.0 ], [ 107.4367772, -6.7749114, 0.0 ], [ 107.4367423, -6.7748222, 0.0 ], [ 107.4363427, -6.7742634, 0.0 ], [ 107.435973, -6.7737436, 0.0 ], [ 107.4359643, -6.7735592, 0.0 ], [ 107.4360345, -6.7731553, 0.0 ], [ 107.4360362, -6.7729869, 0.0 ], [ 107.435943, -6.7728007, 0.0 ], [ 107.4358383, -6.7723778, 0.0 ], [ 107.4358097, -6.7723015, 0.0 ], [ 107.4357685, -6.7721915, 0.0 ], [ 107.4355512, -6.7719665, 0.0 ], [ 107.4353029, -6.7716561, 0.0 ], [ 107.4350235, -6.7712797, 0.0 ], [ 107.4348179, -6.7711362, 0.0 ], [ 107.4346782, -6.7711284, 0.0 ], [ 107.4345773, -6.7712021, 0.0 ], [ 107.4343717, -6.7713302, 0.0 ], [ 107.4341272, -6.7714233, 0.0 ], [ 107.4338634, -6.7714233, 0.0 ], [ 107.4337237, -6.7713534, 0.0 ], [ 107.4334831, -6.7712215, 0.0 ], [ 107.4331262, -6.7710198, 0.0 ], [ 107.4329943, -6.7709848, 0.0 ], [ 107.4324782, -6.7710236, 0.0 ], [ 107.4321562, -6.7710275, 0.0 ], [ 107.4320204, -6.7709228, 0.0 ], [ 107.4319467, -6.7707947, 0.0 ], [ 107.4318768, -6.7706512, 0.0 ], [ 107.4317604, -6.770399, 0.0 ], [ 107.4316673, -6.7703796, 0.0 ], [ 107.4316013, -6.7703563, 0.0 ], [ 107.4315199, -6.7703175, 0.0 ], [ 107.4313724, -6.7702554, 0.0 ], [ 107.4312793, -6.7701895, 0.0 ], [ 107.4312444, -6.7700925, 0.0 ], [ 107.4312056, -6.7700187, 0.0 ], [ 107.4312483, -6.7699761, 0.0 ], [ 107.4311862, -6.7697239, 0.0 ], [ 107.43103, -6.76939, 0.0 ], [ 107.43109, -6.76926, 0.0 ], [ 107.43112, -6.76846, 0.0 ], [ 107.43107, -6.76782, 0.0 ], [ 107.4309517, -6.7677301, 0.0 ], [ 107.4306694, -6.7675155, 0.0 ], [ 107.4305754, -6.7676491, 0.0 ], [ 107.4303775, -6.7677134, 0.0 ], [ 107.4302093, -6.7677876, 0.0 ], [ 107.4300164, -6.7680053, 0.0 ], [ 107.4299471, -6.7681141, 0.0 ], [ 107.4299273, -6.768218, 0.0 ], [ 107.4298283, -6.7683516, 0.0 ], [ 107.4297541, -6.7684308, 0.0 ], [ 107.4296918, -6.7684739, 0.0 ], [ 107.4295612, -6.7685644, 0.0 ], [ 107.4295018, -6.7685891, 0.0 ], [ 107.4293583, -6.7686237, 0.0 ], [ 107.4291159, -6.7687375, 0.0 ], [ 107.4287943, -6.7689552, 0.0 ], [ 107.4281412, -6.769445, 0.0 ], [ 107.4279697, -6.7695493, 0.0 ], [ 107.4278533, -6.7695919, 0.0 ], [ 107.4276981, -6.7696385, 0.0 ], [ 107.4276166, -6.7696773, 0.0 ], [ 107.4265396, -6.7702239, 0.0 ], [ 107.42637, -6.77031, 0.0 ], [ 107.42571, -6.77073, 0.0 ], [ 107.42501, -6.77115, 0.0 ], [ 107.4244, -6.77159, 0.0 ], [ 107.42395, -6.77196, 0.0 ], [ 107.4235748, -6.7722564, 0.0 ], [ 107.42295, -6.77275, 0.0 ], [ 107.42211, -6.77341, 0.0 ], [ 107.42129, -6.77402, 0.0 ], [ 107.42035, -6.77471, 0.0 ], [ 107.4198691, -6.7750484, 0.0 ], [ 107.41954, -6.77528, 0.0 ], [ 107.41798, -6.77654, 0.0 ], [ 107.4175, -6.77688, 0.0 ], [ 107.41676, -6.77743, 0.0 ], [ 107.4160647, -6.7779843, 0.0 ], [ 107.41602, -6.77802, 0.0 ], [ 107.41524, -6.7785601, 0.0 ], [ 107.41511, -6.7794, 0.0 ], [ 107.41511, -6.77973, 0.0 ], [ 107.41516, -6.78038, 0.0 ], [ 107.4153, -6.78099, 0.0 ], [ 107.41538, -6.78154, 0.0 ], [ 107.41535, -6.78189, 0.0 ], [ 107.41499, -6.78294, 0.0 ], [ 107.41476, -6.78351, 0.0 ], [ 107.4146143, -6.7839066, 0.0 ], [ 107.41458, -6.784, 0.0 ], [ 107.41455, -6.78417, 0.0 ], [ 107.41422, -6.78518, 0.0 ], [ 107.4142051, -6.7852061, 0.0 ], [ 107.41389, -6.78576, 0.0 ], [ 107.41366, -6.78602, 0.0 ], [ 107.41324, -6.78629, 0.0 ], [ 107.4127, -6.78664, 0.0 ], [ 107.41246, -6.78668, 0.0 ], [ 107.41197, -6.7869, 0.0 ], [ 107.41152, -6.78704, 0.0 ], [ 107.41098, -6.78707, 0.0 ], [ 107.41063, -6.78706, 0.0 ], [ 107.41021, -6.78714, 0.0 ], [ 107.40999, -6.78729, 0.0 ], [ 107.40968, -6.78745, 0.0 ], [ 107.40915, -6.7877, 0.0 ], [ 107.4083313, -6.7879488, 0.0 ], [ 107.4078761, -6.7881022, 0.0 ], [ 107.4075397, -6.7881517, 0.0 ], [ 107.4074407, -6.7881071, 0.0 ], [ 107.4068817, -6.7881715, 0.0 ], [ 107.40658, -6.78819, 0.0 ], [ 107.40633, -6.78816, 0.0 ], [ 107.40612, -6.78806, 0.0 ], [ 107.40577, -6.78789, 0.0 ], [ 107.40559, -6.78788, 0.0 ], [ 107.40525, -6.78796, 0.0 ], [ 107.40503, -6.78809, 0.0 ], [ 107.40494, -6.78823, 0.0 ], [ 107.4048, -6.78836, 0.0 ], [ 107.40466, -6.78839, 0.0 ], [ 107.40439, -6.78836, 0.0 ], [ 107.40417, -6.78838, 0.0 ], [ 107.40403, -6.78845, 0.0 ], [ 107.40395, -6.78855, 0.0 ], [ 107.40394, -6.78867, 0.0 ], [ 107.40392, -6.78901, 0.0 ], [ 107.40384, -6.78913, 0.0 ], [ 107.40368, -6.78924, 0.0 ], [ 107.40341, -6.78937, 0.0 ], [ 107.40306, -6.78958, 0.0 ], [ 107.40281, -6.78979, 0.0 ], [ 107.40252, -6.7901, 0.0 ], [ 107.4023, -6.79039, 0.0 ], [ 107.40195, -6.79083, 0.0 ], [ 107.40171, -6.79094, 0.0 ], [ 107.40154, -6.79106, 0.0 ], [ 107.40145, -6.7912, 0.0 ], [ 107.40138, -6.79139, 0.0 ], [ 107.40126, -6.79156, 0.0 ], [ 107.40108, -6.79176, 0.0 ], [ 107.40093, -6.79188, 0.0 ], [ 107.40056, -6.79208, 0.0 ], [ 107.40015, -6.79226, 0.0 ], [ 107.39982, -6.79241, 0.0 ], [ 107.39886, -6.79248, 0.0 ], [ 107.39843, -6.79255, 0.0 ], [ 107.3977, -6.7927601, 0.0 ], [ 107.39647, -6.79359, 0.0 ], [ 107.3960147, -6.7938502, 0.0 ], [ 107.39584, -6.79395, 0.0 ], [ 107.3952, -6.79428, 0.0 ], [ 107.39426, -6.79474, 0.0 ], [ 107.39313, -6.79514, 0.0 ], [ 107.39235, -6.79535, 0.0 ], [ 107.39111, -6.79551, 0.0 ], [ 107.3908466, -6.7954784, 0.0 ], [ 107.39061, -6.79545, 0.0 ], [ 107.3904614, -6.795415, 0.0 ], [ 107.3904248, -6.79583, 0.0 ], [ 107.3904153, -6.7961916, 0.0 ], [ 107.3903772, -6.796401, 0.0 ], [ 107.3904248, -6.7966294, 0.0 ], [ 107.3879074, -6.7966257, 0.0 ], [ 107.3878074, -6.7965057, 0.0 ], [ 107.387598, -6.7963058, 0.0 ], [ 107.3872839, -6.7960584, 0.0 ], [ 107.3871412, -6.7959251, 0.0 ], [ 107.3868842, -6.795849, 0.0 ], [ 107.3866938, -6.7956491, 0.0 ], [ 107.3865415, -6.7955063, 0.0 ], [ 107.3862941, -6.7954302, 0.0 ], [ 107.3860942, -6.7953255, 0.0 ], [ 107.3859324, -6.7952208, 0.0 ], [ 107.3857325, -6.7950305, 0.0 ], [ 107.3855327, -6.7949543, 0.0 ], [ 107.38519, -6.7949733, 0.0 ], [ 107.3848664, -6.7949733, 0.0 ], [ 107.3844, -6.7949733, 0.0 ], [ 107.3837909, -6.7949543, 0.0 ], [ 107.3834007, -6.7949258, 0.0 ], [ 107.3829343, -6.7947735, 0.0 ], [ 107.3827249, -6.7946307, 0.0 ], [ 107.3823822, -6.794526, 0.0 ], [ 107.3815923, -6.7943737, 0.0 ], [ 107.3814114, -6.7942785, 0.0 ], [ 107.3813749, -6.7941054, 0.0 ], [ 107.3813913, -6.7939848, 0.0 ], [ 107.3814014, -6.7938279, 0.0 ], [ 107.3810807, -6.7935766, 0.0 ], [ 107.3808106, -6.7933252, 0.0 ], [ 107.3806901, -6.7932572, 0.0 ], [ 107.3805859, -6.7931259, 0.0 ], [ 107.3804512, -6.7928253, 0.0 ], [ 107.3804891, -6.7926812, 0.0 ], [ 107.3803549, -6.7925534, 0.0 ], [ 107.3800456, -6.7924345, 0.0 ], [ 107.3796173, -6.7923274, 0.0 ], [ 107.3793, -6.79233, 0.0 ], [ 107.37929, -6.79246, 0.0 ], [ 107.37961, -6.79304, 0.0 ], [ 107.37976, -6.79338, 0.0 ], [ 107.37993, -6.79399, 0.0 ], [ 107.38006, -6.7949, 0.0 ], [ 107.38006, -6.79517, 0.0 ], [ 107.38005, -6.79526, 0.0 ], [ 107.37986, -6.79634, 0.0 ], [ 107.37978, -6.79666, 0.0 ], [ 107.37943, -6.79724, 0.0 ], [ 107.37923, -6.79756, 0.0 ], [ 107.37908, -6.7978, 0.0 ], [ 107.37879, -6.79806, 0.0 ], [ 107.37826, -6.7984, 0.0 ], [ 107.37787, -6.79859, 0.0 ], [ 107.37748, -6.79878, 0.0 ], [ 107.37716, -6.79891, 0.0 ], [ 107.37693, -6.79905, 0.0 ], [ 107.37676, -6.79927, 0.0 ], [ 107.37664, -6.7995, 0.0 ], [ 107.3766, -6.79957, 0.0 ], [ 107.37645, -6.79975, 0.0 ], [ 107.37635, -6.79987, 0.0 ], [ 107.37593, -6.80003, 0.0 ], [ 107.375, -6.8, 0.0 ], [ 107.37368, -6.79993, 0.0 ], [ 107.3732, -6.79996, 0.0 ], [ 107.3726, -6.79969, 0.0 ], [ 107.37202, -6.79949, 0.0 ], [ 107.37146, -6.79928, 0.0 ], [ 107.37073, -6.79896, 0.0 ], [ 107.37003, -6.79866, 0.0 ], [ 107.36954, -6.79845, 0.0 ], [ 107.36884, -6.79803, 0.0 ], [ 107.36699, -6.7975, 0.0 ], [ 107.36578, -6.79723, 0.0 ], [ 107.365, -6.79681, 0.0 ], [ 107.3636, -6.79637, 0.0 ], [ 107.36286, -6.79634, 0.0 ], [ 107.36206, -6.79634, 0.0 ], [ 107.36206, -6.79634, 0.0 ], [ 107.36108, -6.79521, 0.0 ], [ 107.36053, -6.79477, 0.0 ], [ 107.36016, -6.79436, 0.0 ], [ 107.35964, -6.79403, 0.0 ], [ 107.35913, -6.79384, 0.0 ], [ 107.35842, -6.79375, 0.0 ], [ 107.3578, -6.79377, 0.0 ], [ 107.35684, -6.79376, 0.0 ], [ 107.35607, -6.7939, 0.0 ], [ 107.3555, -6.79396, 0.0 ], [ 107.35393, -6.79438, 0.0 ], [ 107.35252, -6.79496, 0.0 ], [ 107.35229, -6.79503, 0.0 ], [ 107.35143, -6.79514, 0.0 ], [ 107.34901, -6.79532, 0.0 ], [ 107.3488282, -6.7952308, 0.0 ], [ 107.3487824, -6.7952083, 0.0 ], [ 107.34846, -6.79505, 0.0 ], [ 107.3481, -6.79483, 0.0 ], [ 107.34774, -6.79467, 0.0 ], [ 107.34712, -6.79416, 0.0 ], [ 107.34647, -6.79416, 0.0 ], [ 107.346, -6.79426, 0.0 ], [ 107.34561, -6.79437, 0.0 ], [ 107.34531, -6.79451, 0.0 ], [ 107.34503, -6.79466, 0.0 ], [ 107.34443, -6.79503, 0.0 ], [ 107.34396, -6.79542, 0.0 ], [ 107.34365, -6.7957, 0.0 ], [ 107.34319, -6.79586, 0.0 ], [ 107.34248, -6.79601, 0.0 ], [ 107.34192, -6.79615, 0.0 ], [ 107.34131, -6.79628, 0.0 ], [ 107.34065, -6.79643, 0.0 ], [ 107.34009, -6.79651, 0.0 ], [ 107.33935, -6.79649, 0.0 ], [ 107.33867, -6.79661, 0.0 ], [ 107.33808, -6.79663, 0.0 ], [ 107.33719, -6.79648, 0.0 ], [ 107.33663, -6.79639, 0.0 ], [ 107.33619, -6.79636, 0.0 ], [ 107.33538, -6.79637, 0.0 ], [ 107.33487, -6.79653, 0.0 ], [ 107.33433, -6.79681, 0.0 ], [ 107.33355, -6.79703, 0.0 ], [ 107.33335, -6.79669, 0.0 ], [ 107.3331, -6.79642, 0.0 ], [ 107.3328, -6.79614, 0.0 ], [ 107.3327747, -6.7961155, 0.0 ], [ 107.3325, -6.79585, 0.0 ], [ 107.33206, -6.79556, 0.0 ], [ 107.33141, -6.79499, 0.0 ], [ 107.33141, -6.7949901, 0.0 ], [ 107.3307615, -6.795877, 0.0 ], [ 107.3301904, -6.7963767, 0.0 ], [ 107.3293814, -6.7972809, 0.0 ], [ 107.3287627, -6.7979471, 0.0 ], [ 107.3279537, -6.7978044, 0.0 ], [ 107.3270257, -6.7979709, 0.0 ], [ 107.3264308, -6.7985658, 0.0 ], [ 107.325598, -6.7992083, 0.0 ], [ 107.3249318, -6.7993272, 0.0 ], [ 107.3236945, -6.7995652, 0.0 ], [ 107.3226179, -6.7996134, 0.0 ], [ 107.322302, -6.7997846, 0.0 ], [ 107.3216868, -6.8000806, 0.0 ], [ 107.3212354, -6.8002667, 0.0 ], [ 107.3202256, -6.8022417, 0.0 ], [ 107.3202395, -6.8028726, 0.0 ], [ 107.3197398, -6.8032581, 0.0 ], [ 107.3192972, -6.8032296, 0.0 ], [ 107.3188975, -6.8033438, 0.0 ], [ 107.3184834, -6.8035722, 0.0 ], [ 107.3183978, -6.8039862, 0.0 ], [ 107.3180694, -6.8041147, 0.0 ], [ 107.3176411, -6.8040719, 0.0 ], [ 107.3173841, -6.8040586, 0.0 ], [ 107.3171843, -6.8039063, 0.0 ], [ 107.3169844, -6.8039729, 0.0 ], [ 107.3167464, -6.80403, 0.0 ], [ 107.3165466, -6.8040395, 0.0 ], [ 107.3162792, -6.8040933, 0.0 ], [ 107.3151788, -6.804474, 0.0 ], [ 107.3151965, -6.8045088, 0.0 ], [ 107.3153323, -6.8047759, 0.0 ], [ 107.315348, -6.804807, 0.0 ], [ 107.3153845, -6.8050401, 0.0 ], [ 107.3154014, -6.8051485, 0.0 ], [ 107.315478, -6.805638, 0.0 ], [ 107.3154619, -6.805954, 0.0 ], [ 107.3154572, -6.806048, 0.0 ], [ 107.3154399, -6.806389, 0.0 ], [ 107.315316, -6.8069409, 0.0 ], [ 107.3152888, -6.8069776, 0.0 ], [ 107.3149292, -6.8074611, 0.0 ], [ 107.3148275, -6.8075978, 0.0 ], [ 107.3148171, -6.8076119, 0.0 ], [ 107.314861, -6.8078853, 0.0 ], [ 107.314899, -6.8081222, 0.0 ], [ 107.3149042, -6.808154, 0.0 ], [ 107.3149113, -6.8081623, 0.0 ], [ 107.3150556, -6.8083311, 0.0 ], [ 107.3150587, -6.8083347, 0.0 ], [ 107.3150656, -6.8083428, 0.0 ], [ 107.3150774, -6.8083565, 0.0 ], [ 107.3153465, -6.8086712, 0.0 ], [ 107.315366, -6.808694, 0.0 ], [ 107.315624, -6.8088287, 0.0 ], [ 107.3156916, -6.8088641, 0.0 ], [ 107.3163269, -6.8091959, 0.0 ], [ 107.3164001, -6.8092354, 0.0 ], [ 107.3167088, -6.8094019, 0.0 ], [ 107.3170626, -6.8096592, 0.0 ], [ 107.3170789, -6.809671, 0.0 ], [ 107.3171615, -6.8097516, 0.0 ], [ 107.3175869, -6.810166, 0.0 ], [ 107.3187068, -6.811308, 0.0 ], [ 107.319222, -6.811848, 0.0 ], [ 107.3194661, -6.8122001, 0.0 ], [ 107.3196339, -6.812497, 0.0 ], [ 107.3198149, -6.812876, 0.0 ], [ 107.319952, -6.8133539, 0.0 ], [ 107.320081, -6.8141041, 0.0 ], [ 107.3200831, -6.8144019, 0.0 ], [ 107.3200542, -6.8146445, 0.0 ], [ 107.3200471, -6.8147041, 0.0 ], [ 107.3200432, -6.814737, 0.0 ], [ 107.3198535, -6.8149595, 0.0 ], [ 107.319293, -6.815617, 0.0 ], [ 107.3190706, -6.815874, 0.0 ], [ 107.3186846, -6.8163202, 0.0 ], [ 107.3186067, -6.8164569, 0.0 ], [ 107.318423, -6.8167798, 0.0 ], [ 107.3184188, -6.8167871, 0.0 ], [ 107.3183822, -6.8174775, 0.0 ], [ 107.3183813, -6.8174947, 0.0 ], [ 107.318381, -6.817501, 0.0 ], [ 107.3180909, -6.8179641, 0.0 ], [ 107.3178764, -6.8181333, 0.0 ], [ 107.3175209, -6.8184137, 0.0 ], [ 107.3173308, -6.8185637, 0.0 ], [ 107.3169975, -6.8188963, 0.0 ], [ 107.3169668, -6.8189269, 0.0 ], [ 107.3165654, -6.8193275, 0.0 ], [ 107.3164083, -6.8195061, 0.0 ], [ 107.3162239, -6.8197157, 0.0 ], [ 107.316215, -6.819726, 0.0 ], [ 107.3161749, -6.8201881, 0.0 ], [ 107.3161602, -6.8207553, 0.0 ], [ 107.3161589, -6.8208054, 0.0 ], [ 107.3161287, -6.8219702, 0.0 ], [ 107.3161582, -6.822542, 0.0 ], [ 107.3162784, -6.8228684, 0.0 ], [ 107.3162837, -6.8228829, 0.0 ], [ 107.3162937, -6.8229101, 0.0 ], [ 107.3165839, -6.8231813, 0.0 ], [ 107.3172802, -6.8235271, 0.0 ], [ 107.3184259, -6.8236821, 0.0 ], [ 107.319566, -6.8238363, 0.0 ], [ 107.319667, -6.82385, 0.0 ], [ 107.320967, -6.824051, 0.0 ], [ 107.321679, -6.824256, 0.0 ], [ 107.3222251, -6.824506, 0.0 ], [ 107.3225032, -6.8247449, 0.0 ], [ 107.3226372, -6.82486, 0.0 ], [ 107.3228151, -6.82538, 0.0 ], [ 107.3228408, -6.8254988, 0.0 ], [ 107.3229939, -6.8262087, 0.0 ], [ 107.323014, -6.8264743, 0.0 ], [ 107.3230556, -6.8270276, 0.0 ], [ 107.3231072, -6.8278771, 0.0 ], [ 107.3231162, -6.828025, 0.0 ], [ 107.3231189, -6.8280697, 0.0 ], [ 107.3231832, -6.8285099, 0.0 ], [ 107.3232856, -6.8290842, 0.0 ], [ 107.32338, -6.829644, 0.0 ], [ 107.3233821, -6.8299526, 0.0 ], [ 107.3233822, -6.829978, 0.0 ], [ 107.3232579, -6.830521, 0.0 ], [ 107.3230952, -6.8308676, 0.0 ], [ 107.3228861, -6.831318, 0.0 ], [ 107.322804, -6.831734, 0.0 ], [ 107.3227669, -6.8321468, 0.0 ], [ 107.3227669, -6.832738, 0.0 ], [ 107.3228529, -6.833198, 0.0 ], [ 107.3229453, -6.8335627, 0.0 ], [ 107.3229811, -6.8337039, 0.0 ], [ 107.3229829, -6.8340741, 0.0 ], [ 107.32311, -6.834499, 0.0 ], [ 107.3231121, -6.83496, 0.0 ], [ 107.3231277, -6.8354097, 0.0 ], [ 107.3231298, -6.8354705, 0.0 ], [ 107.3230053, -6.8360146, 0.0 ], [ 107.3226189, -6.836923, 0.0 ], [ 107.3226185, -6.836926, 0.0 ], [ 107.3225391, -6.8375109, 0.0 ], [ 107.3223748, -6.838308, 0.0 ], [ 107.3223606, -6.8385357, 0.0 ], [ 107.322336, -6.838931, 0.0 ], [ 107.3224649, -6.8395539, 0.0 ], [ 107.322718, -6.8401051, 0.0 ], [ 107.3229873, -6.8403881, 0.0 ], [ 107.3230607, -6.8404652, 0.0 ], [ 107.3232651, -6.8406801, 0.0 ], [ 107.3237699, -6.8410581, 0.0 ], [ 107.3242936, -6.8412999, 0.0 ], [ 107.3243175, -6.8413109, 0.0 ], [ 107.3244782, -6.8413851, 0.0 ], [ 107.3250201, -6.841826, 0.0 ], [ 107.3252205, -6.8434409, 0.0 ], [ 107.3252739, -6.8442828, 0.0 ], [ 107.3255349, -6.8446778, 0.0 ], [ 107.3261351, -6.845312, 0.0 ], [ 107.3269329, -6.845932, 0.0 ], [ 107.3273541, -6.846391, 0.0 ], [ 107.3274411, -6.84706, 0.0 ], [ 107.327444, -6.847683, 0.0 ], [ 107.327363, -6.848145, 0.0 ], [ 107.327156, -6.8485709, 0.0 ], [ 107.326822, -6.848907, 0.0 ], [ 107.3262109, -6.8490992, 0.0 ], [ 107.325567, -6.849039, 0.0 ], [ 107.3250219, -6.848915, 0.0 ], [ 107.3247289, -6.848953, 0.0 ], [ 107.3243531, -6.849126, 0.0 ], [ 107.3241029, -6.849498, 0.0 ], [ 107.3238959, -6.849924, 0.0 ], [ 107.3238559, -6.850259, 0.0 ], [ 107.3238592, -6.850882, 0.0 ], [ 107.3242821, -6.851802, 0.0 ], [ 107.3252081, -6.852801, 0.0 ], [ 107.3259201, -6.85296, 0.0 ], [ 107.326715, -6.852667, 0.0 ], [ 107.3278001, -6.851867, 0.0 ], [ 107.3282613, -6.8517349, 0.0 ], [ 107.328788, -6.8518161, 0.0 ], [ 107.32914, -6.8520321, 0.0 ], [ 107.3293099, -6.8525729, 0.0 ], [ 107.3290584, -6.8531978, 0.0 ], [ 107.3289239, -6.853725, 0.0 ], [ 107.3289803, -6.8543109, 0.0 ], [ 107.3292741, -6.854835, 0.0 ], [ 107.329365, -6.855248, 0.0 ], [ 107.3294718, -6.8558396, 0.0 ], [ 107.3297416, -6.8562439, 0.0 ], [ 107.3302491, -6.8563289, 0.0 ], [ 107.3309191, -6.856244, 0.0 ], [ 107.3312521, -6.855908, 0.0 ], [ 107.3318738, -6.8545221, 0.0 ], [ 107.3321219, -6.853979, 0.0 ], [ 107.3323731, -6.85377, 0.0 ], [ 107.332957, -6.8533869, 0.0 ], [ 107.3337091, -6.8531759, 0.0 ], [ 107.3344571, -6.8530917, 0.0 ], [ 107.3349218, -6.8531982, 0.0 ], [ 107.3354354, -6.8536357, 0.0 ], [ 107.3358692, -6.8542155, 0.0 ], [ 107.3359344, -6.8547546, 0.0 ], [ 107.3359498, -6.8557181, 0.0 ], [ 107.3361628, -6.8565969, 0.0 ], [ 107.336449, -6.8570129, 0.0 ], [ 107.3372889, -6.8575059, 0.0 ], [ 107.338001, -6.857629, 0.0 ], [ 107.33826, -6.8573787, 0.0 ], [ 107.3385433, -6.8569975, 0.0 ], [ 107.3390409, -6.85627, 0.0 ], [ 107.3399591, -6.855531, 0.0 ], [ 107.340709, -6.854732, 0.0 ], [ 107.3411229, -6.853727, 0.0 ], [ 107.3412136, -6.8522944, 0.0 ], [ 107.3412338, -6.850879, 0.0 ], [ 107.341625, -6.8499132, 0.0 ], [ 107.3419809, -6.849457, 0.0 ], [ 107.3428581, -6.848955, 0.0 ], [ 107.3434951, -6.8489493, 0.0 ], [ 107.343875, -6.84919, 0.0 ], [ 107.3439911, -6.8496189, 0.0 ], [ 107.343958, -6.8501041, 0.0 ], [ 107.343695, -6.8507624, 0.0 ], [ 107.3429647, -6.8519236, 0.0 ], [ 107.3427474, -6.8523157, 0.0 ], [ 107.3426548, -6.8525899, 0.0 ], [ 107.3425861, -6.85295, 0.0 ], [ 107.3426892, -6.8532311, 0.0 ], [ 107.3428857, -6.8533788, 0.0 ], [ 107.3431165, -6.8534232, 0.0 ], [ 107.343424, -6.8533811, 0.0 ], [ 107.344885, -6.852705, 0.0 ], [ 107.3466011, -6.8524441, 0.0 ], [ 107.3478831, -6.8524191, 0.0 ], [ 107.3485689, -6.852516, 0.0 ], [ 107.3490729, -6.852893, 0.0 ], [ 107.3494531, -6.8535151, 0.0 ], [ 107.3497315, -6.8545524, 0.0 ], [ 107.350132, -6.8554361, 0.0 ], [ 107.3500099, -6.8565519, 0.0 ], [ 107.3489867, -6.8583288, 0.0 ], [ 107.3481631, -6.8592031, 0.0 ], [ 107.3473909, -6.860051, 0.0 ], [ 107.3470251, -6.8605679, 0.0 ], [ 107.3468653, -6.8609713, 0.0 ], [ 107.3469407, -6.8613678, 0.0 ], [ 107.347392, -6.8623551, 0.0 ], [ 107.3478016, -6.8631355, 0.0 ], [ 107.3481681, -6.8637123, 0.0 ], [ 107.3485742, -6.8641368, 0.0 ], [ 107.3491312, -6.8647016, 0.0 ], [ 107.3492759, -6.865112, 0.0 ], [ 107.349309, -6.865428, 0.0 ], [ 107.349327, -6.865817, 0.0 ], [ 107.3491549, -6.866161, 0.0 ], [ 107.348639, -6.866597, 0.0 ], [ 107.3480799, -6.866953, 0.0 ], [ 107.3475209, -6.867371, 0.0 ], [ 107.3473441, -6.867661, 0.0 ], [ 107.3472098, -6.8680601, 0.0 ], [ 107.347203, -6.868403, 0.0 ], [ 107.34727, -6.869334, 0.0 ], [ 107.3471061, -6.870085, 0.0 ], [ 107.347023, -6.87042, 0.0 ], [ 107.3467739, -6.870674, 0.0 ], [ 107.3458276, -6.8709089, 0.0 ], [ 107.3448699, -6.8710093, 0.0 ], [ 107.3445777, -6.8711171, 0.0 ], [ 107.3443061, -6.871192, 0.0 ], [ 107.3438471, -6.871484, 0.0 ], [ 107.343598, -6.8718639, 0.0 ], [ 107.3436412, -6.872199, 0.0 ], [ 107.3436851, -6.872569, 0.0 ], [ 107.3437301, -6.873156, 0.0 ], [ 107.3437319, -6.873572, 0.0 ], [ 107.3430209, -6.873829, 0.0 ], [ 107.342478, -6.874039, 0.0 ], [ 107.3421898, -6.8741748, 0.0 ], [ 107.3417062, -6.8745885, 0.0 ], [ 107.3413595, -6.8749435, 0.0 ], [ 107.3413941, -6.8749661, 0.0 ], [ 107.3412022, -6.875627, 0.0 ], [ 107.3413091, -6.875934, 0.0 ], [ 107.3416989, -6.876556, 0.0 ], [ 107.3417242, -6.876854, 0.0 ], [ 107.3417491, -6.877152, 0.0 ], [ 107.3419621, -6.877585, 0.0 ], [ 107.3422688, -6.878026, 0.0 ], [ 107.3426109, -6.878359, 0.0 ], [ 107.3430591, -6.878953, 0.0 ], [ 107.342991, -6.879505, 0.0 ], [ 107.3426648, -6.879922, 0.0 ], [ 107.342128, -6.8804489, 0.0 ], [ 107.3418131, -6.88074, 0.0 ], [ 107.3414999, -6.881401, 0.0 ], [ 107.3415251, -6.881709, 0.0 ], [ 107.341622, -6.882323, 0.0 ], [ 107.3417771, -6.883, 0.0 ], [ 107.3417698, -6.883886, 0.0 ], [ 107.3416551, -6.884302, 0.0 ], [ 107.3412951, -6.8850899, 0.0 ], [ 107.3411298, -6.8854849, 0.0 ], [ 107.3411361, -6.8857379, 0.0 ], [ 107.3409155, -6.8858028, 0.0 ], [ 107.3408536, -6.8857823, 0.0 ], [ 107.340839, -6.8857946, 0.0 ], [ 107.3416849, -6.8862371, 0.0 ], [ 107.3419169, -6.8863585, 0.0 ], [ 107.3421061, -6.8865548, 0.0 ], [ 107.3422667, -6.8869081, 0.0 ], [ 107.3423523, -6.8871829, 0.0 ], [ 107.3423095, -6.8872829, 0.0 ], [ 107.3424212, -6.8873664, 0.0 ], [ 107.342388, -6.8876576, 0.0 ], [ 107.3426057, -6.8878754, 0.0 ], [ 107.342595, -6.8882394, 0.0 ], [ 107.3424701, -6.8887605, 0.0 ], [ 107.3423947, -6.889264, 0.0 ], [ 107.3424496, -6.8894965, 0.0 ], [ 107.3424867, -6.8897648, 0.0 ], [ 107.3426314, -6.8900505, 0.0 ], [ 107.3432415, -6.8902802, 0.0 ], [ 107.3434568, -6.8903508, 0.0 ], [ 107.34369, -6.8904212, 0.0 ], [ 107.3440128, -6.8904913, 0.0 ], [ 107.34448, -6.89062, 0.0 ], [ 107.3444987, -6.8906266, 0.0 ], [ 107.3447758, -6.8907236, 0.0 ], [ 107.3450863, -6.890877, 0.0 ], [ 107.3451946, -6.8909841, 0.0 ], [ 107.34537, -6.89063, 0.0 ], [ 107.3454, -6.89052, 0.0 ], [ 107.34542, -6.89044, 0.0 ], [ 107.34543, -6.89035, 0.0 ], [ 107.34543, -6.89026, 0.0 ], [ 107.3454, -6.89008, 0.0 ], [ 107.34537, -6.88989, 0.0 ], [ 107.34537, -6.88977, 0.0 ], [ 107.34537, -6.88968, 0.0 ], [ 107.34539, -6.88952, 0.0 ], [ 107.3454, -6.88931, 0.0 ], [ 107.34545, -6.88905, 0.0 ], [ 107.34546, -6.88899, 0.0 ], [ 107.34562, -6.8887, 0.0 ], [ 107.34587, -6.88845, 0.0 ], [ 107.34592, -6.88842, 0.0 ], [ 107.34626, -6.88824, 0.0 ], [ 107.34656, -6.888, 0.0 ], [ 107.34664, -6.88795, 0.0 ], [ 107.34693, -6.88772, 0.0 ], [ 107.34715, -6.88759, 0.0 ], [ 107.3474, -6.88739, 0.0 ], [ 107.34767, -6.88715, 0.0 ], [ 107.34783, -6.88698, 0.0 ], [ 107.3481, -6.88669, 0.0 ], [ 107.34831, -6.88645, 0.0 ], [ 107.34854, -6.88625, 0.0 ], [ 107.34868, -6.88608, 0.0 ], [ 107.34884, -6.88588, 0.0 ], [ 107.34888, -6.88582, 0.0 ], [ 107.34903, -6.8856, 0.0 ], [ 107.34926, -6.88519, 0.0 ], [ 107.34933, -6.88498, 0.0 ], [ 107.34957, -6.8844, 0.0 ], [ 107.34981, -6.88404, 0.0 ], [ 107.3499, -6.88395, 0.0 ], [ 107.35013, -6.8837, 0.0 ], [ 107.3504, -6.88345, 0.0 ], [ 107.35095, -6.88254, 0.0 ], [ 107.35209, -6.88172, 0.0 ], [ 107.3521717, -6.8816977, 0.0 ], [ 107.3523087, -6.8815544, 0.0 ], [ 107.352808, -6.8815242, 0.0 ], [ 107.35341, -6.88136, 0.0 ], [ 107.35406, -6.88146, 0.0 ], [ 107.3549866, -6.8822983, 0.0 ], [ 107.3558006, -6.8827214, 0.0 ], [ 107.3561249, -6.8827279, 0.0 ], [ 107.3591855, -6.8816683, 0.0 ], [ 107.3604273, -6.8812478, 0.0 ], [ 107.3606646, -6.8811674, 0.0 ], [ 107.3608823, -6.8810461, 0.0 ], [ 107.3630939, -6.87958, 0.0 ], [ 107.365009, -6.8780926, 0.0 ], [ 107.366782, -6.8777883, 0.0 ], [ 107.3671947, -6.877904, 0.0 ], [ 107.3679563, -6.8781174, 0.0 ], [ 107.36864, -6.87828, 0.0 ], [ 107.37006, -6.8787302, 0.0 ], [ 107.37073, -6.87894, 0.0 ], [ 107.37209, -6.87932, 0.0 ], [ 107.37386, -6.8795, 0.0 ], [ 107.375, -6.87954, 0.0 ], [ 107.37548, -6.87966, 0.0 ], [ 107.37601, -6.87989, 0.0 ], [ 107.37675, -6.88029, 0.0 ], [ 107.3769647, -6.8804034, 0.0 ], [ 107.3776082, -6.8807435, 0.0 ], [ 107.37798, -6.88094, 0.0 ], [ 107.37893, -6.88127, 0.0 ], [ 107.3801, -6.88154, 0.0 ], [ 107.38094, -6.88164, 0.0 ], [ 107.3816408, -6.8816144, 0.0 ], [ 107.38176, -6.88161, 0.0 ], [ 107.38297, -6.88131, 0.0 ], [ 107.384001, -6.8810073, 0.0 ], [ 107.38423, -6.88094, 0.0 ], [ 107.38551, -6.88052, 0.0 ], [ 107.38658, -6.8803302, 0.0 ], [ 107.3867251, -6.8803249, 0.0 ], [ 107.38769, -6.88029, 0.0 ], [ 107.38873, -6.88004, 0.0 ], [ 107.38965, -6.87986, 0.0 ], [ 107.39038, -6.87942, 0.0 ], [ 107.39109, -6.87886, 0.0 ], [ 107.39141, -6.87851, 0.0 ], [ 107.39182, -6.87746, 0.0 ], [ 107.392052, -6.8765917, 0.0 ], [ 107.39213, -6.8763, 0.0 ], [ 107.39244, -6.87533, 0.0 ], [ 107.39257, -6.875, 0.0 ], [ 107.39261, -6.87492, 0.0 ], [ 107.39262, -6.87476, 0.0 ], [ 107.39262, -6.87462, 0.0 ], [ 107.39262, -6.87446, 0.0 ], [ 107.39271, -6.87402, 0.0 ], [ 107.39279, -6.87363, 0.0 ], [ 107.3928, -6.87293, 0.0 ], [ 107.39278, -6.87256, 0.0 ], [ 107.39269, -6.87229, 0.0 ], [ 107.39239, -6.87195, 0.0 ], [ 107.39208, -6.8716, 0.0 ], [ 107.39189, -6.87127, 0.0 ], [ 107.3918, -6.87091, 0.0 ], [ 107.39181, -6.87059, 0.0 ], [ 107.3918201, -6.870546, 0.0 ] ] ] ] } },
{ "type": "Feature", "properties": { "kd_propinsi": "32", "kd_dati2": "17", "kd_kecamatan": "008", "nama_kecamatan": "Padalarang", "id_kecamatan": 8 }, "geometry": { "type": "MultiPolygon", "coordinates": [ [ [ [ 107.5196728, -6.8757185, 0.0 ], [ 107.5197474, -6.8756623, 0.0 ], [ 107.5199901, -6.8755053, 0.0 ], [ 107.5201154, -6.8754266, 0.0 ], [ 107.5187455, -6.8750002, 0.0 ], [ 107.51852, -6.87493, 0.0 ], [ 107.51825, -6.8748891, 0.0 ], [ 107.51819, -6.87488, 0.0 ], [ 107.51777, -6.87466, 0.0 ], [ 107.51762, -6.87452, 0.0 ], [ 107.51751, -6.87446, 0.0 ], [ 107.5173, -6.87427, 0.0 ], [ 107.5170585, -6.8740842, 0.0 ], [ 107.51678, -6.87387, 0.0 ], [ 107.5167, -6.87385, 0.0 ], [ 107.51651, -6.87378, 0.0 ], [ 107.51629, -6.87368, 0.0 ], [ 107.51609, -6.87358, 0.0 ], [ 107.5160291, -6.8735594, 0.0 ], [ 107.51547, -6.87337, 0.0 ], [ 107.51496, -6.87324, 0.0 ], [ 107.51484, -6.87319, 0.0 ], [ 107.51467, -6.87313, 0.0 ], [ 107.5145, -6.87317, 0.0 ], [ 107.51401, -6.87327, 0.0 ], [ 107.51391, -6.87329, 0.0 ], [ 107.51345, -6.87332, 0.0 ], [ 107.51336, -6.87329, 0.0 ], [ 107.51323, -6.87322, 0.0 ], [ 107.51306, -6.87311, 0.0 ], [ 107.51294, -6.87301, 0.0 ], [ 107.5128005, -6.8730997, 0.0 ], [ 107.5128, -6.8731, 0.0 ], [ 107.51273, -6.87304, 0.0 ], [ 107.51264, -6.87298, 0.0 ], [ 107.51226, -6.87297, 0.0 ], [ 107.5122159, -6.8729553, 0.0 ], [ 107.51199, -6.87288, 0.0 ], [ 107.5116581, -6.872787, 0.0 ], [ 107.5115651, -6.872761, 0.0 ], [ 107.5113419, -6.8727132, 0.0 ], [ 107.511241, -6.8727876, 0.0 ], [ 107.51107, -6.87277, 0.0 ], [ 107.5108743, -6.8726653, 0.0 ], [ 107.5107043, -6.8727344, 0.0 ], [ 107.5106086, -6.8727663, 0.0 ], [ 107.510513, -6.8727238, 0.0 ], [ 107.5104014, -6.8726282, 0.0 ], [ 107.50995, -6.87266, 0.0 ], [ 107.50967, -6.87266, 0.0 ], [ 107.5095705, -6.8726147, 0.0 ], [ 107.5092961, -6.87249, 0.0 ], [ 107.5091655, -6.8727798, 0.0 ], [ 107.5089977, -6.8728357, 0.0 ], [ 107.5088133, -6.8728892, 0.0 ], [ 107.5087003, -6.8729725, 0.0 ], [ 107.5084148, -6.873038, 0.0 ], [ 107.5081352, -6.8731331, 0.0 ], [ 107.5079865, -6.8730618, 0.0 ], [ 107.5077069, -6.8729487, 0.0 ], [ 107.507576, -6.8729249, 0.0 ], [ 107.5072845, -6.8728595, 0.0 ], [ 107.5070347, -6.8728, 0.0 ], [ 107.5068384, -6.8728083, 0.0 ], [ 107.5065243, -6.8728298, 0.0 ], [ 107.5063173, -6.8728797, 0.0 ], [ 107.5060888, -6.8729154, 0.0 ], [ 107.5059461, -6.8729297, 0.0 ], [ 107.5058533, -6.8729368, 0.0 ], [ 107.5057462, -6.8729868, 0.0 ], [ 107.5056463, -6.8730653, 0.0 ], [ 107.5055178, -6.8731438, 0.0 ], [ 107.5053821, -6.8731867, 0.0 ], [ 107.5052465, -6.8731867, 0.0 ], [ 107.5050324, -6.8731867, 0.0 ], [ 107.5048227, -6.8731422, 0.0 ], [ 107.5046707, -6.8731802, 0.0 ], [ 107.5044882, -6.8731954, 0.0 ], [ 107.5043596, -6.8731542, 0.0 ], [ 107.5042587, -6.8732339, 0.0 ], [ 107.504163, -6.873303, 0.0 ], [ 107.5040548, -6.8733094, 0.0 ], [ 107.5038723, -6.873279, 0.0 ], [ 107.5038296, -6.8732662, 0.0 ], [ 107.5037203, -6.8732334, 0.0 ], [ 107.5035226, -6.8731878, 0.0 ], [ 107.5032869, -6.8731194, 0.0 ], [ 107.503036, -6.8730738, 0.0 ], [ 107.5026711, -6.8729825, 0.0 ], [ 107.5025955, -6.8730001, 0.0 ], [ 107.5024733, -6.8731595, 0.0 ], [ 107.502266, -6.8732127, 0.0 ], [ 107.5021651, -6.8733721, 0.0 ], [ 107.5019312, -6.8735687, 0.0 ], [ 107.5017529, -6.8736656, 0.0 ], [ 107.5013148, -6.8739035, 0.0 ], [ 107.5008951, -6.874201, 0.0 ], [ 107.5008313, -6.8743604, 0.0 ], [ 107.5007091, -6.8744402, 0.0 ], [ 107.5005178, -6.8744667, 0.0 ], [ 107.5004168, -6.8745252, 0.0 ], [ 107.500268, -6.8747165, 0.0 ], [ 107.5001299, -6.8748334, 0.0 ], [ 107.5000767, -6.8749343, 0.0 ], [ 107.4998376, -6.8751044, 0.0 ], [ 107.4996941, -6.8750725, 0.0 ], [ 107.4995727, -6.8750984, 0.0 ], [ 107.4992395, -6.8753964, 0.0 ], [ 107.4992314, -6.8754037, 0.0 ], [ 107.49908, -6.8756, 0.0 ], [ 107.49903, -6.87619, 0.0 ], [ 107.49906, -6.87688, 0.0 ], [ 107.4990582, -6.8769473, 0.0 ], [ 107.49905, -6.87726, 0.0 ], [ 107.49901, -6.87782, 0.0 ], [ 107.4989119, -6.878396, 0.0 ], [ 107.4988543, -6.8788217, 0.0 ], [ 107.4986718, -6.8788369, 0.0 ], [ 107.4986642, -6.8790498, 0.0 ], [ 107.4983981, -6.8793387, 0.0 ], [ 107.4981244, -6.8794603, 0.0 ], [ 107.4979724, -6.8794299, 0.0 ], [ 107.4975542, -6.879658, 0.0 ], [ 107.4969536, -6.8798937, 0.0 ], [ 107.4968074, -6.8801163, 0.0 ], [ 107.4967805, -6.8802383, 0.0 ], [ 107.496544, -6.8802349, 0.0 ], [ 107.496399, -6.8803594, 0.0 ], [ 107.4962973, -6.880327, 0.0 ], [ 107.49615, -6.88028, 0.0 ], [ 107.4960237, -6.8803285, 0.0 ], [ 107.4959871, -6.8806793, 0.0 ], [ 107.4959336, -6.8807866, 0.0 ], [ 107.4956361, -6.8808214, 0.0 ], [ 107.495247, -6.8807671, 0.0 ], [ 107.49498, -6.8807227, 0.0 ], [ 107.49476, -6.88088, 0.0 ], [ 107.49431, -6.88092, 0.0 ], [ 107.4939521, -6.8810967, 0.0 ], [ 107.4937628, -6.8810627, 0.0 ], [ 107.4933312, -6.8809851, 0.0 ], [ 107.4930405, -6.8811148, 0.0 ], [ 107.4927679, -6.8811483, 0.0 ], [ 107.4924509, -6.8813798, 0.0 ], [ 107.4923173, -6.8814537, 0.0 ], [ 107.4923107, -6.8814746, 0.0 ], [ 107.4920542, -6.8816999, 0.0 ], [ 107.4920138, -6.8814622, 0.0 ], [ 107.4919067, -6.8813337, 0.0 ], [ 107.4918282, -6.8811624, 0.0 ], [ 107.4918424, -6.8810125, 0.0 ], [ 107.4918995, -6.8808198, 0.0 ], [ 107.4920709, -6.8805342, 0.0 ], [ 107.4920209, -6.8804129, 0.0 ], [ 107.4918781, -6.8803415, 0.0 ], [ 107.4917782, -6.8804057, 0.0 ], [ 107.4916283, -6.88047, 0.0 ], [ 107.491457, -6.8806413, 0.0 ], [ 107.4913285, -6.8805913, 0.0 ], [ 107.4912285, -6.879749, 0.0 ], [ 107.4911286, -6.8790494, 0.0 ], [ 107.4911714, -6.8785069, 0.0 ], [ 107.4916568, -6.8783213, 0.0 ], [ 107.4918424, -6.8783356, 0.0 ], [ 107.4919424, -6.8782071, 0.0 ], [ 107.4926277, -6.8779359, 0.0 ], [ 107.4928275, -6.8779644, 0.0 ], [ 107.4929989, -6.877736, 0.0 ], [ 107.4934129, -6.8774933, 0.0 ], [ 107.4936699, -6.8774362, 0.0 ], [ 107.4938126, -6.8772934, 0.0 ], [ 107.494298, -6.8770793, 0.0 ], [ 107.4945265, -6.877065, 0.0 ], [ 107.4947597, -6.8767164, 0.0 ], [ 107.4948965, -6.8766628, 0.0 ], [ 107.4951939, -6.8764071, 0.0 ], [ 107.4955151, -6.876419, 0.0 ], [ 107.4956876, -6.8763119, 0.0 ], [ 107.4959434, -6.8763595, 0.0 ], [ 107.4960505, -6.8762762, 0.0 ], [ 107.4960684, -6.8760442, 0.0 ], [ 107.496104, -6.8759312, 0.0 ], [ 107.4960624, -6.875836, 0.0 ], [ 107.4960148, -6.875836, 0.0 ], [ 107.4959613, -6.8757943, 0.0 ], [ 107.4960089, -6.8756813, 0.0 ], [ 107.4959256, -6.8753482, 0.0 ], [ 107.4958542, -6.8753482, 0.0 ], [ 107.4957828, -6.8752768, 0.0 ], [ 107.4957828, -6.8751459, 0.0 ], [ 107.4957531, -6.8750686, 0.0 ], [ 107.4958126, -6.8749556, 0.0 ], [ 107.4957828, -6.8746522, 0.0 ], [ 107.4958602, -6.8745094, 0.0 ], [ 107.4958185, -6.8741644, 0.0 ], [ 107.495759, -6.8740335, 0.0 ], [ 107.4956995, -6.8738134, 0.0 ], [ 107.4956222, -6.8721716, 0.0 ], [ 107.4956282, -6.8719456, 0.0 ], [ 107.4956757, -6.8719158, 0.0 ], [ 107.4956817, -6.8717255, 0.0 ], [ 107.4955444, -6.8717236, 0.0 ], [ 107.4955872, -6.8709383, 0.0 ], [ 107.4956729, -6.8705957, 0.0 ], [ 107.4959441, -6.8701959, 0.0 ], [ 107.496658, -6.8702388, 0.0 ], [ 107.4971862, -6.8701103, 0.0 ], [ 107.4978144, -6.8702102, 0.0 ], [ 107.4990993, -6.8697819, 0.0 ], [ 107.4997267, -6.8695622, 0.0 ], [ 107.5006404, -6.8693433, 0.0 ], [ 107.5022394, -6.8682392, 0.0 ], [ 107.5026963, -6.8683915, 0.0 ], [ 107.503096, -6.8645844, 0.0 ], [ 107.5021633, -6.8644511, 0.0 ], [ 107.5018777, -6.8659169, 0.0 ], [ 107.4998599, -6.8657075, 0.0 ], [ 107.4942444, -6.8653077, 0.0 ], [ 107.4943777, -6.8639943, 0.0 ], [ 107.4949868, -6.8640704, 0.0 ], [ 107.496193, -6.8642562, 0.0 ], [ 107.4962763, -6.8636791, 0.0 ], [ 107.4981848, -6.8638991, 0.0 ], [ 107.4990179, -6.863138, 0.0 ], [ 107.4989885, -6.8628701, 0.0 ], [ 107.4988086, -6.8624314, 0.0 ], [ 107.4985836, -6.8618803, 0.0 ], [ 107.49848, -6.86166, 0.0 ], [ 107.5000611, -6.8605115, 0.0 ], [ 107.4997646, -6.8601426, 0.0 ], [ 107.499624, -6.8599908, 0.0 ], [ 107.4994047, -6.8597265, 0.0 ], [ 107.498966, -6.8592147, 0.0 ], [ 107.4988873, -6.8590291, 0.0 ], [ 107.4988198, -6.8588154, 0.0 ], [ 107.4987861, -6.858613, 0.0 ], [ 107.498758, -6.8583205, 0.0 ], [ 107.4987457, -6.8579963, 0.0 ], [ 107.4987402, -6.857946, 0.0 ], [ 107.49874, -6.8579447, 0.0 ], [ 107.4987268, -6.8578228, 0.0 ], [ 107.4986227, -6.856758, 0.0 ], [ 107.4985504, -6.8564563, 0.0 ], [ 107.4984943, -6.8562218, 0.0 ], [ 107.4983993, -6.8558923, 0.0 ], [ 107.4982368, -6.8553321, 0.0 ], [ 107.4980754, -6.8547754, 0.0 ], [ 107.4979972, -6.8544906, 0.0 ], [ 107.4978541, -6.8539565, 0.0 ], [ 107.497852, -6.8539488, 0.0 ], [ 107.4978264, -6.8537659, 0.0 ], [ 107.4978129, -6.8536696, 0.0 ], [ 107.4980922, -6.8538651, 0.0 ], [ 107.4982597, -6.8539935, 0.0 ], [ 107.4982659, -6.8539686, 0.0 ], [ 107.498282, -6.8539042, 0.0 ], [ 107.498282, -6.8537757, 0.0 ], [ 107.4982653, -6.8536138, 0.0 ], [ 107.4984887, -6.8532787, 0.0 ], [ 107.4985166, -6.8531558, 0.0 ], [ 107.4984719, -6.8531111, 0.0 ], [ 107.4984328, -6.8530329, 0.0 ], [ 107.4983993, -6.8529324, 0.0 ], [ 107.4983602, -6.8528151, 0.0 ], [ 107.4982932, -6.8526979, 0.0 ], [ 107.4982653, -6.8525973, 0.0 ], [ 107.4982646, -6.8525958, 0.0 ], [ 107.4982318, -6.8525191, 0.0 ], [ 107.498215, -6.8523963, 0.0 ], [ 107.49824, -6.85227, 0.0 ], [ 107.49822, -6.85216, 0.0 ], [ 107.49825, -6.85203, 0.0 ], [ 107.4983658, -6.8518266, 0.0 ], [ 107.4983891, -6.851693, 0.0 ], [ 107.4984608, -6.8515195, 0.0 ], [ 107.4985214, -6.8514559, 0.0 ], [ 107.498578, -6.8513966, 0.0 ], [ 107.4986213, -6.8514062, 0.0 ], [ 107.4987512, -6.8513352, 0.0 ], [ 107.498807, -6.8512961, 0.0 ], [ 107.4988796, -6.8512011, 0.0 ], [ 107.498941, -6.8511509, 0.0 ], [ 107.4989913, -6.8511509, 0.0 ], [ 107.4990918, -6.8510894, 0.0 ], [ 107.4991533, -6.8509945, 0.0 ], [ 107.4991365, -6.8508828, 0.0 ], [ 107.4991086, -6.8508325, 0.0 ], [ 107.4991253, -6.8507823, 0.0 ], [ 107.4992259, -6.8507209, 0.0 ], [ 107.4994604, -6.8507264, 0.0 ], [ 107.49963, -6.85076, 0.0 ], [ 107.4996541, -6.8507448, 0.0 ], [ 107.4998514, -6.8506203, 0.0 ], [ 107.4999463, -6.8506203, 0.0 ], [ 107.5000189, -6.8505142, 0.0 ], [ 107.5000078, -6.8505047, 0.0 ], [ 107.4999798, -6.8504807, 0.0 ], [ 107.4999519, -6.8503858, 0.0 ], [ 107.499991, -6.8502852, 0.0 ], [ 107.4999575, -6.85014, 0.0 ], [ 107.4998197, -6.8499444, 0.0 ], [ 107.4998123, -6.8498608, 0.0 ], [ 107.4997117, -6.849777, 0.0 ], [ 107.4996503, -6.8497379, 0.0 ], [ 107.4996623, -6.8497116, 0.0 ], [ 107.4997899, -6.8494308, 0.0 ], [ 107.4998849, -6.8491683, 0.0 ], [ 107.4998458, -6.8491069, 0.0 ], [ 107.4997788, -6.8490287, 0.0 ], [ 107.4997505, -6.8489819, 0.0 ], [ 107.4996503, -6.8488164, 0.0 ], [ 107.4995107, -6.8487327, 0.0 ], [ 107.4994437, -6.8486433, 0.0 ], [ 107.4992315, -6.8485763, 0.0 ], [ 107.4991086, -6.8485205, 0.0 ], [ 107.49904, -6.84846, 0.0 ], [ 107.4990526, -6.8482908, 0.0 ], [ 107.4990583, -6.8482133, 0.0 ], [ 107.4989969, -6.8481519, 0.0 ], [ 107.4990081, -6.8479787, 0.0 ], [ 107.4990203, -6.8479235, 0.0 ], [ 107.4990862, -6.8476269, 0.0 ], [ 107.4991477, -6.8474984, 0.0 ], [ 107.4991644, -6.8472527, 0.0 ], [ 107.4990862, -6.8470517, 0.0 ], [ 107.4990858, -6.8470509, 0.0 ], [ 107.4990081, -6.8469232, 0.0 ], [ 107.4988964, -6.8467668, 0.0 ], [ 107.4988922, -6.8465017, 0.0 ], [ 107.4988908, -6.846415, 0.0 ], [ 107.4990136, -6.8462586, 0.0 ], [ 107.4990025, -6.8460855, 0.0 ], [ 107.498996, -6.8460756, 0.0 ], [ 107.4989075, -6.8459403, 0.0 ], [ 107.4988014, -6.8459682, 0.0 ], [ 107.4987184, -6.8458347, 0.0 ], [ 107.498673, -6.8457616, 0.0 ], [ 107.4987121, -6.8456666, 0.0 ], [ 107.4987608, -6.8455489, 0.0 ], [ 107.4987735, -6.8453539, 0.0 ], [ 107.4989131, -6.8451249, 0.0 ], [ 107.4990025, -6.8450746, 0.0 ], [ 107.4990416, -6.844963, 0.0 ], [ 107.49899, -6.84485, 0.0 ], [ 107.4989905, -6.8448481, 0.0 ], [ 107.4990248, -6.8447228, 0.0 ], [ 107.4990639, -6.8446111, 0.0 ], [ 107.4991501, -6.84454, 0.0 ], [ 107.49917, -6.84448, 0.0 ], [ 107.4992, -6.84437, 0.0 ], [ 107.49928, -6.84418, 0.0 ], [ 107.49933, -6.84401, 0.0 ], [ 107.4993815, -6.8438747, 0.0 ], [ 107.49941, -6.8438, 0.0 ], [ 107.49949, -6.84359, 0.0 ], [ 107.49948, -6.84351, 0.0 ], [ 107.49955, -6.8434, 0.0 ], [ 107.49963, -6.84333, 0.0 ], [ 107.49974, -6.84335, 0.0 ], [ 107.49979, -6.8433, 0.0 ], [ 107.49988, -6.84316, 0.0 ], [ 107.49992, -6.84297, 0.0 ], [ 107.4999242, -6.8428389, 0.0 ], [ 107.49993, -6.84266, 0.0 ], [ 107.5000189, -6.8424109, 0.0 ], [ 107.5000544, -6.8423338, 0.0 ], [ 107.5000078, -6.8422316, 0.0 ], [ 107.5001405, -6.8421335, 0.0 ], [ 107.5000218, -6.8419804, 0.0 ], [ 107.5000213, -6.8418831, 0.0 ], [ 107.5000978, -6.841811, 0.0 ], [ 107.5002004, -6.8418155, 0.0 ], [ 107.5002967, -6.8416101, 0.0 ], [ 107.5003207, -6.8414805, 0.0 ], [ 107.49998, -6.8415, 0.0 ], [ 107.49992, -6.84148, 0.0 ], [ 107.4998302, -6.84146, 0.0 ], [ 107.49982, -6.84128, 0.0 ], [ 107.49971, -6.84068, 0.0 ], [ 107.49955, -6.84008, 0.0 ], [ 107.49938, -6.83966, 0.0 ], [ 107.49926, -6.83942, 0.0 ], [ 107.49906, -6.83919, 0.0 ], [ 107.49886, -6.83899, 0.0 ], [ 107.4986394, -6.8389528, 0.0 ], [ 107.4984341, -6.8388807, 0.0 ], [ 107.4981959, -6.8387405, 0.0 ], [ 107.4980817, -6.8388511, 0.0 ], [ 107.497996, -6.8389939, 0.0 ], [ 107.497986, -6.839009, 0.0 ], [ 107.49786, -6.8392, 0.0 ], [ 107.49781, -6.83931, 0.0 ], [ 107.49777, -6.83949, 0.0 ], [ 107.49773, -6.83957, 0.0 ], [ 107.497698, -6.8395899, 0.0 ], [ 107.4975945, -6.8395578, 0.0 ], [ 107.4975445, -6.8395328, 0.0 ], [ 107.4975088, -6.8395007, 0.0 ], [ 107.4974017, -6.8394971, 0.0 ], [ 107.4973874, -6.8395757, 0.0 ], [ 107.4972268, -6.8395864, 0.0 ], [ 107.49713, -6.83977, 0.0 ], [ 107.4969931, -6.8399249, 0.0 ], [ 107.4969484, -6.8399754, 0.0 ], [ 107.4967799, -6.8403398, 0.0 ], [ 107.4966932, -6.8402288, 0.0 ], [ 107.4964291, -6.8399576, 0.0 ], [ 107.4962435, -6.8398255, 0.0 ], [ 107.4960222, -6.8396863, 0.0 ], [ 107.4956546, -6.8394722, 0.0 ], [ 107.4956264, -6.8394612, 0.0 ], [ 107.4953869, -6.8393686, 0.0 ], [ 107.4953014, -6.8393274, 0.0 ], [ 107.4949657, -6.8391652, 0.0 ], [ 107.494798, -6.8390617, 0.0 ], [ 107.4947966, -6.8390608, 0.0 ], [ 107.4945388, -6.8388957, 0.0 ], [ 107.4944803, -6.8388583, 0.0 ], [ 107.494334, -6.8387583, 0.0 ], [ 107.494077, -6.8385977, 0.0 ], [ 107.4938557, -6.8385013, 0.0 ], [ 107.4936492, -6.8384235, 0.0 ], [ 107.4935809, -6.8383978, 0.0 ], [ 107.4932168, -6.8382765, 0.0 ], [ 107.4928189, -6.838149, 0.0 ], [ 107.4927599, -6.8381366, 0.0 ], [ 107.4924495, -6.8380713, 0.0 ], [ 107.4922032, -6.8380195, 0.0 ], [ 107.4920665, -6.837884, 0.0 ], [ 107.4906597, -6.8368254, 0.0 ], [ 107.490295, -6.8366522, 0.0 ], [ 107.4900576, -6.836553, 0.0 ], [ 107.4896549, -6.8364044, 0.0 ], [ 107.4889862, -6.8361711, 0.0 ], [ 107.4885184, -6.8359296, 0.0 ], [ 107.4882521, -6.8357732, 0.0 ], [ 107.4880352, -6.835473, 0.0 ], [ 107.4879119, -6.8352298, 0.0 ], [ 107.4876472, -6.8345582, 0.0 ], [ 107.4874315, -6.8343958, 0.0 ], [ 107.4872556, -6.8342305, 0.0 ], [ 107.4866525, -6.8336634, 0.0 ], [ 107.4862489, -6.8333307, 0.0 ], [ 107.4858247, -6.8327303, 0.0 ], [ 107.4856477, -6.8327612, 0.0 ], [ 107.4851064, -6.8328736, 0.0 ], [ 107.484738, -6.8329893, 0.0 ], [ 107.4844703, -6.8330815, 0.0 ], [ 107.4842097, -6.8331758, 0.0 ], [ 107.4833528, -6.8335311, 0.0 ], [ 107.4828272, -6.8336137, 0.0 ], [ 107.4822957, -6.8336137, 0.0 ], [ 107.4818351, -6.833661, 0.0 ], [ 107.4815305, -6.8337333, 0.0 ], [ 107.48146, -6.83375, 0.0 ], [ 107.48136, -6.83386, 0.0 ], [ 107.481221, -6.8342102, 0.0 ], [ 107.481148, -6.8343075, 0.0 ], [ 107.4810792, -6.8343991, 0.0 ], [ 107.4807604, -6.8345409, 0.0 ], [ 107.4804119, -6.8346235, 0.0 ], [ 107.4801344, -6.8346176, 0.0 ], [ 107.4800778, -6.8345995, 0.0 ], [ 107.4800019, -6.8345752, 0.0 ], [ 107.4798806, -6.8344503, 0.0 ], [ 107.4798701, -6.8343616, 0.0 ], [ 107.4798591, -6.834229, 0.0 ], [ 107.4799627, -6.8339435, 0.0 ], [ 107.4801697, -6.8334081, 0.0 ], [ 107.4801982, -6.8332261, 0.0 ], [ 107.4799627, -6.8329548, 0.0 ], [ 107.4798484, -6.832862, 0.0 ], [ 107.4796632, -6.8327541, 0.0 ], [ 107.4793951, -6.8325979, 0.0 ], [ 107.4791774, -6.8325194, 0.0 ], [ 107.4790204, -6.8324551, 0.0 ], [ 107.4788848, -6.8322981, 0.0 ], [ 107.4787027, -6.8320768, 0.0 ], [ 107.4785809, -6.8319155, 0.0 ], [ 107.4785707, -6.8319019, 0.0 ], [ 107.477996, -6.8312166, 0.0 ], [ 107.47766, -6.83069, 0.0 ], [ 107.4776492, -6.8306649, 0.0 ], [ 107.4776, -6.83055, 0.0 ], [ 107.47755, -6.83047, 0.0 ], [ 107.47748, -6.83041, 0.0 ], [ 107.47742, -6.83034, 0.0 ], [ 107.47738, -6.83026, 0.0 ], [ 107.4770825, -6.8290614, 0.0 ], [ 107.47703, -6.82885, 0.0 ], [ 107.477, -6.82855, 0.0 ], [ 107.477, -6.82788, 0.0 ], [ 107.477, -6.82755, 0.0 ], [ 107.47704, -6.82676, 0.0 ], [ 107.4770645, -6.8265425, 0.0 ], [ 107.47713, -6.82596, 0.0 ], [ 107.47723, -6.82556, 0.0 ], [ 107.4772414, -6.8255384, 0.0 ], [ 107.4774496, -6.8251463, 0.0 ], [ 107.47766, -6.82475, 0.0 ], [ 107.47787, -6.82463, 0.0 ], [ 107.47813, -6.82472, 0.0 ], [ 107.47846, -6.82473, 0.0 ], [ 107.47842, -6.82441, 0.0 ], [ 107.4784056, -6.824301, 0.0 ], [ 107.47823, -6.82297, 0.0 ], [ 107.47823, -6.82224, 0.0 ], [ 107.4782887, -6.8220136, 0.0 ], [ 107.4783, -6.82197, 0.0 ], [ 107.47828, -6.82184, 0.0 ], [ 107.47838, -6.82134, 0.0 ], [ 107.47853, -6.82082, 0.0 ], [ 107.4785734, -6.8202783, 0.0 ], [ 107.4784561, -6.8200214, 0.0 ], [ 107.4782327, -6.8199208, 0.0 ], [ 107.478054, -6.8198147, 0.0 ], [ 107.4777413, -6.8196584, 0.0 ], [ 107.4775346, -6.8194629, 0.0 ], [ 107.4774676, -6.8193121, 0.0 ], [ 107.4774905, -6.8191846, 0.0 ], [ 107.4775299, -6.8189651, 0.0 ], [ 107.4771809, -6.8186491, 0.0 ], [ 107.4768846, -6.8186623, 0.0 ], [ 107.4767858, -6.8186293, 0.0 ], [ 107.4765225, -6.8183396, 0.0 ], [ 107.4763974, -6.8178985, 0.0 ], [ 107.4761208, -6.81778, 0.0 ], [ 107.4760244, -6.8175947, 0.0 ], [ 107.4761373, -6.8175959, 0.0 ], [ 107.4767311, -6.8175833, 0.0 ], [ 107.4774448, -6.817558, 0.0 ], [ 107.4776284, -6.8175017, 0.0 ], [ 107.47783, -6.81744, 0.0 ], [ 107.4786702, -6.8171474, 0.0 ], [ 107.4788281, -6.8171158, 0.0 ], [ 107.4789924, -6.8171285, 0.0 ], [ 107.4791882, -6.8171474, 0.0 ], [ 107.479384, -6.8172169, 0.0 ], [ 107.4796619, -6.8173495, 0.0 ], [ 107.4799967, -6.8175833, 0.0 ], [ 107.4803504, -6.817817, 0.0 ], [ 107.4805967, -6.8179938, 0.0 ], [ 107.4809043, -6.8181506, 0.0 ], [ 107.4809189, -6.8181581, 0.0 ], [ 107.4816453, -6.818057, 0.0 ], [ 107.4822138, -6.8183539, 0.0 ], [ 107.4825864, -6.8184549, 0.0 ], [ 107.4827886, -6.8184549, 0.0 ], [ 107.4833949, -6.818038, 0.0 ], [ 107.4836246, -6.8177742, 0.0 ], [ 107.4836918, -6.817697, 0.0 ], [ 107.4840582, -6.8175454, 0.0 ], [ 107.4841342, -6.8175135, 0.0 ], [ 107.4844498, -6.8173811, 0.0 ], [ 107.4847151, -6.8172611, 0.0 ], [ 107.4848919, -6.8172106, 0.0 ], [ 107.485657, -6.817258, 0.0 ], [ 107.48569, -6.81726, 0.0 ], [ 107.4857106, -6.8172562, 0.0 ], [ 107.486166, -6.8172563, 0.0 ], [ 107.4873884, -6.8169972, 0.0 ], [ 107.4876056, -6.8169131, 0.0 ], [ 107.4876095, -6.8169097, 0.0 ], [ 107.4876331, -6.8168889, 0.0 ], [ 107.4878425, -6.8167045, 0.0 ], [ 107.4880882, -6.8164252, 0.0 ], [ 107.4881188, -6.8163913, 0.0 ], [ 107.4884225, -6.816145, 0.0 ], [ 107.4886443, -6.8159862, 0.0 ], [ 107.4891796, -6.8158204, 0.0 ], [ 107.4891811, -6.8158199, 0.0 ], [ 107.4892953, -6.8157806, 0.0 ], [ 107.4895992, -6.8156758, 0.0 ], [ 107.4896145, -6.8156706, 0.0 ], [ 107.4896546, -6.8156518, 0.0 ], [ 107.4898304, -6.8155693, 0.0 ], [ 107.4898697, -6.8155344, 0.0 ], [ 107.4898807, -6.8155296, 0.0 ], [ 107.4899764, -6.8154716, 0.0 ], [ 107.49021, -6.81533, 0.0 ], [ 107.4903998, -6.8151831, 0.0 ], [ 107.4904219, -6.815166, 0.0 ], [ 107.4905226, -6.8150898, 0.0 ], [ 107.4907591, -6.8149347, 0.0 ], [ 107.4909033, -6.8148824, 0.0 ], [ 107.4910996, -6.8148681, 0.0 ], [ 107.4913654, -6.8148474, 0.0 ], [ 107.4915842, -6.8147788, 0.0 ], [ 107.4917602, -6.8146756, 0.0 ], [ 107.4918008, -6.8146306, 0.0 ], [ 107.4918755, -6.8145479, 0.0 ], [ 107.49188, -6.81454, 0.0 ], [ 107.49198, -6.81439, 0.0 ], [ 107.492001, -6.8143706, 0.0 ], [ 107.49211, -6.81427, 0.0 ], [ 107.4921161, -6.8142614, 0.0 ], [ 107.4922703, -6.8141397, 0.0 ], [ 107.4926879, -6.8139597, 0.0 ], [ 107.4926956, -6.8139506, 0.0 ], [ 107.4927, -6.81395, 0.0 ], [ 107.4927205, -6.8139213, 0.0 ], [ 107.49275, -6.81388, 0.0 ], [ 107.49283, -6.81371, 0.0 ], [ 107.49301, -6.81328, 0.0 ], [ 107.49309, -6.81296, 0.0 ], [ 107.49318, -6.8124, 0.0 ], [ 107.49323, -6.81219, 0.0 ], [ 107.49333, -6.81197, 0.0 ], [ 107.493336, -6.811964, 0.0 ], [ 107.49344, -6.81186, 0.0 ], [ 107.49389, -6.81154, 0.0 ], [ 107.49402, -6.81142, 0.0 ], [ 107.4945, -6.81107, 0.0 ], [ 107.49453, -6.811, 0.0 ], [ 107.49466, -6.81082, 0.0 ], [ 107.49478, -6.81061, 0.0 ], [ 107.49496, -6.81029, 0.0 ], [ 107.49516, -6.81019, 0.0 ], [ 107.49535, -6.81014, 0.0 ], [ 107.49553, -6.81009, 0.0 ], [ 107.49598, -6.8099, 0.0 ], [ 107.4960285, -6.8098701, 0.0 ], [ 107.4961534, -6.8097933, 0.0 ], [ 107.4963746, -6.8096638, 0.0 ], [ 107.4965044, -6.8095836, 0.0 ], [ 107.4967557, -6.8094556, 0.0 ], [ 107.4968724, -6.8093962, 0.0 ], [ 107.4970453, -6.8093714, 0.0 ], [ 107.4970712, -6.8093576, 0.0 ], [ 107.4974831, -6.8091378, 0.0 ], [ 107.4975715, -6.8090734, 0.0 ], [ 107.49781, -6.8089, 0.0 ], [ 107.498, -6.80875, 0.0 ], [ 107.49809, -6.8085, 0.0 ], [ 107.49816, -6.80798, 0.0 ], [ 107.4981826, -6.8075837, 0.0 ], [ 107.4982, -6.80728, 0.0 ], [ 107.49821, -6.80644, 0.0 ], [ 107.49821, -6.80574, 0.0 ], [ 107.4982104, -6.8057319, 0.0 ], [ 107.49826, -6.80464, 0.0 ], [ 107.4982174, -6.8043479, 0.0 ], [ 107.4979806, -6.8042358, 0.0 ], [ 107.49737, -6.80355, 0.0 ], [ 107.49678, -6.80298, 0.0 ], [ 107.4965759, -6.8027092, 0.0 ], [ 107.49629, -6.80233, 0.0 ], [ 107.49598, -6.80197, 0.0 ], [ 107.49554, -6.80154, 0.0 ], [ 107.49522, -6.80122, 0.0 ], [ 107.49478, -6.80099, 0.0 ], [ 107.4942902, -6.8008236, 0.0 ], [ 107.49425, -6.80081, 0.0 ], [ 107.49368, -6.8006, 0.0 ], [ 107.49336, -6.80045, 0.0 ], [ 107.49271, -6.80007, 0.0 ], [ 107.492, -6.79964, 0.0 ], [ 107.49145, -6.79927, 0.0 ], [ 107.4909475, -6.7990522, 0.0 ], [ 107.4909184, -6.7991155, 0.0 ], [ 107.4905856, -6.7983902, 0.0 ], [ 107.4912318, -6.7978195, 0.0 ], [ 107.4917786, -6.7974437, 0.0 ], [ 107.4931637, -6.7963942, 0.0 ], [ 107.4935046, -6.7958124, 0.0 ], [ 107.4935657, -6.7957583, 0.0 ], [ 107.4935496, -6.7957355, 0.0 ], [ 107.4935575, -6.795722, 0.0 ], [ 107.4936295, -6.7952501, 0.0 ], [ 107.4935535, -6.7949526, 0.0 ], [ 107.49313, -6.7946818, 0.0 ], [ 107.4931032, -6.7943096, 0.0 ], [ 107.4928041, -6.7940878, 0.0 ], [ 107.4925807, -6.794089, 0.0 ], [ 107.4923173, -6.7940027, 0.0 ], [ 107.4920326, -6.7936023, 0.0 ], [ 107.4919817, -6.7934964, 0.0 ], [ 107.4918606, -6.7928876, 0.0 ], [ 107.4919016, -6.7920176, 0.0 ], [ 107.4917741, -6.7912765, 0.0 ], [ 107.4916542, -6.7912212, 0.0 ], [ 107.4914722, -6.7909922, 0.0 ], [ 107.49116, -6.7909938, 0.0 ], [ 107.4908444, -6.7908486, 0.0 ], [ 107.4905422, -6.7907998, 0.0 ], [ 107.4905027, -6.7907738, 0.0 ], [ 107.4904393, -6.7907832, 0.0 ], [ 107.4897303, -6.7906688, 0.0 ], [ 107.4891478, -6.7904514, 0.0 ], [ 107.4885627, -6.7901385, 0.0 ], [ 107.4882234, -6.7901063, 0.0 ], [ 107.4879336, -6.7899981, 0.0 ], [ 107.487517, -6.7901393, 0.0 ], [ 107.486751, -6.7903215, 0.0 ], [ 107.4859247, -6.7905029, 0.0 ], [ 107.48571, -6.7905041, 0.0 ], [ 107.4854919, -6.790598, 0.0 ], [ 107.4853621, -6.7906265, 0.0 ], [ 107.4846933, -6.7909277, 0.0 ], [ 107.4840236, -6.7910801, 0.0 ], [ 107.4831825, -6.7916801, 0.0 ], [ 107.4831566, -6.7917046, 0.0 ], [ 107.4830573, -6.7917539, 0.0 ], [ 107.4826824, -6.7921536, 0.0 ], [ 107.4819964, -6.7928031, 0.0 ], [ 107.4817831, -6.7930747, 0.0 ], [ 107.4815808, -6.793245, 0.0 ], [ 107.4808413, -6.7937433, 0.0 ], [ 107.4801639, -6.7943031, 0.0 ], [ 107.4796705, -6.7945529, 0.0 ], [ 107.4789309, -6.7950512, 0.0 ], [ 107.4783148, -6.795487, 0.0 ], [ 107.4776371, -6.795985, 0.0 ], [ 107.4770834, -6.7965442, 0.0 ], [ 107.4764079, -6.7974748, 0.0 ], [ 107.4755456, -6.7981592, 0.0 ], [ 107.47487, -6.79842, 0.0 ], [ 107.47427, -6.79846, 0.0 ], [ 107.47371, -6.7985, 0.0 ], [ 107.4729308, -6.7985929, 0.0 ], [ 107.47262, -6.79863, 0.0 ], [ 107.4716, -6.79873, 0.0 ], [ 107.47061, -6.79876, 0.0 ], [ 107.4699, -6.79874, 0.0 ], [ 107.46931, -6.79871, 0.0 ], [ 107.4693616, -6.7985939, 0.0 ], [ 107.46943, -6.79844, 0.0 ], [ 107.46961, -6.79806, 0.0 ], [ 107.47004, -6.79732, 0.0 ], [ 107.47015, -6.79697, 0.0 ], [ 107.4703098, -6.796422, 0.0 ], [ 107.47043, -6.79601, 0.0 ], [ 107.47058, -6.79576, 0.0 ], [ 107.47083, -6.79551, 0.0 ], [ 107.47122, -6.79524, 0.0 ], [ 107.4713197, -6.7949701, 0.0 ], [ 107.47139, -6.79478, 0.0 ], [ 107.47143, -6.79454, 0.0 ], [ 107.47137, -6.7941, 0.0 ], [ 107.47128, -6.79372, 0.0 ], [ 107.47118, -6.79352, 0.0 ], [ 107.47125, -6.79345, 0.0 ], [ 107.47135, -6.79335, 0.0 ], [ 107.4714, -6.79326, 0.0 ], [ 107.47156, -6.79303, 0.0 ], [ 107.47166, -6.79278, 0.0 ], [ 107.47171, -6.79261, 0.0 ], [ 107.47184, -6.79247, 0.0 ], [ 107.4718, -6.79221, 0.0 ], [ 107.47183, -6.79215, 0.0 ], [ 107.47195, -6.79205, 0.0 ], [ 107.47175, -6.79161, 0.0 ], [ 107.47173, -6.79153, 0.0 ], [ 107.47166, -6.79137, 0.0 ], [ 107.47137, -6.79074, 0.0 ], [ 107.471, -6.78997, 0.0 ], [ 107.470629, -6.7899263, 0.0 ], [ 107.47049, -6.78991, 0.0 ], [ 107.46911, -6.78988, 0.0 ], [ 107.46885, -6.78983, 0.0 ], [ 107.4687, -6.78974, 0.0 ], [ 107.46858, -6.78959, 0.0 ], [ 107.46846, -6.7894, 0.0 ], [ 107.46819, -6.78884, 0.0 ], [ 107.46794, -6.78838, 0.0 ], [ 107.46785, -6.78817, 0.0 ], [ 107.46781, -6.78811, 0.0 ], [ 107.46773, -6.78797, 0.0 ], [ 107.4675, -6.78777, 0.0 ], [ 107.46721, -6.78748, 0.0 ], [ 107.46704, -6.78727, 0.0 ], [ 107.46681, -6.78688, 0.0 ], [ 107.46662, -6.78663, 0.0 ], [ 107.4664969, -6.7865299, 0.0 ], [ 107.46646, -6.7865, 0.0 ], [ 107.46566, -6.78559, 0.0 ], [ 107.46532, -6.78506, 0.0 ], [ 107.46514, -6.78473, 0.0 ], [ 107.4648975, -6.7842354, 0.0 ], [ 107.4648125, -6.78426, 0.0 ], [ 107.4647035, -6.7844099, 0.0 ], [ 107.4646853, -6.7844963, 0.0 ], [ 107.4646853, -6.7846644, 0.0 ], [ 107.4644717, -6.7848643, 0.0 ], [ 107.46428, -6.785, 0.0 ], [ 107.4641127, -6.785087, 0.0 ], [ 107.4638537, -6.7851461, 0.0 ], [ 107.4636992, -6.7850779, 0.0 ], [ 107.4635584, -6.7848189, 0.0 ], [ 107.4634539, -6.7847507, 0.0 ], [ 107.4633721, -6.7847416, 0.0 ], [ 107.4632539, -6.7848143, 0.0 ], [ 107.46317, -6.7849, 0.0 ], [ 107.4630858, -6.7849279, 0.0 ], [ 107.4629949, -6.7850052, 0.0 ], [ 107.4626905, -6.7850234, 0.0 ], [ 107.4624724, -6.7849916, 0.0 ], [ 107.4622683, -6.7849542, 0.0 ], [ 107.4621634, -6.7849098, 0.0 ], [ 107.4620725, -6.784937, 0.0 ], [ 107.4619862, -6.7850234, 0.0 ], [ 107.4619407, -6.785196, 0.0 ], [ 107.461918, -6.7853051, 0.0 ], [ 107.4618271, -6.7854869, 0.0 ], [ 107.4617837, -6.7855464, 0.0 ], [ 107.46173, -6.78562, 0.0 ], [ 107.4616272, -6.7857459, 0.0 ], [ 107.4614772, -6.7858004, 0.0 ], [ 107.4614227, -6.7861003, 0.0 ], [ 107.4613091, -6.7862593, 0.0 ], [ 107.461141, -6.7863684, 0.0 ], [ 107.4607184, -6.786482, 0.0 ], [ 107.460523, -6.786582, 0.0 ], [ 107.4604457, -6.7867365, 0.0 ], [ 107.4603276, -6.7868364, 0.0 ], [ 107.4602727, -6.7868414, 0.0 ], [ 107.4601776, -6.7868501, 0.0 ], [ 107.4599641, -6.7869364, 0.0 ], [ 107.4598868, -6.7870636, 0.0 ], [ 107.4598005, -6.7872408, 0.0 ], [ 107.4597232, -6.7873272, 0.0 ], [ 107.459696, -6.7875907, 0.0 ], [ 107.4595795, -6.7878319, 0.0 ], [ 107.4595142, -6.7881815, 0.0 ], [ 107.4593506, -6.7882769, 0.0 ], [ 107.4592098, -6.7883269, 0.0 ], [ 107.4591416, -6.7884405, 0.0 ], [ 107.4591643, -6.7886359, 0.0 ], [ 107.4591776, -6.7888668, 0.0 ], [ 107.459002, -6.7889943, 0.0 ], [ 107.4587537, -6.7891746, 0.0 ], [ 107.457647, -6.7897477, 0.0 ], [ 107.4573005, -6.7900738, 0.0 ], [ 107.4571286, -6.7901127, 0.0 ], [ 107.45698, -6.79022, 0.0 ], [ 107.4562759, -6.7909894, 0.0 ], [ 107.4561331, -6.7914177, 0.0 ], [ 107.4558476, -6.7915129, 0.0 ], [ 107.4554431, -6.7916556, 0.0 ], [ 107.4552289, -6.7917746, 0.0 ], [ 107.4550576, -6.7921172, 0.0 ], [ 107.4548958, -6.7922219, 0.0 ], [ 107.4546007, -6.792279, 0.0 ], [ 107.4544104, -6.7922315, 0.0 ], [ 107.4542962, -6.792279, 0.0 ], [ 107.4541153, -6.7925455, 0.0 ], [ 107.4539821, -6.7928596, 0.0 ], [ 107.4538108, -6.7929643, 0.0 ], [ 107.4534872, -6.7929072, 0.0 ], [ 107.4532968, -6.7927454, 0.0 ], [ 107.4530017, -6.7928406, 0.0 ], [ 107.4528209, -6.7931642, 0.0 ], [ 107.4526401, -6.7935544, 0.0 ], [ 107.4526496, -6.7938209, 0.0 ], [ 107.4527257, -6.7938876, 0.0 ], [ 107.4529066, -6.7939732, 0.0 ], [ 107.4531064, -6.7939923, 0.0 ], [ 107.4533729, -6.7940303, 0.0 ], [ 107.4534967, -6.7942016, 0.0 ], [ 107.4534681, -6.7944491, 0.0 ], [ 107.4533444, -6.7945538, 0.0 ], [ 107.453135, -6.7946775, 0.0 ], [ 107.4529732, -6.7948108, 0.0 ], [ 107.4528019, -6.7950392, 0.0 ], [ 107.4528495, -6.7953723, 0.0 ], [ 107.4527828, -6.7955437, 0.0 ], [ 107.4526115, -6.795715, 0.0 ], [ 107.4524497, -6.7957721, 0.0 ], [ 107.452326, -6.7960576, 0.0 ], [ 107.4522784, -6.796267, 0.0 ], [ 107.4519453, -6.7963051, 0.0 ], [ 107.4516978, -6.7963241, 0.0 ], [ 107.4514503, -6.7964574, 0.0 ], [ 107.4514503, -6.7966953, 0.0 ], [ 107.4514123, -6.7969047, 0.0 ], [ 107.4512885, -6.7971236, 0.0 ], [ 107.4511362, -6.797333, 0.0 ], [ 107.4509173, -6.7974282, 0.0 ], [ 107.4506128, -6.7975614, 0.0 ], [ 107.4503843, -6.7977232, 0.0 ], [ 107.4500702, -6.7979422, 0.0 ], [ 107.4497752, -6.7980659, 0.0 ], [ 107.4495944, -6.7979897, 0.0 ], [ 107.4493564, -6.7979041, 0.0 ], [ 107.4491565, -6.7977804, 0.0 ], [ 107.4488805, -6.7977804, 0.0 ], [ 107.4485569, -6.7978184, 0.0 ], [ 107.4482428, -6.7977518, 0.0 ], [ 107.4480716, -6.7979084, 0.0 ], [ 107.4479717, -6.798094, 0.0 ], [ 107.4474292, -6.7982938, 0.0 ], [ 107.4467938, -6.7980502, 0.0 ], [ 107.44662, -6.79825, 0.0 ], [ 107.44654, -6.79838, 0.0 ], [ 107.44644, -6.79901, 0.0 ], [ 107.44642, -6.79914, 0.0 ], [ 107.44635, -6.79922, 0.0 ], [ 107.44615, -6.79923, 0.0 ], [ 107.4460174, -6.7992534, 0.0 ], [ 107.4458355, -6.7996573, 0.0 ], [ 107.4457641, -6.7998286, 0.0 ], [ 107.4457499, -6.8001284, 0.0 ], [ 107.4459069, -6.8005282, 0.0 ], [ 107.4460782, -6.800828, 0.0 ], [ 107.4459212, -6.801085, 0.0 ], [ 107.445807, -6.8013705, 0.0 ], [ 107.445807, -6.8025269, 0.0 ], [ 107.4457784, -6.8027696, 0.0 ], [ 107.445807, -6.803512, 0.0 ], [ 107.4459212, -6.8040545, 0.0 ], [ 107.4463495, -6.8045257, 0.0 ], [ 107.4469206, -6.8051538, 0.0 ], [ 107.44746, -6.80515, 0.0 ], [ 107.44775, -6.80513, 0.0 ], [ 107.44809, -6.80545, 0.0 ], [ 107.448188, -6.805558, 0.0 ], [ 107.44858, -6.80599, 0.0 ], [ 107.44884, -6.80635, 0.0 ], [ 107.4488546, -6.8063735, 0.0 ], [ 107.4488684, -6.8063959, 0.0 ], [ 107.4489915, -6.8065951, 0.0 ], [ 107.44918, -6.8069, 0.0 ], [ 107.4492343, -6.8069937, 0.0 ], [ 107.4494, -6.80728, 0.0 ], [ 107.4506, -6.80851, 0.0 ], [ 107.45117, -6.80924, 0.0 ], [ 107.45152, -6.80987, 0.0 ], [ 107.45199, -6.81111, 0.0 ], [ 107.45235, -6.81226, 0.0 ], [ 107.45266, -6.81309, 0.0 ], [ 107.45304, -6.81418, 0.0 ], [ 107.45332, -6.81505, 0.0 ], [ 107.4536, -6.81612, 0.0 ], [ 107.45372, -6.81669, 0.0 ], [ 107.4538, -6.81707, 0.0 ], [ 107.4539, -6.81741, 0.0 ], [ 107.45405, -6.81793, 0.0 ], [ 107.4540555, -6.8179853, 0.0 ], [ 107.45407, -6.81813, 0.0 ], [ 107.45408, -6.81845, 0.0 ], [ 107.45408, -6.81871, 0.0 ], [ 107.45403, -6.81895, 0.0 ], [ 107.45387, -6.81917, 0.0 ], [ 107.45372, -6.81951, 0.0 ], [ 107.45365, -6.81972, 0.0 ], [ 107.45356, -6.81981, 0.0 ], [ 107.45331, -6.8198, 0.0 ], [ 107.45311, -6.81985, 0.0 ], [ 107.45302, -6.81993, 0.0 ], [ 107.45299, -6.8201, 0.0 ], [ 107.45256, -6.82093, 0.0 ], [ 107.45217, -6.82136, 0.0 ], [ 107.45156, -6.82211, 0.0 ], [ 107.4512684, -6.8225413, 0.0 ], [ 107.45108, -6.82282, 0.0 ], [ 107.45073, -6.82363, 0.0 ], [ 107.4506398, -6.82424, 0.0 ], [ 107.4506803, -6.8243869, 0.0 ], [ 107.45075, -6.82464, 0.0 ], [ 107.45102, -6.82538, 0.0 ], [ 107.45136, -6.82606, 0.0 ], [ 107.45186, -6.82687, 0.0 ], [ 107.45235, -6.82761, 0.0 ], [ 107.45283, -6.82829, 0.0 ], [ 107.45303, -6.82878, 0.0 ], [ 107.45312, -6.82918, 0.0 ], [ 107.45314, -6.82945, 0.0 ], [ 107.4530863, -6.8297647, 0.0 ], [ 107.45307, -6.82986, 0.0 ], [ 107.45285, -6.83045, 0.0 ], [ 107.452661, -6.8307832, 0.0 ], [ 107.4525724, -6.8309984, 0.0 ], [ 107.4524157, -6.8309314, 0.0 ], [ 107.4522059, -6.8310712, 0.0 ], [ 107.4520541, -6.8313398, 0.0 ], [ 107.4520078, -6.8316461, 0.0 ], [ 107.4520571, -6.831928, 0.0 ], [ 107.4520802, -6.8321935, 0.0 ], [ 107.4518446, -6.8327299, 0.0 ], [ 107.4517767, -6.8327871, 0.0 ], [ 107.4516244, -6.8328064, 0.0 ], [ 107.4515804, -6.832812, 0.0 ], [ 107.4514211, -6.8328795, 0.0 ], [ 107.4513948, -6.8328906, 0.0 ], [ 107.4512224, -6.832982, 0.0 ], [ 107.4509953, -6.8330338, 0.0 ], [ 107.4508666, -6.8330119, 0.0 ], [ 107.4507203, -6.8329941, 0.0 ], [ 107.4506346, -6.8330119, 0.0 ], [ 107.4504705, -6.8331687, 0.0 ], [ 107.4504616, -6.8331772, 0.0 ], [ 107.4502824, -6.8333564, 0.0 ], [ 107.4502479, -6.8333974, 0.0 ], [ 107.4502473, -6.8333981, 0.0 ], [ 107.4501987, -6.833456, 0.0 ], [ 107.4500872, -6.8335954, 0.0 ], [ 107.4499779, -6.8336472, 0.0 ], [ 107.4498427, -6.8336546, 0.0 ], [ 107.4497816, -6.8336579, 0.0 ], [ 107.449471, -6.8337329, 0.0 ], [ 107.4493576, -6.8338049, 0.0 ], [ 107.4492854, -6.8338507, 0.0 ], [ 107.4491962, -6.8339006, 0.0 ], [ 107.4490249, -6.833947, 0.0 ], [ 107.4488429, -6.8339792, 0.0 ], [ 107.4487001, -6.8340969, 0.0 ], [ 107.4485038, -6.8341255, 0.0 ], [ 107.4482909, -6.8344239, 0.0 ], [ 107.4482015, -6.8344307, 0.0 ], [ 107.447947, -6.8344503, 0.0 ], [ 107.4478256, -6.8345253, 0.0 ], [ 107.4477257, -6.8346002, 0.0 ], [ 107.4474652, -6.8347858, 0.0 ], [ 107.4473224, -6.8348286, 0.0 ], [ 107.4471154, -6.834875, 0.0 ], [ 107.4469726, -6.8349, 0.0 ], [ 107.4468406, -6.83495, 0.0 ], [ 107.4466871, -6.8350178, 0.0 ], [ 107.4465029, -6.8351346, 0.0 ], [ 107.4462552, -6.8352534, 0.0 ], [ 107.4460625, -6.8354497, 0.0 ], [ 107.4459804, -6.8354961, 0.0 ], [ 107.4458697, -6.8354961, 0.0 ], [ 107.4457234, -6.8354211, 0.0 ], [ 107.4455057, -6.8351963, 0.0 ], [ 107.445445, -6.8351356, 0.0 ], [ 107.4453272, -6.8351499, 0.0 ], [ 107.4452638, -6.8352882, 0.0 ], [ 107.4452518, -6.8354156, 0.0 ], [ 107.4451324, -6.8355909, 0.0 ], [ 107.4450049, -6.835798, 0.0 ], [ 107.444973, -6.8358976, 0.0 ], [ 107.444977, -6.836041, 0.0 ], [ 107.4448854, -6.8363397, 0.0 ], [ 107.4448257, -6.8363994, 0.0 ], [ 107.44475, -6.8363994, 0.0 ], [ 107.4446823, -6.8363795, 0.0 ], [ 107.4446225, -6.8363118, 0.0 ], [ 107.4445269, -6.8363596, 0.0 ], [ 107.4443756, -6.8364472, 0.0 ], [ 107.4440808, -6.8364671, 0.0 ], [ 107.4438897, -6.8364273, 0.0 ], [ 107.4437463, -6.8364432, 0.0 ], [ 107.4437039, -6.8364542, 0.0 ], [ 107.44318, -6.83659, 0.0 ], [ 107.4428075, -6.836617, 0.0 ], [ 107.44249, -6.83664, 0.0 ], [ 107.44191, -6.83658, 0.0 ], [ 107.44184, -6.83657, 0.0 ], [ 107.4418017, -6.8365671, 0.0 ], [ 107.44131, -6.83653, 0.0 ], [ 107.44072, -6.83653, 0.0 ], [ 107.44002, -6.83674, 0.0 ], [ 107.43985, -6.83688, 0.0 ], [ 107.43975, -6.83702, 0.0 ], [ 107.43974, -6.83719, 0.0 ], [ 107.4382022, -6.8381133, 0.0 ], [ 107.435507, -6.8388348, 0.0 ], [ 107.4357747, -6.8463338, 0.0 ], [ 107.4375717, -6.8458835, 0.0 ], [ 107.43935, -6.84616, 0.0 ], [ 107.4392903, -6.84663, 0.0 ], [ 107.43934, -6.84724, 0.0 ], [ 107.43941, -6.84769, 0.0 ], [ 107.43965, -6.84807, 0.0 ], [ 107.44011, -6.84857, 0.0 ], [ 107.4406029, -6.8488743, 0.0 ], [ 107.4407645, -6.8489741, 0.0 ], [ 107.44126, -6.84928, 0.0 ], [ 107.44207, -6.84957, 0.0 ], [ 107.4432306, -6.8498743, 0.0 ], [ 107.44371, -6.85, 0.0 ], [ 107.4438379, -6.8500611, 0.0 ], [ 107.444037, -6.8503519, 0.0 ], [ 107.4441326, -6.8505032, 0.0 ], [ 107.44423, -6.85073, 0.0 ], [ 107.4443796, -6.8508856, 0.0 ], [ 107.4445628, -6.8510011, 0.0 ], [ 107.4447, -6.85105, 0.0 ], [ 107.4447761, -6.8510838, 0.0 ], [ 107.4449133, -6.8510808, 0.0 ], [ 107.4449927, -6.8511261, 0.0 ], [ 107.4451124, -6.8511684, 0.0 ], [ 107.4452113, -6.8512332, 0.0 ], [ 107.4452479, -6.8512958, 0.0 ], [ 107.4452558, -6.8513436, 0.0 ], [ 107.4452996, -6.8513715, 0.0 ], [ 107.4453673, -6.8513635, 0.0 ], [ 107.445455, -6.8514273, 0.0 ], [ 107.44564, -6.85148, 0.0 ], [ 107.4457298, -6.8515229, 0.0 ], [ 107.4457935, -6.8515627, 0.0 ], [ 107.4458015, -6.8516424, 0.0 ], [ 107.4458254, -6.851726, 0.0 ], [ 107.4458055, -6.8518694, 0.0 ], [ 107.4459011, -6.8518933, 0.0 ], [ 107.445925, -6.8521801, 0.0 ], [ 107.4459807, -6.8522796, 0.0 ], [ 107.4460601, -6.8522968, 0.0 ], [ 107.446144, -6.8522677, 0.0 ], [ 107.4462197, -6.8522119, 0.0 ], [ 107.44663, -6.85246, 0.0 ], [ 107.44695, -6.85263, 0.0 ], [ 107.44715, -6.85289, 0.0 ], [ 107.4471637, -6.8530085, 0.0 ], [ 107.4472131, -6.8530659, 0.0 ], [ 107.4472633, -6.853124, 0.0 ], [ 107.4473827, -6.8532117, 0.0 ], [ 107.4474266, -6.8532913, 0.0 ], [ 107.4475779, -6.8533829, 0.0 ], [ 107.4476695, -6.8534984, 0.0 ], [ 107.4476496, -6.8536737, 0.0 ], [ 107.44766, -6.85396, 0.0 ], [ 107.44769, -6.85412, 0.0 ], [ 107.447793, -6.8542751, 0.0 ], [ 107.4478288, -6.8543866, 0.0 ], [ 107.4479045, -6.8544583, 0.0 ], [ 107.448024, -6.8544384, 0.0 ], [ 107.4480758, -6.8544783, 0.0 ], [ 107.4480758, -6.8546734, 0.0 ], [ 107.4481116, -6.8547571, 0.0 ], [ 107.4482152, -6.8549004, 0.0 ], [ 107.4482192, -6.8550598, 0.0 ], [ 107.4482909, -6.8551633, 0.0 ], [ 107.4482949, -6.8552629, 0.0 ], [ 107.448301, -6.8553036, 0.0 ], [ 107.4483307, -6.8553505, 0.0 ], [ 107.4483108, -6.8554501, 0.0 ], [ 107.4482311, -6.8555178, 0.0 ], [ 107.448263, -6.8558046, 0.0 ], [ 107.4483426, -6.856183, 0.0 ], [ 107.4483789, -6.8562345, 0.0 ], [ 107.4484701, -6.8563224, 0.0 ], [ 107.448498, -6.8563821, 0.0 ], [ 107.448506, -6.8564618, 0.0 ], [ 107.4484653, -6.8565265, 0.0 ], [ 107.4483944, -6.8565614, 0.0 ], [ 107.448259, -6.8566609, 0.0 ], [ 107.4482311, -6.8569557, 0.0 ], [ 107.4482232, -6.8570831, 0.0 ], [ 107.4482829, -6.8572464, 0.0 ], [ 107.4483347, -6.857338, 0.0 ], [ 107.4485338, -6.8575292, 0.0 ], [ 107.4486135, -6.8576288, 0.0 ], [ 107.4487569, -6.858059, 0.0 ], [ 107.4488087, -6.858278, 0.0 ], [ 107.4488923, -6.8585409, 0.0 ], [ 107.4489441, -6.8586803, 0.0 ], [ 107.448952, -6.8587201, 0.0 ], [ 107.4489202, -6.8587321, 0.0 ], [ 107.4488445, -6.8587281, 0.0 ], [ 107.4486932, -6.8587361, 0.0 ], [ 107.4487078, -6.858801, 0.0 ], [ 107.44867, -6.8588705, 0.0 ], [ 107.4486414, -6.8589233, 0.0 ], [ 107.4486533, -6.8591184, 0.0 ], [ 107.448729, -6.8592459, 0.0 ], [ 107.4487768, -6.8594012, 0.0 ], [ 107.4487967, -6.8595207, 0.0 ], [ 107.4487768, -6.8596761, 0.0 ], [ 107.4487409, -6.8597199, 0.0 ], [ 107.448737, -6.8597796, 0.0 ], [ 107.4487887, -6.8598712, 0.0 ], [ 107.4489321, -6.8599509, 0.0 ], [ 107.4489959, -6.8600505, 0.0 ], [ 107.4492707, -6.8602496, 0.0 ], [ 107.4495614, -6.8602177, 0.0 ], [ 107.4496149, -6.8601787, 0.0 ], [ 107.4498164, -6.8602058, 0.0 ], [ 107.4498881, -6.86017, 0.0 ], [ 107.4500474, -6.8601819, 0.0 ], [ 107.450123, -6.8602815, 0.0 ], [ 107.45024, -6.86039, 0.0 ], [ 107.4504736, -6.8603333, 0.0 ], [ 107.450836, -6.8602536, 0.0 ], [ 107.4509196, -6.8601421, 0.0 ], [ 107.4511746, -6.86015, 0.0 ], [ 107.4511974, -6.8601678, 0.0 ], [ 107.4513179, -6.8602616, 0.0 ], [ 107.451401, -6.8602463, 0.0 ], [ 107.4514972, -6.8602735, 0.0 ], [ 107.4515529, -6.8603293, 0.0 ], [ 107.4516406, -6.8602217, 0.0 ], [ 107.4517362, -6.8601779, 0.0 ], [ 107.4518716, -6.86015, 0.0 ], [ 107.4520548, -6.8600783, 0.0 ], [ 107.452268, -6.8600321, 0.0 ], [ 107.4523039, -6.8600233, 0.0 ], [ 107.4524118, -6.8600225, 0.0 ], [ 107.4526204, -6.8600624, 0.0 ], [ 107.4527678, -6.8601022, 0.0 ], [ 107.4528818, -6.8601062, 0.0 ], [ 107.4529789, -6.8600983, 0.0 ], [ 107.4531063, -6.8600584, 0.0 ], [ 107.453182, -6.8600266, 0.0 ], [ 107.4532019, -6.8598991, 0.0 ], [ 107.4531845, -6.8597861, 0.0 ], [ 107.453222, -6.8596708, 0.0 ], [ 107.4533056, -6.8595526, 0.0 ], [ 107.4533971, -6.8595685, 0.0 ], [ 107.4534887, -6.8595566, 0.0 ], [ 107.4536201, -6.8594809, 0.0 ], [ 107.4536241, -6.8594052, 0.0 ], [ 107.4535905, -6.8593325, 0.0 ], [ 107.4535561, -6.859258, 0.0 ], [ 107.4535132, -6.8592037, 0.0 ], [ 107.4534568, -6.8591423, 0.0 ], [ 107.4534556, -6.8590941, 0.0 ], [ 107.4534902, -6.8590682, 0.0 ], [ 107.4535507, -6.8590711, 0.0 ], [ 107.4536201, -6.8591025, 0.0 ], [ 107.4538113, -6.8591623, 0.0 ], [ 107.4538591, -6.859222, 0.0 ], [ 107.4538852, -6.8593075, 0.0 ], [ 107.4539284, -6.8593248, 0.0 ], [ 107.4540091, -6.8593075, 0.0 ], [ 107.4540583, -6.8593136, 0.0 ], [ 107.4541977, -6.8593295, 0.0 ], [ 107.454357, -6.8594092, 0.0 ], [ 107.4544844, -6.8594371, 0.0 ], [ 107.4545772, -6.8594286, 0.0 ], [ 107.4546398, -6.8594092, 0.0 ], [ 107.4547242, -6.8593882, 0.0 ], [ 107.4547905, -6.8593392, 0.0 ], [ 107.4549289, -6.8593104, 0.0 ], [ 107.4550022, -6.8592658, 0.0 ], [ 107.4551634, -6.8592848, 0.0 ], [ 107.4552054, -6.8592897, 0.0 ], [ 107.4555877, -6.8593574, 0.0 ], [ 107.4560378, -6.8595008, 0.0 ], [ 107.4562673, -6.859444, 0.0 ], [ 107.4563898, -6.8595436, 0.0 ], [ 107.4565888, -6.8596431, 0.0 ], [ 107.4567357, -6.8597371, 0.0 ], [ 107.4567803, -6.8597656, 0.0 ], [ 107.4569217, -6.8597391, 0.0 ], [ 107.4570176, -6.859712, 0.0 ], [ 107.4571401, -6.8597197, 0.0 ], [ 107.4573774, -6.8595818, 0.0 ], [ 107.457401, -6.8595689, 0.0 ], [ 107.4577679, -6.8593675, 0.0 ], [ 107.4577909, -6.8591225, 0.0 ], [ 107.4578598, -6.8588775, 0.0 ], [ 107.4578598, -6.8586784, 0.0 ], [ 107.457944, -6.8584717, 0.0 ], [ 107.4580512, -6.8583798, 0.0 ], [ 107.4582349, -6.8583339, 0.0 ], [ 107.4584417, -6.8583798, 0.0 ], [ 107.4585405, -6.8584589, 0.0 ], [ 107.4585948, -6.8585023, 0.0 ], [ 107.45872, -6.85875, 0.0 ], [ 107.4588245, -6.8588315, 0.0 ], [ 107.4591154, -6.8588239, 0.0 ], [ 107.4594293, -6.8587014, 0.0 ], [ 107.4595977, -6.8586631, 0.0 ], [ 107.4596743, -6.8586861, 0.0 ], [ 107.4596973, -6.8588468, 0.0 ], [ 107.4596131, -6.8590459, 0.0 ], [ 107.4597585, -6.8592143, 0.0 ], [ 107.4599652, -6.8594593, 0.0 ], [ 107.4599882, -6.8596814, 0.0 ], [ 107.4600112, -6.8598957, 0.0 ], [ 107.4603481, -6.860225, 0.0 ], [ 107.4604476, -6.8603475, 0.0 ], [ 107.460443, -6.8603978, 0.0 ], [ 107.4604323, -6.8605159, 0.0 ], [ 107.46016, -6.86086, 0.0 ], [ 107.46011, -6.86107, 0.0 ], [ 107.4601116, -6.8610729, 0.0 ], [ 107.4601487, -6.8611789, 0.0 ], [ 107.4602184, -6.8612601, 0.0 ], [ 107.4603252, -6.86139, 0.0 ], [ 107.4603584, -6.861504, 0.0 ], [ 107.4603549, -6.8616222, 0.0 ], [ 107.4603188, -6.8617447, 0.0 ], [ 107.4602863, -6.8618972, 0.0 ], [ 107.4602943, -6.8620514, 0.0 ], [ 107.4603462, -6.8625267, 0.0 ], [ 107.4603382, -6.8628689, 0.0 ], [ 107.4603101, -6.8631134, 0.0 ], [ 107.4601844, -6.8633975, 0.0 ], [ 107.4600582, -6.8635741, 0.0 ], [ 107.4597855, -6.8638101, 0.0 ], [ 107.4594741, -6.8641246, 0.0 ], [ 107.4593483, -6.8643794, 0.0 ], [ 107.4593597, -6.8646921, 0.0 ], [ 107.4594612, -6.8654052, 0.0 ], [ 107.4596172, -6.8663609, 0.0 ], [ 107.459578, -6.8668172, 0.0 ], [ 107.4595186, -6.8673566, 0.0 ], [ 107.4595838, -6.8679367, 0.0 ], [ 107.4597313, -6.8683921, 0.0 ], [ 107.4597337, -6.8688482, 0.0 ], [ 107.4596944, -6.8692837, 0.0 ], [ 107.4598842, -6.869884, 0.0 ], [ 107.4603045, -6.8709391, 0.0 ], [ 107.4603086, -6.8717269, 0.0 ], [ 107.4601888, -6.8726397, 0.0 ], [ 107.4600905, -6.8736975, 0.0 ], [ 107.4600962, -6.8747963, 0.0 ], [ 107.4602023, -6.8759621, 0.0 ], [ 107.4595343, -6.8764869, 0.0 ], [ 107.4587469, -6.8769975, 0.0 ], [ 107.4579286, -6.8772847, 0.0 ], [ 107.4570492, -6.8773041, 0.0 ], [ 107.4561251, -6.8773089, 0.0 ], [ 107.4557231, -6.8773854, 0.0 ], [ 107.4553521, -6.877715, 0.0 ], [ 107.4550858, -6.8781037, 0.0 ], [ 107.4546568, -6.8787465, 0.0 ], [ 107.4542113, -6.8790616, 0.0 ], [ 107.4537653, -6.8792874, 0.0 ], [ 107.4532016, -6.8798265, 0.0 ], [ 107.4526383, -6.8804402, 0.0 ], [ 107.4527627, -6.8814551, 0.0 ], [ 107.4529543, -6.8819828, 0.0 ], [ 107.4533351, -6.8825473, 0.0 ], [ 107.4537544, -6.8832627, 0.0 ], [ 107.4538331, -6.8838665, 0.0 ], [ 107.4537988, -6.8845465, 0.0 ], [ 107.4535376, -6.8851898, 0.0 ], [ 107.4534654, -6.8858322, 0.0 ], [ 107.4547914, -6.8856417, 0.0 ], [ 107.4588509, -6.8840425, 0.0 ], [ 107.4625265, -6.8822541, 0.0 ], [ 107.4662536, -6.8811827, 0.0 ], [ 107.4681675, -6.881125, 0.0 ], [ 107.4709407, -6.8806803, 0.0 ], [ 107.4721792, -6.8795739, 0.0 ], [ 107.4725082, -6.8784244, 0.0 ], [ 107.4731754, -6.8778949, 0.0 ], [ 107.4740826, -6.8775076, 0.0 ], [ 107.475422, -6.877405, 0.0 ], [ 107.4759925, -6.8766847, 0.0 ], [ 107.4765179, -6.8764907, 0.0 ], [ 107.4774301, -6.8770598, 0.0 ], [ 107.4779559, -6.8769615, 0.0 ], [ 107.4785528, -6.876729, 0.0 ], [ 107.4785465, -6.8774444, 0.0 ], [ 107.4783383, -6.8781513, 0.0 ], [ 107.4780939, -6.8786818, 0.0 ], [ 107.4777434, -6.8791776, 0.0 ], [ 107.4773576, -6.8796737, 0.0 ], [ 107.4770087, -6.880487, 0.0 ], [ 107.4766597, -6.8812652, 0.0 ], [ 107.4761346, -6.88215, 0.0 ], [ 107.4755385, -6.8829294, 0.0 ], [ 107.4750123, -6.8836026, 0.0 ], [ 107.4739399, -6.8844713, 0.0 ], [ 107.4742251, -6.8851153, 0.0 ], [ 107.4745519, -6.8858138, 0.0 ], [ 107.4747887, -6.8861503, 0.0 ], [ 107.4752156, -6.8863096, 0.0 ], [ 107.4759658, -6.8864966, 0.0 ], [ 107.4771718, -6.8867399, 0.0 ], [ 107.4779665, -6.8870001, 0.0 ], [ 107.4783791, -6.8872329, 0.0 ], [ 107.4792487, -6.887757, 0.0 ], [ 107.4800433, -6.8880024, 0.0 ], [ 107.4805297, -6.8883082, 0.0 ], [ 107.4806552, -6.8884705, 0.0 ], [ 107.4808991, -6.8888908, 0.0 ], [ 107.4810657, -6.8892715, 0.0 ], [ 107.4812561, -6.8896046, 0.0 ], [ 107.4815416, -6.8899854, 0.0 ], [ 107.4818747, -6.8905564, 0.0 ], [ 107.4822316, -6.890842, 0.0 ], [ 107.4825172, -6.8911037, 0.0 ], [ 107.4828741, -6.8913654, 0.0 ], [ 107.4832548, -6.8914368, 0.0 ], [ 107.4836117, -6.8914368, 0.0 ], [ 107.4839924, -6.8911037, 0.0 ], [ 107.4842542, -6.8906754, 0.0 ], [ 107.4848015, -6.8902947, 0.0 ], [ 107.4852773, -6.8901281, 0.0 ], [ 107.4855629, -6.8897236, 0.0 ], [ 107.4861577, -6.8893667, 0.0 ], [ 107.4866336, -6.889105, 0.0 ], [ 107.4869346, -6.8888872, 0.0 ], [ 107.4871916, -6.8886445, 0.0 ], [ 107.4873201, -6.8883733, 0.0 ], [ 107.4875771, -6.8881306, 0.0 ], [ 107.487777, -6.888102, 0.0 ], [ 107.4882767, -6.888102, 0.0 ], [ 107.4886193, -6.8880735, 0.0 ], [ 107.4888335, -6.8880592, 0.0 ], [ 107.4891761, -6.887945, 0.0 ], [ 107.4892903, -6.8879307, 0.0 ], [ 107.4894902, -6.8882876, 0.0 ], [ 107.4897043, -6.888616, 0.0 ], [ 107.4899328, -6.8888301, 0.0 ], [ 107.4901474, -6.8889585, 0.0 ], [ 107.4904901, -6.8891441, 0.0 ], [ 107.4907185, -6.8887158, 0.0 ], [ 107.4914752, -6.8889157, 0.0 ], [ 107.4925888, -6.8895867, 0.0 ], [ 107.4933026, -6.8898294, 0.0 ], [ 107.4942734, -6.8901578, 0.0 ], [ 107.4942021, -6.8903148, 0.0 ], [ 107.4957582, -6.8907574, 0.0 ], [ 107.4991704, -6.888002, 0.0 ], [ 107.5001269, -6.888002, 0.0 ], [ 107.5012976, -6.8882733, 0.0 ], [ 107.503319, -6.8880508, 0.0 ], [ 107.50874, -6.88863, 0.0 ], [ 107.50902, -6.88882, 0.0 ], [ 107.50937, -6.88897, 0.0 ], [ 107.50973, -6.88907, 0.0 ], [ 107.51022, -6.88915, 0.0 ], [ 107.5105017, -6.8892268, 0.0 ], [ 107.51055, -6.88924, 0.0 ], [ 107.51082, -6.8893, 0.0 ], [ 107.5111, -6.88932, 0.0 ], [ 107.51177, -6.88932, 0.0 ], [ 107.5119387, -6.8893863, 0.0 ], [ 107.5119364, -6.8893608, 0.0 ], [ 107.5119435, -6.8892895, 0.0 ], [ 107.5120506, -6.889061, 0.0 ], [ 107.5122943, -6.8884111, 0.0 ], [ 107.5124131, -6.8879167, 0.0 ], [ 107.5126467, -6.8872135, 0.0 ], [ 107.5127678, -6.8868489, 0.0 ], [ 107.5132993, -6.8852495, 0.0 ], [ 107.51347, -6.8849473, 0.0 ], [ 107.5138131, -6.8846729, 0.0 ], [ 107.5140856, -6.8846284, 0.0 ], [ 107.5144873, -6.8845833, 0.0 ], [ 107.514774, -6.8844957, 0.0 ], [ 107.5151029, -6.8842644, 0.0 ], [ 107.5153315, -6.884048, 0.0 ], [ 107.51576, -6.883644, 0.0 ], [ 107.51607, -6.883143, 0.0 ], [ 107.516379, -6.882115, 0.0 ], [ 107.5164053, -6.8820772, 0.0 ], [ 107.5164793, -6.8819705, 0.0 ], [ 107.5164923, -6.8819518, 0.0 ], [ 107.5165251, -6.8818772, 0.0 ], [ 107.5165639, -6.8818139, 0.0 ], [ 107.5166515, -6.8817001, 0.0 ], [ 107.516708, -6.881655, 0.0 ], [ 107.5167753, -6.8815913, 0.0 ], [ 107.5168033, -6.8815648, 0.0 ], [ 107.5168867, -6.8814986, 0.0 ], [ 107.5168949, -6.88149, 0.0 ], [ 107.51697, -6.8814115, 0.0 ], [ 107.5170273, -6.8813306, 0.0 ], [ 107.5170819, -6.881261, 0.0 ], [ 107.5170875, -6.8812537, 0.0 ], [ 107.5171223, -6.8812082, 0.0 ], [ 107.5171865, -6.8811313, 0.0 ], [ 107.5172245, -6.8810738, 0.0 ], [ 107.5172815, -6.8809898, 0.0 ], [ 107.5174787, -6.8809039, 0.0 ], [ 107.517592, -6.8808495, 0.0 ], [ 107.5177412, -6.8807769, 0.0 ], [ 107.5178365, -6.8807047, 0.0 ], [ 107.5178836, -6.8806785, 0.0 ], [ 107.5179558, -6.8806383, 0.0 ], [ 107.5181048, -6.8805479, 0.0 ], [ 107.5182421, -6.8804814, 0.0 ], [ 107.5184388, -6.8803488, 0.0 ], [ 107.5189275, -6.8800115, 0.0 ], [ 107.5189521, -6.8799863, 0.0 ], [ 107.5191976, -6.8797352, 0.0 ], [ 107.5195293, -6.8794046, 0.0 ], [ 107.5196767, -6.8792577, 0.0 ], [ 107.5197896, -6.8791374, 0.0 ], [ 107.5198195, -6.8790179, 0.0 ], [ 107.519885, -6.8787621, 0.0 ], [ 107.5199209, -6.8786362, 0.0 ], [ 107.5199563, -6.8785123, 0.0 ], [ 107.5199725, -6.878432, 0.0 ], [ 107.5199856, -6.8783672, 0.0 ], [ 107.5200094, -6.8782494, 0.0 ], [ 107.5200395, -6.8781002, 0.0 ], [ 107.5200577, -6.8778236, 0.0 ], [ 107.520066, -6.8776978, 0.0 ], [ 107.5200609, -6.8776124, 0.0 ], [ 107.520007, -6.8773856, 0.0 ], [ 107.5199858, -6.8772969, 0.0 ], [ 107.5199475, -6.8771364, 0.0 ], [ 107.5198966, -6.8768492, 0.0 ], [ 107.5198758, -6.8766559, 0.0 ], [ 107.519841, -6.8765071, 0.0 ], [ 107.5198313, -6.8764657, 0.0 ], [ 107.5197953, -6.8763859, 0.0 ], [ 107.5196932, -6.8761355, 0.0 ], [ 107.5196352, -6.875944, 0.0 ], [ 107.5196181, -6.8758756, 0.0 ], [ 107.5196121, -6.8758327, 0.0 ], [ 107.5196156, -6.8757735, 0.0 ], [ 107.5196728, -6.8757185, 0.0 ] ] ] ] } },
{ "type": "Feature", "properties": { "kd_propinsi": "32", "kd_dati2": "17", "kd_kecamatan": "009", "nama_kecamatan": "Batujajar", "id_kecamatan": 9 }, "geometry": { "type": "MultiPolygon", "coordinates": [ [ [ [ 107.5248095, -6.9248485, 0.0 ], [ 107.52481, -6.924847, 0.0 ], [ 107.5254005, -6.92232, 0.0 ], [ 107.5256594, -6.9212123, 0.0 ], [ 107.5255344, -6.9210831, 0.0 ], [ 107.5254655, -6.9210118, 0.0 ], [ 107.5251771, -6.9208082, 0.0 ], [ 107.52505, -6.92075, 0.0 ], [ 107.52479, -6.92063, 0.0 ], [ 107.52467, -6.92057, 0.0 ], [ 107.52456, -6.92048, 0.0 ], [ 107.52437, -6.92033, 0.0 ], [ 107.52427, -6.92029, 0.0 ], [ 107.5240778, -6.9202724, 0.0 ], [ 107.5237948, -6.9201297, 0.0 ], [ 107.5236548, -6.9200639, 0.0 ], [ 107.5235521, -6.9200155, 0.0 ], [ 107.5233731, -6.9199187, 0.0 ], [ 107.5233236, -6.9198442, 0.0 ], [ 107.5232451, -6.9197871, 0.0 ], [ 107.5231594, -6.91973, 0.0 ], [ 107.5228811, -6.9196372, 0.0 ], [ 107.5223171, -6.9195444, 0.0 ], [ 107.5217532, -6.9193802, 0.0 ], [ 107.5215488, -6.9192125, 0.0 ], [ 107.5211581, -6.9189766, 0.0 ], [ 107.5209975, -6.9189052, 0.0 ], [ 107.5205421, -6.9187414, 0.0 ], [ 107.5203883, -6.918729, 0.0 ], [ 107.5201866, -6.9186624, 0.0 ], [ 107.5198, -6.9186306, 0.0 ], [ 107.5195655, -6.9186919, 0.0 ], [ 107.5194639, -6.9187104, 0.0 ], [ 107.5193383, -6.918729, 0.0 ], [ 107.5192189, -6.9187655, 0.0 ], [ 107.5191295, -6.9188317, 0.0 ], [ 107.5190102, -6.91888, 0.0 ], [ 107.5189828, -6.9188245, 0.0 ], [ 107.5189499, -6.9187579, 0.0 ], [ 107.5189009, -6.918593, 0.0 ], [ 107.5188746, -6.9185047, 0.0 ], [ 107.5188161, -6.918308, 0.0 ], [ 107.5187492, -6.918083, 0.0 ], [ 107.518681, -6.9178539, 0.0 ], [ 107.5186704, -6.9177258, 0.0 ], [ 107.5186577, -6.9175668, 0.0 ], [ 107.5186479, -6.9174965, 0.0 ], [ 107.5184769, -6.9175389, 0.0 ], [ 107.518314, -6.917575, 0.0 ], [ 107.518294, -6.917576, 0.0 ], [ 107.51811, -6.917585, 0.0 ], [ 107.518084, -6.917576, 0.0 ], [ 107.518082, -6.9175778, 0.0 ], [ 107.5179821, -6.9174435, 0.0 ], [ 107.517925, -6.9173364, 0.0 ], [ 107.5179035, -6.9172294, 0.0 ], [ 107.5179035, -6.9171009, 0.0 ], [ 107.5179178, -6.9169866, 0.0 ], [ 107.5179464, -6.916901, 0.0 ], [ 107.5180035, -6.9168367, 0.0 ], [ 107.5181462, -6.9168225, 0.0 ], [ 107.5182962, -6.916801, 0.0 ], [ 107.518339, -6.9167511, 0.0 ], [ 107.5183461, -6.9166726, 0.0 ], [ 107.5183033, -6.9165441, 0.0 ], [ 107.5182248, -6.9164513, 0.0 ], [ 107.5181248, -6.9163299, 0.0 ], [ 107.5179167, -6.9160833, 0.0 ], [ 107.5178056, -6.9159722, 0.0 ], [ 107.5176823, -6.9158445, 0.0 ], [ 107.5176251, -6.9157232, 0.0 ], [ 107.5175833, -6.9155833, 0.0 ], [ 107.5175519, -6.9154686, 0.0 ], [ 107.5175181, -6.9153448, 0.0 ], [ 107.517458, -6.9151586, 0.0 ], [ 107.5173889, -6.915, 0.0 ], [ 107.5172896, -6.9148237, 0.0 ], [ 107.5171826, -6.9146738, 0.0 ], [ 107.5170398, -6.9144953, 0.0 ], [ 107.5166329, -6.9140885, 0.0 ], [ 107.5164444, -6.9138889, 0.0 ], [ 107.5163923, -6.9138147, 0.0 ], [ 107.5157535, -6.9129068, 0.0 ], [ 107.5156702, -6.9126927, 0.0 ], [ 107.5156702, -6.9125023, 0.0 ], [ 107.5157632, -6.9123486, 0.0 ], [ 107.515881, -6.912211, 0.0 ], [ 107.5162531, -6.9117766, 0.0 ], [ 107.5164792, -6.9116338, 0.0 ], [ 107.5167445, -6.9115296, 0.0 ], [ 107.5169259, -6.9114839, 0.0 ], [ 107.5171183, -6.9114898, 0.0 ], [ 107.5172829, -6.9114625, 0.0 ], [ 107.5174185, -6.9114339, 0.0 ], [ 107.5175716, -6.9113732, 0.0 ], [ 107.5176861, -6.911319, 0.0 ], [ 107.5182191, -6.9110144, 0.0 ], [ 107.5183142, -6.9108907, 0.0 ], [ 107.518367, -6.9107704, 0.0 ], [ 107.5183618, -6.910529, 0.0 ], [ 107.5183333, -6.9103577, 0.0 ], [ 107.5183186, -6.9101698, 0.0 ], [ 107.5183763, -6.9099015, 0.0 ], [ 107.5184227, -6.9097409, 0.0 ], [ 107.5184905, -6.9096303, 0.0 ], [ 107.5186119, -6.9095268, 0.0 ], [ 107.5187975, -6.9093233, 0.0 ], [ 107.5190307, -6.9090872, 0.0 ], [ 107.519025, -6.9090208, 0.0 ], [ 107.5187895, -6.9089744, 0.0 ], [ 107.5184825, -6.9088601, 0.0 ], [ 107.5183366, -6.9087445, 0.0 ], [ 107.5180483, -6.9084332, 0.0 ], [ 107.5178908, -6.9083329, 0.0 ], [ 107.5175946, -6.9083383, 0.0 ], [ 107.5174518, -6.9084144, 0.0 ], [ 107.517309, -6.9085001, 0.0 ], [ 107.5171092, -6.9085762, 0.0 ], [ 107.5169093, -6.9086428, 0.0 ], [ 107.5166904, -6.9086809, 0.0 ], [ 107.5165286, -6.9086714, 0.0 ], [ 107.5163192, -6.9086428, 0.0 ], [ 107.5161764, -6.9085667, 0.0 ], [ 107.5161288, -6.9084525, 0.0 ], [ 107.5161098, -6.9083573, 0.0 ], [ 107.5161003, -6.9081955, 0.0 ], [ 107.5160336, -6.9080718, 0.0 ], [ 107.5159765, -6.9079766, 0.0 ], [ 107.5159004, -6.9078909, 0.0 ], [ 107.5158623, -6.9077672, 0.0 ], [ 107.5158623, -6.9076149, 0.0 ], [ 107.5159004, -6.9074626, 0.0 ], [ 107.5159575, -6.9073674, 0.0 ], [ 107.5160527, -6.9073103, 0.0 ], [ 107.5161574, -6.9073198, 0.0 ], [ 107.516243, -6.9073103, 0.0 ], [ 107.5163287, -6.9071961, 0.0 ], [ 107.5164157, -6.9070298, 0.0 ], [ 107.5161747, -6.906681, 0.0 ], [ 107.5161751, -6.9066789, 0.0 ], [ 107.5164674, -6.9064977, 0.0 ], [ 107.5167145, -6.90636, 0.0 ], [ 107.516712, -6.9063508, 0.0 ], [ 107.5166859, -6.9062538, 0.0 ], [ 107.5165786, -6.905856, 0.0 ], [ 107.5165318, -6.9056978, 0.0 ], [ 107.5164462, -6.9054086, 0.0 ], [ 107.5163573, -6.9052778, 0.0 ], [ 107.5162645, -6.905235, 0.0 ], [ 107.5161717, -6.9052135, 0.0 ], [ 107.5160433, -6.9052064, 0.0 ], [ 107.5157791, -6.9051707, 0.0 ], [ 107.5155364, -6.9050565, 0.0 ], [ 107.5152866, -6.9048352, 0.0 ], [ 107.5150011, -6.9045996, 0.0 ], [ 107.5148914, -6.9044342, 0.0 ], [ 107.51473, -6.90419, 0.0 ], [ 107.5147279, -6.9041866, 0.0 ], [ 107.51469, -6.904126, 0.0 ], [ 107.514553, -6.903907, 0.0 ], [ 107.5143744, -6.9036835, 0.0 ], [ 107.5143657, -6.9036755, 0.0 ], [ 107.514317, -6.9036304, 0.0 ], [ 107.5141302, -6.9034575, 0.0 ], [ 107.5137545, -6.9032486, 0.0 ], [ 107.5137492, -6.9032457, 0.0 ], [ 107.5136279, -6.903205, 0.0 ], [ 107.5134317, -6.9031092, 0.0 ], [ 107.5134003, -6.9030938, 0.0 ], [ 107.5133089, -6.9030491, 0.0 ], [ 107.5132985, -6.9030429, 0.0 ], [ 107.5132617, -6.9030209, 0.0 ], [ 107.512964, -6.9029577, 0.0 ], [ 107.5128705, -6.9029122, 0.0 ], [ 107.5128294, -6.9028921, 0.0 ], [ 107.51271, -6.90283, 0.0 ], [ 107.5126242, -6.9027966, 0.0 ], [ 107.5126034, -6.9027885, 0.0 ], [ 107.5125609, -6.9027706, 0.0 ], [ 107.5125265, -6.9027561, 0.0 ], [ 107.512424, -6.9027292, 0.0 ], [ 107.512421, -6.9027287, 0.0 ], [ 107.5123954, -6.9027248, 0.0 ], [ 107.5123295, -6.9027145, 0.0 ], [ 107.5123045, -6.9027092, 0.0 ], [ 107.512299, -6.902708, 0.0 ], [ 107.5122989, -6.902708, 0.0 ], [ 107.5121386, -6.9026366, 0.0 ], [ 107.5120167, -6.9024649, 0.0 ], [ 107.5119334, -6.9021555, 0.0 ], [ 107.5118204, -6.9019592, 0.0 ], [ 107.5117431, -6.9019057, 0.0 ], [ 107.5116636, -6.901854, 0.0 ], [ 107.5116389, -6.901838, 0.0 ], [ 107.5116241, -6.9018284, 0.0 ], [ 107.5112791, -6.9015964, 0.0 ], [ 107.5110947, -6.9014417, 0.0 ], [ 107.5109757, -6.9013049, 0.0 ], [ 107.5108875, -6.9012013, 0.0 ], [ 107.5108852, -6.9011985, 0.0 ], [ 107.5109027, -6.9010047, 0.0 ], [ 107.510898, -6.9007905, 0.0 ], [ 107.5108871, -6.900682, 0.0 ], [ 107.5108599, -6.9004098, 0.0 ], [ 107.5108448, -6.9003235, 0.0 ], [ 107.5108266, -6.9002194, 0.0 ], [ 107.5107243, -6.8999529, 0.0 ], [ 107.5106616, -6.8998206, 0.0 ], [ 107.5105958, -6.8996817, 0.0 ], [ 107.5105387, -6.8994818, 0.0 ], [ 107.5104994, -6.8993422, 0.0 ], [ 107.5104744, -6.8992534, 0.0 ], [ 107.5103531, -6.8986752, 0.0 ], [ 107.5103512, -6.8986617, 0.0 ], [ 107.5103245, -6.8984682, 0.0 ], [ 107.5103193, -6.8981838, 0.0 ], [ 107.5105353, -6.8971552, 0.0 ], [ 107.5105889, -6.8969412, 0.0 ], [ 107.510775, -6.8961972, 0.0 ], [ 107.5107457, -6.8960944, 0.0 ], [ 107.5107885, -6.8958267, 0.0 ], [ 107.5108648, -6.8958378, 0.0 ], [ 107.5109349, -6.8958481, 0.0 ], [ 107.5109429, -6.8958149, 0.0 ], [ 107.5109991, -6.895584, 0.0 ], [ 107.5110241, -6.8954983, 0.0 ], [ 107.5110764, -6.8953493, 0.0 ], [ 107.5111214, -6.8953225, 0.0 ], [ 107.5111785, -6.8952297, 0.0 ], [ 107.511227, -6.895073, 0.0 ], [ 107.5115366, -6.8948503, 0.0 ], [ 107.5117436, -6.8946147, 0.0 ], [ 107.5119331, -6.8942096, 0.0 ], [ 107.5120863, -6.8939651, 0.0 ], [ 107.5122148, -6.8936439, 0.0 ], [ 107.5123433, -6.8932513, 0.0 ], [ 107.5123861, -6.89303, 0.0 ], [ 107.5123932, -6.8928444, 0.0 ], [ 107.5123718, -6.8926302, 0.0 ], [ 107.5123004, -6.8922233, 0.0 ], [ 107.5122576, -6.8919949, 0.0 ], [ 107.5122362, -6.8918521, 0.0 ], [ 107.5122148, -6.8915737, 0.0 ], [ 107.5122148, -6.8914024, 0.0 ], [ 107.5122148, -6.891124, 0.0 ], [ 107.5122005, -6.8909384, 0.0 ], [ 107.5121291, -6.8904958, 0.0 ], [ 107.5120577, -6.8901461, 0.0 ], [ 107.512022, -6.8899248, 0.0 ], [ 107.5119578, -6.8895586, 0.0 ], [ 107.5119435, -6.8894394, 0.0 ], [ 107.5119387, -6.8893863, 0.0 ], [ 107.51177, -6.88932, 0.0 ], [ 107.5111, -6.88932, 0.0 ], [ 107.51082, -6.8893, 0.0 ], [ 107.51055, -6.88924, 0.0 ], [ 107.5105017, -6.8892268, 0.0 ], [ 107.51022, -6.88915, 0.0 ], [ 107.50973, -6.88907, 0.0 ], [ 107.50937, -6.88897, 0.0 ], [ 107.50902, -6.88882, 0.0 ], [ 107.50874, -6.88863, 0.0 ], [ 107.503319, -6.8880508, 0.0 ], [ 107.5012976, -6.8882733, 0.0 ], [ 107.5001269, -6.888002, 0.0 ], [ 107.4991704, -6.888002, 0.0 ], [ 107.4957582, -6.8907574, 0.0 ], [ 107.4942021, -6.8903148, 0.0 ], [ 107.4942734, -6.8901578, 0.0 ], [ 107.4933026, -6.8898294, 0.0 ], [ 107.4925888, -6.8895867, 0.0 ], [ 107.4914752, -6.8889157, 0.0 ], [ 107.4907185, -6.8887158, 0.0 ], [ 107.4904901, -6.8891441, 0.0 ], [ 107.4901474, -6.8889585, 0.0 ], [ 107.4899328, -6.8888301, 0.0 ], [ 107.4897043, -6.888616, 0.0 ], [ 107.4894902, -6.8882876, 0.0 ], [ 107.4892903, -6.8879307, 0.0 ], [ 107.4891761, -6.887945, 0.0 ], [ 107.4888335, -6.8880592, 0.0 ], [ 107.4886193, -6.8880735, 0.0 ], [ 107.4882767, -6.888102, 0.0 ], [ 107.487777, -6.888102, 0.0 ], [ 107.4875771, -6.8881306, 0.0 ], [ 107.4873201, -6.8883733, 0.0 ], [ 107.4871916, -6.8886445, 0.0 ], [ 107.4869346, -6.8888872, 0.0 ], [ 107.4866336, -6.889105, 0.0 ], [ 107.4861577, -6.8893667, 0.0 ], [ 107.4855629, -6.8897236, 0.0 ], [ 107.4852773, -6.8901281, 0.0 ], [ 107.4848015, -6.8902947, 0.0 ], [ 107.4842542, -6.8906754, 0.0 ], [ 107.4839924, -6.8911037, 0.0 ], [ 107.4836117, -6.8914368, 0.0 ], [ 107.4832548, -6.8914368, 0.0 ], [ 107.4828741, -6.8913654, 0.0 ], [ 107.4825172, -6.8911037, 0.0 ], [ 107.4822316, -6.890842, 0.0 ], [ 107.4818747, -6.8905564, 0.0 ], [ 107.4815416, -6.8899854, 0.0 ], [ 107.4812561, -6.8896046, 0.0 ], [ 107.4810657, -6.8892715, 0.0 ], [ 107.4808991, -6.8888908, 0.0 ], [ 107.4806552, -6.8884705, 0.0 ], [ 107.4805297, -6.8883082, 0.0 ], [ 107.4800433, -6.8880024, 0.0 ], [ 107.4792487, -6.887757, 0.0 ], [ 107.4783791, -6.8872329, 0.0 ], [ 107.4779665, -6.8870001, 0.0 ], [ 107.4771718, -6.8867399, 0.0 ], [ 107.4759658, -6.8864966, 0.0 ], [ 107.4752156, -6.8863096, 0.0 ], [ 107.4747887, -6.8861503, 0.0 ], [ 107.4745519, -6.8858138, 0.0 ], [ 107.4742251, -6.8851153, 0.0 ], [ 107.4739399, -6.8844713, 0.0 ], [ 107.4750123, -6.8836026, 0.0 ], [ 107.4755385, -6.8829294, 0.0 ], [ 107.4761346, -6.88215, 0.0 ], [ 107.4766597, -6.8812652, 0.0 ], [ 107.4770087, -6.880487, 0.0 ], [ 107.4773576, -6.8796737, 0.0 ], [ 107.4777434, -6.8791776, 0.0 ], [ 107.4780939, -6.8786818, 0.0 ], [ 107.4783383, -6.8781513, 0.0 ], [ 107.4785465, -6.8774444, 0.0 ], [ 107.4785528, -6.876729, 0.0 ], [ 107.4779559, -6.8769615, 0.0 ], [ 107.4774301, -6.8770598, 0.0 ], [ 107.4765179, -6.8764907, 0.0 ], [ 107.4759925, -6.8766847, 0.0 ], [ 107.475422, -6.877405, 0.0 ], [ 107.4740826, -6.8775076, 0.0 ], [ 107.4731754, -6.8778949, 0.0 ], [ 107.4725082, -6.8784244, 0.0 ], [ 107.4721792, -6.8795739, 0.0 ], [ 107.4709407, -6.8806803, 0.0 ], [ 107.4681675, -6.881125, 0.0 ], [ 107.4662536, -6.8811827, 0.0 ], [ 107.4625265, -6.8822541, 0.0 ], [ 107.4588509, -6.8840425, 0.0 ], [ 107.4547914, -6.8856417, 0.0 ], [ 107.4534654, -6.8858322, 0.0 ], [ 107.4534659, -6.8858388, 0.0 ], [ 107.4535528, -6.8869426, 0.0 ], [ 107.4528026, -6.8868981, 0.0 ], [ 107.4521702, -6.8870556, 0.0 ], [ 107.4517896, -6.8870787, 0.0 ], [ 107.4514522, -6.8872706, 0.0 ], [ 107.4512214, -6.8876311, 0.0 ], [ 107.4509272, -6.8879919, 0.0 ], [ 107.4501262, -6.8885033, 0.0 ], [ 107.4494314, -6.8891198, 0.0 ], [ 107.4490726, -6.8892485, 0.0 ], [ 107.4486281, -6.8891873, 0.0 ], [ 107.448416, -6.8890616, 0.0 ], [ 107.4483093, -6.8888719, 0.0 ], [ 107.4482235, -6.8886399, 0.0 ], [ 107.4480114, -6.8885141, 0.0 ], [ 107.4477154, -6.8885368, 0.0 ], [ 107.4473779, -6.8887076, 0.0 ], [ 107.44704, -6.888815, 0.0 ], [ 107.4466802, -6.8887535, 0.0 ], [ 107.4465103, -6.8886064, 0.0 ], [ 107.4463608, -6.8883324, 0.0 ], [ 107.446148, -6.8880798, 0.0 ], [ 107.4459782, -6.8879539, 0.0 ], [ 107.4456818, -6.887892, 0.0 ], [ 107.4454285, -6.887999, 0.0 ], [ 107.4450702, -6.8882333, 0.0 ], [ 107.4447111, -6.8883197, 0.0 ], [ 107.4442879, -6.8882796, 0.0 ], [ 107.4438861, -6.8882816, 0.0 ], [ 107.4435487, -6.8884736, 0.0 ], [ 107.4433599, -6.8887705, 0.0 ], [ 107.4431303, -6.8893634, 0.0 ], [ 107.4427721, -6.8896189, 0.0 ], [ 107.4423496, -6.8897267, 0.0 ], [ 107.4419896, -6.8896229, 0.0 ], [ 107.4415656, -6.8894348, 0.0 ], [ 107.4411209, -6.8893103, 0.0 ], [ 107.440952, -6.8893746, 0.0 ], [ 107.4408691, -6.8897132, 0.0 ], [ 107.4407237, -6.8902212, 0.0 ], [ 107.4405777, -6.8906235, 0.0 ], [ 107.440304, -6.8908574, 0.0 ], [ 107.4398191, -6.8911558, 0.0 ], [ 107.4393991, -6.8917497, 0.0 ], [ 107.4390841, -6.892174, 0.0 ], [ 107.4383249, -6.8926006, 0.0 ], [ 107.4373648, -6.8931794, 0.0 ], [ 107.4374565, -6.8942146, 0.0 ], [ 107.437421, -6.8957252, 0.0 ], [ 107.437295, -6.8964163, 0.0 ], [ 107.4370388, -6.8969786, 0.0 ], [ 107.436609, -6.8973692, 0.0 ], [ 107.4357908, -6.8978049, 0.0 ], [ 107.4354907, -6.898238, 0.0 ], [ 107.4354931, -6.8987126, 0.0 ], [ 107.4356255, -6.899273, 0.0 ], [ 107.4361477, -6.9000471, 0.0 ], [ 107.4364984, -6.901081, 0.0 ], [ 107.4363303, -6.9019881, 0.0 ], [ 107.4374652, -6.9024347, 0.0 ], [ 107.4393155, -6.9032202, 0.0 ], [ 107.4406324, -6.903721, 0.0 ], [ 107.4416496, -6.9040441, 0.0 ], [ 107.4430837, -6.9040965, 0.0 ], [ 107.4442797, -6.9043291, 0.0 ], [ 107.4452676, -6.904742, 0.0 ], [ 107.445838, -6.9053062, 0.0 ], [ 107.4465279, -6.9058698, 0.0 ], [ 107.4473366, -6.9062836, 0.0 ], [ 107.4482042, -6.9065478, 0.0 ], [ 107.4503899, -6.9075515, 0.0 ], [ 107.4523356, -6.9083475, 0.0 ], [ 107.4528751, -6.9087029, 0.0 ], [ 107.4540819, -6.9087059, 0.0 ], [ 107.4549378, -6.9084874, 0.0 ], [ 107.4563075, -6.9082234, 0.0 ], [ 107.4569931, -6.9082199, 0.0 ], [ 107.4578946, -6.9085578, 0.0 ], [ 107.4589696, -6.9092802, 0.0 ], [ 107.4604754, -6.9104713, 0.0 ], [ 107.4616785, -6.9111074, 0.0 ], [ 107.4624091, -6.9115318, 0.0 ], [ 107.4629701, -6.9118207, 0.0 ], [ 107.4633972, -6.9120405, 0.0 ], [ 107.464212, -6.9121648, 0.0 ], [ 107.464896, -6.9118615, 0.0 ], [ 107.4649134, -6.9118351, 0.0 ], [ 107.4654062, -6.9110881, 0.0 ], [ 107.4660444, -6.9102284, 0.0 ], [ 107.466429, -6.9100123, 0.0 ], [ 107.4669005, -6.9100527, 0.0 ], [ 107.4675019, -6.9103493, 0.0 ], [ 107.4679326, -6.9107753, 0.0 ], [ 107.4684521, -6.9118003, 0.0 ], [ 107.4684912, -6.9118617, 0.0 ], [ 107.4691865, -6.9129526, 0.0 ], [ 107.4698776, -6.9140195, 0.0 ], [ 107.4703099, -6.9147452, 0.0 ], [ 107.4704426, -6.915558, 0.0 ], [ 107.4704031, -6.9162005, 0.0 ], [ 107.4702775, -6.9167578, 0.0 ], [ 107.4705792, -6.9170988, 0.0 ], [ 107.471051, -6.917182, 0.0 ], [ 107.4717787, -6.9170498, 0.0 ], [ 107.4722052, -6.9166622, 0.0 ], [ 107.4725439, -6.9158897, 0.0 ], [ 107.4734826, -6.9151141, 0.0 ], [ 107.4739938, -6.9145547, 0.0 ], [ 107.4741632, -6.9141685, 0.0 ], [ 107.4745446, -6.9143499, 0.0 ], [ 107.4750024, -6.9143475, 0.0 ], [ 107.4756251, -6.9140532, 0.0 ], [ 107.4760201, -6.9139679, 0.0 ], [ 107.476416, -6.9140699, 0.0 ], [ 107.4766255, -6.9143391, 0.0 ], [ 107.4766906, -6.9148586, 0.0 ], [ 107.4766939, -6.9154825, 0.0 ], [ 107.4767383, -6.9160229, 0.0 ], [ 107.4769075, -6.9165419, 0.0 ], [ 107.4770965, -6.9168737, 0.0 ], [ 107.4773059, -6.9171221, 0.0 ], [ 107.4777226, -6.9172239, 0.0 ], [ 107.4782833, -6.9169923, 0.0 ], [ 107.4789046, -6.9164276, 0.0 ], [ 107.4794223, -6.9159466, 0.0 ], [ 107.4797325, -6.9155706, 0.0 ], [ 107.4800439, -6.9154234, 0.0 ], [ 107.48046, -6.9154005, 0.0 ], [ 107.4808771, -6.9155855, 0.0 ], [ 107.4812117, -6.9158957, 0.0 ], [ 107.4813591, -6.9162276, 0.0 ], [ 107.4814654, -6.9166638, 0.0 ], [ 107.4815515, -6.917204, 0.0 ], [ 107.4818281, -6.9183671, 0.0 ], [ 107.4813138, -6.9195135, 0.0 ], [ 107.481026, -6.9201804, 0.0 ], [ 107.4808839, -6.9208674, 0.0 ], [ 107.4808869, -6.9214497, 0.0 ], [ 107.4810769, -6.9219686, 0.0 ], [ 107.4813082, -6.9224249, 0.0 ], [ 107.481644, -6.9229638, 0.0 ], [ 107.4823348, -6.9237504, 0.0 ], [ 107.4829823, -6.9242045, 0.0 ], [ 107.4837334, -6.9245749, 0.0 ], [ 107.4845054, -6.924966, 0.0 ], [ 107.4850477, -6.9251919, 0.0 ], [ 107.4852353, -6.9252533, 0.0 ], [ 107.4860035, -6.9249166, 0.0 ], [ 107.4862304, -6.9247144, 0.0 ], [ 107.4867077, -6.924289, 0.0 ], [ 107.4871839, -6.923829, 0.0 ], [ 107.4876609, -6.9235146, 0.0 ], [ 107.4882011, -6.9233454, 0.0 ], [ 107.4886586, -6.9233014, 0.0 ], [ 107.4893458, -6.923381, 0.0 ], [ 107.4899506, -6.9236274, 0.0 ], [ 107.4903057, -6.9238959, 0.0 ], [ 107.4906619, -6.9243515, 0.0 ], [ 107.4908925, -6.924683, 0.0 ], [ 107.4911443, -6.9250768, 0.0 ], [ 107.4914579, -6.9253455, 0.0 ], [ 107.4917708, -6.9254894, 0.0 ], [ 107.4923332, -6.9255904, 0.0 ], [ 107.4933749, -6.9258345, 0.0 ], [ 107.493959, -6.9261018, 0.0 ], [ 107.4944181, -6.9263489, 0.0 ], [ 107.4949408, -6.9268037, 0.0 ], [ 107.4956316, -6.9275902, 0.0 ], [ 107.4979365, -6.9305934, 0.0 ], [ 107.498502, -6.9312767, 0.0 ], [ 107.4992118, -6.9317096, 0.0 ], [ 107.5007773, -6.9326164, 0.0 ], [ 107.5012772, -6.9326969, 0.0 ], [ 107.5017769, -6.9327566, 0.0 ], [ 107.5025885, -6.9327524, 0.0 ], [ 107.5033787, -6.9326442, 0.0 ], [ 107.5041273, -6.9325363, 0.0 ], [ 107.5048974, -6.9325738, 0.0 ], [ 107.5054602, -6.9327372, 0.0 ], [ 107.5062737, -6.9331072, 0.0 ], [ 107.5069002, -6.9335198, 0.0 ], [ 107.5075073, -6.9342028, 0.0 ], [ 107.5083448, -6.9351758, 0.0 ], [ 107.5092642, -6.9358779, 0.0 ], [ 107.5101425, -6.9366843, 0.0 ], [ 107.5106235, -6.9371392, 0.0 ], [ 107.5114375, -6.9375924, 0.0 ], [ 107.5118333, -6.9376735, 0.0 ], [ 107.5128944, -6.9376263, 0.0 ], [ 107.5136432, -6.9375599, 0.0 ], [ 107.5142874, -6.9373902, 0.0 ], [ 107.5146191, -6.9371597, 0.0 ], [ 107.5147215, -6.9368472, 0.0 ], [ 107.5147399, -6.9363896, 0.0 ], [ 107.5146744, -6.9358077, 0.0 ], [ 107.5146096, -6.9353714, 0.0 ], [ 107.5147126, -6.9351629, 0.0 ], [ 107.5151283, -6.9350775, 0.0 ], [ 107.5157119, -6.9352408, 0.0 ], [ 107.5164208, -6.9355073, 0.0 ], [ 107.5170667, -6.9356495, 0.0 ], [ 107.5179618, -6.9357071, 0.0 ], [ 107.518857, -6.9357855, 0.0 ], [ 107.5195658, -6.9360105, 0.0 ], [ 107.520107, -6.9360492, 0.0 ], [ 107.5206642, -6.9359842, 0.0 ], [ 107.5209426, -6.9358272, 0.0 ], [ 107.5212574, -6.9356472, 0.0 ], [ 107.5215082, -6.9354721, 0.0 ], [ 107.5216907, -6.9353613, 0.0 ], [ 107.5218779, -6.935278, 0.0 ], [ 107.5220151, -6.9352636, 0.0 ], [ 107.5221069, -6.9352997, 0.0 ], [ 107.5221484, -6.9353635, 0.0 ], [ 107.5221497, -6.9355743, 0.0 ], [ 107.5221497, -6.9356207, 0.0 ], [ 107.5221961, -6.9356207, 0.0 ], [ 107.5222389, -6.9355636, 0.0 ], [ 107.5222423, -6.9355278, 0.0 ], [ 107.5222996, -6.9354673, 0.0 ], [ 107.5223651, -6.9354535, 0.0 ], [ 107.5223946, -6.9353574, 0.0 ], [ 107.522524, -6.9349361, 0.0 ], [ 107.5225238, -6.9349206, 0.0 ], [ 107.5224912, -6.9313618, 0.0 ], [ 107.5224869, -6.930899, 0.0 ], [ 107.52261, -6.92977, 0.0 ], [ 107.52265, -6.92919, 0.0 ], [ 107.52269, -6.92863, 0.0 ], [ 107.52274, -6.92836, 0.0 ], [ 107.52284, -6.9279, 0.0 ], [ 107.52295, -6.92753, 0.0 ], [ 107.52305, -6.9272, 0.0 ], [ 107.52321, -6.92691, 0.0 ], [ 107.5232876, -6.9267903, 0.0 ], [ 107.5236674, -6.926204, 0.0 ], [ 107.52367, -6.9262, 0.0 ], [ 107.5236979, -6.9261425, 0.0 ], [ 107.52384, -6.92585, 0.0 ], [ 107.5238472, -6.9258408, 0.0 ], [ 107.523849, -6.925836, 0.0 ], [ 107.523909, -6.925758, 0.0 ], [ 107.5239464, -6.9257448, 0.0 ], [ 107.52403, -6.92571, 0.0 ], [ 107.5240898, -6.9256924, 0.0 ], [ 107.524202, -6.925649, 0.0 ], [ 107.524319, -6.92555, 0.0 ], [ 107.524496, -6.925426, 0.0 ], [ 107.524677, -6.925305, 0.0 ], [ 107.52472, -6.9252151, 0.0 ], [ 107.52472, -6.92509, 0.0 ], [ 107.52476, -6.92498, 0.0 ], [ 107.5247979, -6.9248815, 0.0 ], [ 107.5248095, -6.9248485, 0.0 ] ] ] ] } },
{ "type": "Feature", "properties": { "kd_propinsi": "32", "kd_dati2": "17", "kd_kecamatan": "010", "nama_kecamatan": "Cihampelas", "id_kecamatan": 10 }, "geometry": { "type": "MultiPolygon", "coordinates": [ [ [ [ 107.5012772, -6.9326969, 0.0 ], [ 107.5007773, -6.9326164, 0.0 ], [ 107.4992118, -6.9317096, 0.0 ], [ 107.498502, -6.9312767, 0.0 ], [ 107.4979365, -6.9305934, 0.0 ], [ 107.4956316, -6.9275902, 0.0 ], [ 107.4949408, -6.9268037, 0.0 ], [ 107.4944181, -6.9263489, 0.0 ], [ 107.493959, -6.9261018, 0.0 ], [ 107.4933749, -6.9258345, 0.0 ], [ 107.4923332, -6.9255904, 0.0 ], [ 107.4917708, -6.9254894, 0.0 ], [ 107.4914579, -6.9253455, 0.0 ], [ 107.4911443, -6.9250768, 0.0 ], [ 107.4908925, -6.924683, 0.0 ], [ 107.4906619, -6.9243515, 0.0 ], [ 107.4903057, -6.9238959, 0.0 ], [ 107.4899506, -6.9236274, 0.0 ], [ 107.4893458, -6.923381, 0.0 ], [ 107.4886586, -6.9233014, 0.0 ], [ 107.4882011, -6.9233454, 0.0 ], [ 107.4876609, -6.9235146, 0.0 ], [ 107.4871839, -6.923829, 0.0 ], [ 107.4867077, -6.924289, 0.0 ], [ 107.4862304, -6.9247144, 0.0 ], [ 107.4860035, -6.9249166, 0.0 ], [ 107.4852353, -6.9252533, 0.0 ], [ 107.4850477, -6.9251919, 0.0 ], [ 107.4845054, -6.924966, 0.0 ], [ 107.4837334, -6.9245749, 0.0 ], [ 107.4829823, -6.9242045, 0.0 ], [ 107.4823348, -6.9237504, 0.0 ], [ 107.481644, -6.9229638, 0.0 ], [ 107.4813082, -6.9224249, 0.0 ], [ 107.4810769, -6.9219686, 0.0 ], [ 107.4808869, -6.9214497, 0.0 ], [ 107.4808839, -6.9208674, 0.0 ], [ 107.481026, -6.9201804, 0.0 ], [ 107.4813138, -6.9195135, 0.0 ], [ 107.4818281, -6.9183671, 0.0 ], [ 107.4815515, -6.917204, 0.0 ], [ 107.4814654, -6.9166638, 0.0 ], [ 107.4813591, -6.9162276, 0.0 ], [ 107.4812117, -6.9158957, 0.0 ], [ 107.4808771, -6.9155855, 0.0 ], [ 107.48046, -6.9154005, 0.0 ], [ 107.4800439, -6.9154234, 0.0 ], [ 107.4797325, -6.9155706, 0.0 ], [ 107.4794223, -6.9159466, 0.0 ], [ 107.4789046, -6.9164276, 0.0 ], [ 107.4782833, -6.9169923, 0.0 ], [ 107.4777226, -6.9172239, 0.0 ], [ 107.4773059, -6.9171221, 0.0 ], [ 107.4770965, -6.9168737, 0.0 ], [ 107.4769075, -6.9165419, 0.0 ], [ 107.4767383, -6.9160229, 0.0 ], [ 107.4766939, -6.9154825, 0.0 ], [ 107.4766906, -6.9148586, 0.0 ], [ 107.4766255, -6.9143391, 0.0 ], [ 107.476416, -6.9140699, 0.0 ], [ 107.4760201, -6.9139679, 0.0 ], [ 107.4756251, -6.9140532, 0.0 ], [ 107.4750024, -6.9143475, 0.0 ], [ 107.4745446, -6.9143499, 0.0 ], [ 107.4741632, -6.9141685, 0.0 ], [ 107.4739938, -6.9145547, 0.0 ], [ 107.4734826, -6.9151141, 0.0 ], [ 107.4725439, -6.9158897, 0.0 ], [ 107.4722052, -6.9166622, 0.0 ], [ 107.4717787, -6.9170498, 0.0 ], [ 107.471051, -6.917182, 0.0 ], [ 107.4705792, -6.9170988, 0.0 ], [ 107.4702775, -6.9167578, 0.0 ], [ 107.4704031, -6.9162005, 0.0 ], [ 107.4704426, -6.915558, 0.0 ], [ 107.4703099, -6.9147452, 0.0 ], [ 107.4698776, -6.9140195, 0.0 ], [ 107.4691865, -6.9129526, 0.0 ], [ 107.4684912, -6.9118617, 0.0 ], [ 107.4684521, -6.9118003, 0.0 ], [ 107.4679326, -6.9107753, 0.0 ], [ 107.4675019, -6.9103493, 0.0 ], [ 107.4669005, -6.9100527, 0.0 ], [ 107.466429, -6.9100123, 0.0 ], [ 107.4660444, -6.9102284, 0.0 ], [ 107.4654062, -6.9110881, 0.0 ], [ 107.4649134, -6.9118351, 0.0 ], [ 107.464896, -6.9118615, 0.0 ], [ 107.464212, -6.9121648, 0.0 ], [ 107.4633972, -6.9120405, 0.0 ], [ 107.4629701, -6.9118207, 0.0 ], [ 107.4624091, -6.9115318, 0.0 ], [ 107.4616785, -6.9111074, 0.0 ], [ 107.4604754, -6.9104713, 0.0 ], [ 107.4589696, -6.9092802, 0.0 ], [ 107.4578946, -6.9085578, 0.0 ], [ 107.4569931, -6.9082199, 0.0 ], [ 107.4563075, -6.9082234, 0.0 ], [ 107.4549378, -6.9084874, 0.0 ], [ 107.4540819, -6.9087059, 0.0 ], [ 107.4528751, -6.9087029, 0.0 ], [ 107.4523356, -6.9083475, 0.0 ], [ 107.4503899, -6.9075515, 0.0 ], [ 107.4482042, -6.9065478, 0.0 ], [ 107.4473366, -6.9062836, 0.0 ], [ 107.4465279, -6.9058698, 0.0 ], [ 107.445838, -6.9053062, 0.0 ], [ 107.4452676, -6.904742, 0.0 ], [ 107.4442797, -6.9043291, 0.0 ], [ 107.4430837, -6.9040965, 0.0 ], [ 107.4416496, -6.9040441, 0.0 ], [ 107.4406324, -6.903721, 0.0 ], [ 107.4393155, -6.9032202, 0.0 ], [ 107.4374652, -6.9024347, 0.0 ], [ 107.4363303, -6.9019881, 0.0 ], [ 107.4357284, -6.902509, 0.0 ], [ 107.4346068, -6.9027305, 0.0 ], [ 107.433355, -6.9028232, 0.0 ], [ 107.4322768, -6.9030876, 0.0 ], [ 107.4314593, -6.9036528, 0.0 ], [ 107.4309869, -6.904173, 0.0 ], [ 107.4303416, -6.904651, 0.0 ], [ 107.4288743, -6.9048311, 0.0 ], [ 107.4272764, -6.9047961, 0.0 ], [ 107.4261964, -6.9047153, 0.0 ], [ 107.4256361, -6.9049339, 0.0 ], [ 107.4251633, -6.9053679, 0.0 ], [ 107.4247798, -6.9063624, 0.0 ], [ 107.4244387, -6.9072272, 0.0 ], [ 107.42388, -6.9077479, 0.0 ], [ 107.4231481, -6.9081831, 0.0 ], [ 107.4226336, -6.9089194, 0.0 ], [ 107.422293, -6.9098705, 0.0 ], [ 107.4220824, -6.9109073, 0.0 ], [ 107.4218501, -6.9115132, 0.0 ], [ 107.4217841, -6.9116856, 0.0 ], [ 107.4210081, -6.9119485, 0.0 ], [ 107.4204031, -6.9118652, 0.0 ], [ 107.4198024, -6.9114978, 0.0 ], [ 107.4194934, -6.9113088, 0.0 ], [ 107.4187113, -6.9103634, 0.0 ], [ 107.4178005, -6.9095913, 0.0 ], [ 107.4164577, -6.9087781, 0.0 ], [ 107.414771, -6.9082688, 0.0 ], [ 107.4132574, -6.907845, 0.0 ], [ 107.4115523, -6.9077132, 0.0 ], [ 107.4114826, -6.9080831, 0.0 ], [ 107.4112005, -6.9086018, 0.0 ], [ 107.4107111, -6.9090698, 0.0 ], [ 107.410429, -6.9095626, 0.0 ], [ 107.4100949, -6.9100299, 0.0 ], [ 107.4098142, -6.9108331, 0.0 ], [ 107.4096444, -6.9114213, 0.0 ], [ 107.4095599, -6.9117137, 0.0 ], [ 107.4092787, -6.9124135, 0.0 ], [ 107.4088674, -6.9129587, 0.0 ], [ 107.4081969, -6.9134276, 0.0 ], [ 107.4073193, -6.9138976, 0.0 ], [ 107.4063643, -6.9144197, 0.0 ], [ 107.4055908, -6.9149926, 0.0 ], [ 107.4044831, -6.9160328, 0.0 ], [ 107.4042273, -6.916629, 0.0 ], [ 107.4039985, -6.9174319, 0.0 ], [ 107.4039734, -6.9179175, 0.0 ], [ 107.4050998, -6.9178415, 0.0 ], [ 107.4060161, -6.9180127, 0.0 ], [ 107.4069691, -6.9184654, 0.0 ], [ 107.4073936, -6.9188503, 0.0 ], [ 107.407397, -6.9195188, 0.0 ], [ 107.4067695, -6.9207535, 0.0 ], [ 107.4058953, -6.9219542, 0.0 ], [ 107.4057936, -6.9227289, 0.0 ], [ 107.4060441, -6.9235369, 0.0 ], [ 107.4068577, -6.9242717, 0.0 ], [ 107.4086944, -6.9253883, 0.0 ], [ 107.4106002, -6.9262583, 0.0 ], [ 107.411978, -6.9271662, 0.0 ], [ 107.4125809, -6.9280076, 0.0 ], [ 107.4133234, -6.928602, 0.0 ], [ 107.4144862, -6.928772, 0.0 ], [ 107.415298, -6.9291549, 0.0 ], [ 107.4157595, -6.9298915, 0.0 ], [ 107.4157985, -6.9306302, 0.0 ], [ 107.4154889, -6.9320744, 0.0 ], [ 107.4162736, -6.9324827, 0.0 ], [ 107.4180437, -6.9326817, 0.0 ], [ 107.4195528, -6.932726, 0.0 ], [ 107.4206993, -6.9330841, 0.0 ], [ 107.42221, -6.9334403, 0.0 ], [ 107.4240316, -6.933535, 0.0 ], [ 107.4256439, -6.9334228, 0.0 ], [ 107.4268401, -6.9333127, 0.0 ], [ 107.428401, -6.9333047, 0.0 ], [ 107.4290792, -6.9336652, 0.0 ], [ 107.4298265, -6.932738, 0.0 ], [ 107.4303597, -6.9323866, 0.0 ], [ 107.430871, -6.932291, 0.0 ], [ 107.4314299, -6.9324276, 0.0 ], [ 107.4320117, -6.9324711, 0.0 ], [ 107.432592, -6.9322357, 0.0 ], [ 107.4333343, -6.9318367, 0.0 ], [ 107.434054, -6.9315774, 0.0 ], [ 107.4346121, -6.931528, 0.0 ], [ 107.435752, -6.9315687, 0.0 ], [ 107.4367059, -6.9316103, 0.0 ], [ 107.43731, -6.9314677, 0.0 ], [ 107.4381669, -6.9307427, 0.0 ], [ 107.4387206, -6.9298566, 0.0 ], [ 107.4392044, -6.9289476, 0.0 ], [ 107.4397835, -6.9284797, 0.0 ], [ 107.4405509, -6.9284293, 0.0 ], [ 107.4413656, -6.9285414, 0.0 ], [ 107.4417842, -6.9285392, 0.0 ], [ 107.4420626, -6.9283983, 0.0 ], [ 107.4425597, -6.9294816, 0.0 ], [ 107.4436222, -6.9305325, 0.0 ], [ 107.4454227, -6.9312099, 0.0 ], [ 107.4476133, -6.9320828, 0.0 ], [ 107.4476472, -6.9320963, 0.0 ], [ 107.4507185, -6.9331896, 0.0 ], [ 107.4548986, -6.9340659, 0.0 ], [ 107.4562755, -6.9345869, 0.0 ], [ 107.4576533, -6.9352664, 0.0 ], [ 107.4585036, -6.9361599, 0.0 ], [ 107.4596849, -6.9354381, 0.0 ], [ 107.4611513, -6.9348521, 0.0 ], [ 107.4632886, -6.934841, 0.0 ], [ 107.4647127, -6.9347001, 0.0 ], [ 107.4661325, -6.9344938, 0.0 ], [ 107.4673048, -6.9343296, 0.0 ], [ 107.4679121, -6.9345109, 0.0 ], [ 107.4684924, -6.9345605, 0.0 ], [ 107.4692824, -6.9343852, 0.0 ], [ 107.4698748, -6.9342372, 0.0 ], [ 107.470337, -6.934406, 0.0 ], [ 107.4709312, -6.9346005, 0.0 ], [ 107.4713919, -6.9344796, 0.0 ], [ 107.4718523, -6.9342796, 0.0 ], [ 107.4723796, -6.9343032, 0.0 ], [ 107.4725914, -6.9344733, 0.0 ], [ 107.4728694, -6.9346958, 0.0 ], [ 107.473265, -6.9347201, 0.0 ], [ 107.4736734, -6.9346785, 0.0 ], [ 107.4740033, -6.9347426, 0.0 ], [ 107.474308, -6.935044, 0.0 ], [ 107.4744867, -6.9353368, 0.0 ], [ 107.47449, -6.93551, 0.0 ], [ 107.47448, -6.93603, 0.0 ], [ 107.47469, -6.93658, 0.0 ], [ 107.4748239, -6.9368394, 0.0 ], [ 107.47485, -6.93689, 0.0 ], [ 107.47489, -6.93735, 0.0 ], [ 107.4748899, -6.9373504, 0.0 ], [ 107.4747283, -6.9379686, 0.0 ], [ 107.47466, -6.9382299, 0.0 ], [ 107.47466, -6.93823, 0.0 ], [ 107.47455, -6.93888, 0.0 ], [ 107.47447, -6.93967, 0.0 ], [ 107.47447, -6.93967, 0.0 ], [ 107.4743826, -6.9402214, 0.0 ], [ 107.47434, -6.94049, 0.0 ], [ 107.47434, -6.94049, 0.0 ], [ 107.4743164, -6.9406092, 0.0 ], [ 107.47411, -6.94165, 0.0 ], [ 107.4740096, -6.9421228, 0.0 ], [ 107.47387, -6.9427799, 0.0 ], [ 107.47387, -6.94278, 0.0 ], [ 107.4736672, -6.9434645, 0.0 ], [ 107.47355, -6.94386, 0.0 ], [ 107.47355, -6.9438601, 0.0 ], [ 107.4733098, -6.9445961, 0.0 ], [ 107.47324, -6.94481, 0.0 ], [ 107.4728, -6.9461, 0.0 ], [ 107.4727999, -6.9461002, 0.0 ], [ 107.4727157, -6.9464226, 0.0 ], [ 107.4725101, -6.9472096, 0.0 ], [ 107.47251, -6.94721, 0.0 ], [ 107.4724395, -6.9475553, 0.0 ], [ 107.47232, -6.94814, 0.0 ], [ 107.47193, -6.94928, 0.0 ], [ 107.4718983, -6.949345, 0.0 ], [ 107.4718126, -6.9495204, 0.0 ], [ 107.4718047, -6.9495366, 0.0 ], [ 107.4716142, -6.949927, 0.0 ], [ 107.4716124, -6.9499307, 0.0 ], [ 107.4715497, -6.9500591, 0.0 ], [ 107.47152, -6.95012, 0.0 ], [ 107.4713913, -6.9502909, 0.0 ], [ 107.4710224, -6.9507809, 0.0 ], [ 107.4710223, -6.9507809, 0.0 ], [ 107.47088, -6.95097, 0.0 ], [ 107.4708677, -6.9509818, 0.0 ], [ 107.470399, -6.9514309, 0.0 ], [ 107.470265, -6.9515594, 0.0 ], [ 107.4702221, -6.9516004, 0.0 ], [ 107.47016, -6.95166, 0.0 ], [ 107.46942, -6.95229, 0.0 ], [ 107.4688963, -6.952588, 0.0 ], [ 107.46884, -6.95262, 0.0 ], [ 107.46838, -6.9532, 0.0 ], [ 107.46789, -6.9538, 0.0 ], [ 107.46748, -6.95438, 0.0 ], [ 107.46748, -6.9543801, 0.0 ], [ 107.4671832, -6.9551055, 0.0 ], [ 107.46712, -6.95526, 0.0 ], [ 107.46699, -6.95601, 0.0 ], [ 107.46702, -6.95698, 0.0 ], [ 107.46731, -6.95784, 0.0 ], [ 107.46776, -6.95877, 0.0 ], [ 107.4682073, -6.9595479, 0.0 ], [ 107.46822, -6.95957, 0.0 ], [ 107.4689, -6.96034, 0.0 ], [ 107.47003, -6.96143, 0.0 ], [ 107.4711, -6.96228, 0.0 ], [ 107.472, -6.963, 0.0 ], [ 107.47248, -6.96325, 0.0 ], [ 107.47289, -6.96347, 0.0 ], [ 107.47315, -6.9636, 0.0 ], [ 107.47338, -6.96376, 0.0 ], [ 107.47355, -6.96394, 0.0 ], [ 107.47367, -6.96412, 0.0 ], [ 107.47374, -6.96449, 0.0 ], [ 107.47378, -6.96464, 0.0 ], [ 107.47396, -6.96487, 0.0 ], [ 107.47418, -6.96512, 0.0 ], [ 107.47437, -6.96523, 0.0 ], [ 107.47467, -6.96534, 0.0 ], [ 107.47517, -6.96544, 0.0 ], [ 107.47532, -6.96548, 0.0 ], [ 107.47542, -6.96556, 0.0 ], [ 107.47552, -6.96583, 0.0 ], [ 107.47566, -6.96599, 0.0 ], [ 107.47572, -6.96602, 0.0 ], [ 107.47639, -6.9663, 0.0 ], [ 107.47649, -6.96638, 0.0 ], [ 107.47677, -6.96667, 0.0 ], [ 107.47688, -6.96695, 0.0 ], [ 107.47688, -6.96709, 0.0 ], [ 107.47682, -6.96731, 0.0 ], [ 107.47681, -6.96749, 0.0 ], [ 107.47685, -6.9676, 0.0 ], [ 107.47693, -6.96765, 0.0 ], [ 107.47708, -6.96767, 0.0 ], [ 107.47721, -6.96763, 0.0 ], [ 107.47731, -6.96755, 0.0 ], [ 107.47747, -6.96741, 0.0 ], [ 107.47758, -6.96745, 0.0 ], [ 107.47791, -6.96754, 0.0 ], [ 107.47809, -6.96753, 0.0 ], [ 107.47829, -6.96754, 0.0 ], [ 107.47842, -6.96758, 0.0 ], [ 107.47878, -6.96784, 0.0 ], [ 107.47913, -6.96813, 0.0 ], [ 107.47928, -6.96837, 0.0 ], [ 107.47941, -6.96862, 0.0 ], [ 107.47946, -6.96873, 0.0 ], [ 107.47955, -6.969, 0.0 ], [ 107.4796, -6.96911, 0.0 ], [ 107.4795812, -6.9691234, 0.0 ], [ 107.4796, -6.9691509, 0.0 ], [ 107.4797272, -6.9689925, 0.0 ], [ 107.4797283, -6.9689922, 0.0 ], [ 107.4798221, -6.9689125, 0.0 ], [ 107.48059, -6.96826, 0.0 ], [ 107.4811925, -6.9677194, 0.0 ], [ 107.48166, -6.9673, 0.0 ], [ 107.48226, -6.9666, 0.0 ], [ 107.48257, -6.96607, 0.0 ], [ 107.4826, -6.96554, 0.0 ], [ 107.48255, -6.96518, 0.0 ], [ 107.48231, -6.96421, 0.0 ], [ 107.4822402, -6.96375, 0.0 ], [ 107.48336, -6.9635, 0.0 ], [ 107.4843, -6.96339, 0.0 ], [ 107.48524, -6.9634, 0.0 ], [ 107.48606, -6.96341, 0.0 ], [ 107.48682, -6.96339, 0.0 ], [ 107.4875, -6.96337, 0.0 ], [ 107.48847, -6.96346, 0.0 ], [ 107.4886516, -6.9635038, 0.0 ], [ 107.48905, -6.9636, 0.0 ], [ 107.48984, -6.96379, 0.0 ], [ 107.49042, -6.96405, 0.0 ], [ 107.4908, -6.96428, 0.0 ], [ 107.49148, -6.96506, 0.0 ], [ 107.4919583, -6.9657683, 0.0 ], [ 107.492, -6.96583, 0.0 ], [ 107.49237, -6.96638, 0.0 ], [ 107.4926898, -6.9673994, 0.0 ], [ 107.49269, -6.9674, 0.0 ], [ 107.49272, -6.96747, 0.0 ], [ 107.49273, -6.96767, 0.0 ], [ 107.4928, -6.96783, 0.0 ], [ 107.49289, -6.96792, 0.0 ], [ 107.49311, -6.96816, 0.0 ], [ 107.49314, -6.96826, 0.0 ], [ 107.49319, -6.96849, 0.0 ], [ 107.49331, -6.96861, 0.0 ], [ 107.4933322, -6.9686432, 0.0 ], [ 107.49337, -6.9687, 0.0 ], [ 107.49343, -6.96884, 0.0 ], [ 107.49338, -6.96899, 0.0 ], [ 107.49324, -6.96921, 0.0 ], [ 107.49331, -6.96939, 0.0 ], [ 107.49331, -6.96953, 0.0 ], [ 107.49331, -6.96966, 0.0 ], [ 107.49333, -6.96982, 0.0 ], [ 107.49335, -6.96988, 0.0 ], [ 107.49334, -6.96995, 0.0 ], [ 107.49334, -6.97003, 0.0 ], [ 107.4934, -6.97019, 0.0 ], [ 107.49357, -6.97041, 0.0 ], [ 107.49407, -6.97103, 0.0 ], [ 107.4945899, -6.9718, 0.0 ], [ 107.49449, -6.97224, 0.0 ], [ 107.49431, -6.97321, 0.0 ], [ 107.494162, -6.9739827, 0.0 ], [ 107.49413, -6.97415, 0.0 ], [ 107.49403, -6.97524, 0.0 ], [ 107.49401, -6.97637, 0.0 ], [ 107.49404, -6.97735, 0.0 ], [ 107.4943267, -6.9788568, 0.0 ], [ 107.4943822, -6.9791489, 0.0 ], [ 107.4944044, -6.9791376, 0.0 ], [ 107.4947911, -6.9789347, 0.0 ], [ 107.4952206, -6.9786981, 0.0 ], [ 107.4953682, -6.9785539, 0.0 ], [ 107.4954358, -6.9784583, 0.0 ], [ 107.4956159, -6.9783325, 0.0 ], [ 107.4957254, -6.978222, 0.0 ], [ 107.4958829, -6.9781303, 0.0 ], [ 107.4962078, -6.9780329, 0.0 ], [ 107.4964412, -6.9779723, 0.0 ], [ 107.4966907, -6.9779251, 0.0 ], [ 107.4969728, -6.9778758, 0.0 ], [ 107.4972111, -6.9778522, 0.0 ], [ 107.4973146, -6.9778377, 0.0 ], [ 107.4974083, -6.9778047, 0.0 ], [ 107.4975074, -6.977718, 0.0 ], [ 107.4975932, -6.9776545, 0.0 ], [ 107.497725, -6.9776021, 0.0 ], [ 107.4978856, -6.9775534, 0.0 ], [ 107.4979392, -6.9775474, 0.0 ], [ 107.4979908, -6.9775471, 0.0 ], [ 107.4980215, -6.9775585, 0.0 ], [ 107.4980485, -6.9775813, 0.0 ], [ 107.4980861, -6.9776931, 0.0 ], [ 107.4981139, -6.977823, 0.0 ], [ 107.4981358, -6.9778946, 0.0 ], [ 107.4982192, -6.978052, 0.0 ], [ 107.498293, -6.9781716, 0.0 ], [ 107.4983605, -6.9783023, 0.0 ], [ 107.4984224, -6.9784742, 0.0 ], [ 107.4984842, -6.9786173, 0.0 ], [ 107.4985335, -6.9787326, 0.0 ], [ 107.4988796, -6.97939, 0.0 ], [ 107.4989376, -6.9794937, 0.0 ], [ 107.4989929, -6.9795828, 0.0 ], [ 107.4990332, -6.9796017, 0.0 ], [ 107.499123, -6.979624, 0.0 ], [ 107.499488, -6.979746, 0.0 ], [ 107.4995579, -6.9798144, 0.0 ], [ 107.499629, -6.979884, 0.0 ], [ 107.4996636, -6.9799286, 0.0 ], [ 107.499688, -6.97996, 0.0 ], [ 107.499994, -6.980161, 0.0 ], [ 107.5, -6.980171, 0.0 ], [ 107.500119, -6.98042, 0.0 ], [ 107.500167, -6.980515, 0.0 ], [ 107.500229, -6.980559, 0.0 ], [ 107.500327, -6.980626, 0.0 ], [ 107.500332, -6.980629, 0.0 ], [ 107.500526, -6.980782, 0.0 ], [ 107.500586, -6.980818, 0.0 ], [ 107.500681, -6.980746, 0.0 ], [ 107.500782, -6.980602, 0.0 ], [ 107.500899, -6.980512, 0.0 ], [ 107.501048, -6.980433, 0.0 ], [ 107.501227, -6.980213, 0.0 ], [ 107.501301, -6.980214, 0.0 ], [ 107.501597, -6.98029, 0.0 ], [ 107.501622, -6.980298, 0.0 ], [ 107.501817, -6.980385, 0.0 ], [ 107.50194, -6.98044, 0.0 ], [ 107.502083, -6.980495, 0.0 ], [ 107.502115, -6.9805, 0.0 ], [ 107.502324, -6.980563, 0.0 ], [ 107.502538, -6.980675, 0.0 ], [ 107.502685, -6.9810696, 0.0 ], [ 107.5026335, -6.981227, 0.0 ], [ 107.502681, -6.981471, 0.0 ], [ 107.502751, -6.981581, 0.0 ], [ 107.502838, -6.981732, 0.0 ], [ 107.502899, -6.981857, 0.0 ], [ 107.502902, -6.981976, 0.0 ], [ 107.502907, -6.98234, 0.0 ], [ 107.502952, -6.982442, 0.0 ], [ 107.5029637, -6.9824604, 0.0 ], [ 107.503183, -6.982805, 0.0 ], [ 107.503316, -6.982914, 0.0 ], [ 107.5033681, -6.9829295, 0.0 ], [ 107.503427, -6.982947, 0.0 ], [ 107.5034545, -6.9829398, 0.0 ], [ 107.503545, -6.982916, 0.0 ], [ 107.503787, -6.982765, 0.0 ], [ 107.503822, -6.982602, 0.0 ], [ 107.503933, -6.982214, 0.0 ], [ 107.504067, -6.98206, 0.0 ], [ 107.504239, -6.98194, 0.0 ], [ 107.504564, -6.981873, 0.0 ], [ 107.5049, -6.981793, 0.0 ], [ 107.504954, -6.981689, 0.0 ], [ 107.504951, -6.981522, 0.0 ], [ 107.504901, -6.981404, 0.0 ], [ 107.5047918, -6.981225, 0.0 ], [ 107.504624, -6.98095, 0.0 ], [ 107.504494, -6.980739, 0.0 ], [ 107.50431, -6.980375, 0.0 ], [ 107.504237, -6.980274, 0.0 ], [ 107.504101, -6.979834, 0.0 ], [ 107.504094, -6.979468, 0.0 ], [ 107.50414, -6.97932, 0.0 ], [ 107.504264, -6.979187, 0.0 ], [ 107.504394, -6.979111, 0.0 ], [ 107.504531, -6.979074, 0.0 ], [ 107.504789, -6.979087, 0.0 ], [ 107.504933, -6.979145, 0.0 ], [ 107.505003, -6.979233, 0.0 ], [ 107.505216, -6.979498, 0.0 ], [ 107.505336, -6.979565, 0.0 ], [ 107.505665, -6.979675, 0.0 ], [ 107.505837, -6.979708, 0.0 ], [ 107.505869, -6.979645, 0.0 ], [ 107.505919, -6.979448, 0.0 ], [ 107.505941, -6.979423, 0.0 ], [ 107.506049, -6.979366, 0.0 ], [ 107.5061342, -6.9793304, 0.0 ], [ 107.506284, -6.979268, 0.0 ], [ 107.506514, -6.979102, 0.0 ], [ 107.506643, -6.978916, 0.0 ], [ 107.506763, -6.978657, 0.0 ], [ 107.506799, -6.97845, 0.0 ], [ 107.506746, -6.978373, 0.0 ], [ 107.50667, -6.97826, 0.0 ], [ 107.506676, -6.978132, 0.0 ], [ 107.50675, -6.97798, 0.0 ], [ 107.506762, -6.97789, 0.0 ], [ 107.506755, -6.977558, 0.0 ], [ 107.506755, -6.977369, 0.0 ], [ 107.506784, -6.977369, 0.0 ], [ 107.506953, -6.977338, 0.0 ], [ 107.507029, -6.977256, 0.0 ], [ 107.507163, -6.977106, 0.0 ], [ 107.5072811, -6.977052, 0.0 ], [ 107.50729, -6.977048, 0.0 ], [ 107.507484, -6.976991, 0.0 ], [ 107.507709, -6.976994, 0.0 ], [ 107.50784, -6.976964, 0.0 ], [ 107.5078858, -6.9767438, 0.0 ], [ 107.5079136, -6.9763491, 0.0 ], [ 107.5079862, -6.976061, 0.0 ], [ 107.508048, -6.9757446, 0.0 ], [ 107.5081892, -6.9754027, 0.0 ], [ 107.5083386, -6.9752708, 0.0 ], [ 107.5085354, -6.9751502, 0.0 ], [ 107.5086843, -6.9750299, 0.0 ], [ 107.5087845, -6.9749319, 0.0 ], [ 107.5087835, -6.9746348, 0.0 ], [ 107.5087895, -6.9744052, 0.0 ], [ 107.5087878, -6.9740824, 0.0 ], [ 107.5087643, -6.9737238, 0.0 ], [ 107.5087396, -6.9731285, 0.0 ], [ 107.5087301, -6.9726982, 0.0 ], [ 107.5087349, -6.9721792, 0.0 ], [ 107.5087688, -6.971873, 0.0 ], [ 107.5088109, -6.9716791, 0.0 ], [ 107.5088744, -6.9714851, 0.0 ], [ 107.5089669, -6.9713196, 0.0 ], [ 107.5090108, -6.9712032, 0.0 ], [ 107.5090314, -6.9710309, 0.0 ], [ 107.5090804, -6.9707939, 0.0 ], [ 107.509187, -6.9705853, 0.0 ], [ 107.5092725, -6.9704701, 0.0 ], [ 107.5094155, -6.9703545, 0.0 ], [ 107.5096155, -6.9701741, 0.0 ], [ 107.5096651, -6.9700447, 0.0 ], [ 107.5096997, -6.9698007, 0.0 ], [ 107.5097488, -6.969578, 0.0 ], [ 107.5099692, -6.9691823, 0.0 ], [ 107.5100671, -6.9690514, 0.0 ], [ 107.5104801, -6.9686063, 0.0 ], [ 107.5108941, -6.9681665, 0.0 ], [ 107.5111933, -6.9677273, 0.0 ], [ 107.51236, -6.96631, 0.0 ], [ 107.51286, -6.96623, 0.0 ], [ 107.51299, -6.96614, 0.0 ], [ 107.51302, -6.96603, 0.0 ], [ 107.51299, -6.96595, 0.0 ], [ 107.51291, -6.96583, 0.0 ], [ 107.51287, -6.9657, 0.0 ], [ 107.51287, -6.96514, 0.0 ], [ 107.51292, -6.96494, 0.0 ], [ 107.51303, -6.96481, 0.0 ], [ 107.51342, -6.96457, 0.0 ], [ 107.51361, -6.96442, 0.0 ], [ 107.51374, -6.9643, 0.0 ], [ 107.5139, -6.96417, 0.0 ], [ 107.51398, -6.9641, 0.0 ], [ 107.5142122, -6.9638948, 0.0 ], [ 107.51441, -6.96372, 0.0 ], [ 107.5144781, -6.9636908, 0.0 ], [ 107.5145334, -6.9635212, 0.0 ], [ 107.5147378, -6.9629342, 0.0 ], [ 107.5149091, -6.9624774, 0.0 ], [ 107.5150783, -6.9621625, 0.0 ], [ 107.5152376, -6.961866, 0.0 ], [ 107.5152406, -6.9618603, 0.0 ], [ 107.515335, -6.9616847, 0.0 ], [ 107.5154654, -6.9609475, 0.0 ], [ 107.5158051, -6.9600861, 0.0 ], [ 107.516065, -6.959463, 0.0 ], [ 107.5162257, -6.9593127, 0.0 ], [ 107.5167609, -6.958706, 0.0 ], [ 107.5178343, -6.9577249, 0.0 ], [ 107.5180193, -6.9574155, 0.0 ], [ 107.5182536, -6.9569264, 0.0 ], [ 107.5183577, -6.9564573, 0.0 ], [ 107.518503, -6.9562485, 0.0 ], [ 107.518938, -6.9560579, 0.0 ], [ 107.51923, -6.95593, 0.0 ], [ 107.51934, -6.955825, 0.0 ], [ 107.519379, -6.955761, 0.0 ], [ 107.519489, -6.955661, 0.0 ], [ 107.519655, -6.955552, 0.0 ], [ 107.519685, -6.955525, 0.0 ], [ 107.519793, -6.955389, 0.0 ], [ 107.519916, -6.955234, 0.0 ], [ 107.520085, -6.955025, 0.0 ], [ 107.520102, -6.955007, 0.0 ], [ 107.52022, -6.954826, 0.0 ], [ 107.520389, -6.954662, 0.0 ], [ 107.520526, -6.954544, 0.0 ], [ 107.520642, -6.954435, 0.0 ], [ 107.520792, -6.95438, 0.0 ], [ 107.520851, -6.954371, 0.0 ], [ 107.521027, -6.954334, 0.0 ], [ 107.521338, -6.95435, 0.0 ], [ 107.521703, -6.954402, 0.0 ], [ 107.52183, -6.954447, 0.0 ], [ 107.521935, -6.954491, 0.0 ], [ 107.521993, -6.954473, 0.0 ], [ 107.522104, -6.954283, 0.0 ], [ 107.522243, -6.954092, 0.0 ], [ 107.522409, -6.95373, 0.0 ], [ 107.5224756, -6.9535859, 0.0 ], [ 107.522476, -6.953585, 0.0 ], [ 107.522882, -6.953068, 0.0 ], [ 107.52315, -6.952759, 0.0 ], [ 107.523238, -6.952614, 0.0 ], [ 107.523278, -6.95255, 0.0 ], [ 107.523338, -6.952414, 0.0 ], [ 107.5233875, -6.952356, 0.0 ], [ 107.523402, -6.952339, 0.0 ], [ 107.5234183, -6.9523199, 0.0 ], [ 107.523431, -6.952305, 0.0 ], [ 107.5234677, -6.9522782, 0.0 ], [ 107.523589, -6.952205, 0.0 ], [ 107.5236474, -6.9521826, 0.0 ], [ 107.524019, -6.95204, 0.0 ], [ 107.52405, -6.952031, 0.0 ], [ 107.52413, -6.95192, 0.0 ], [ 107.52426, -6.95168, 0.0 ], [ 107.52431, -6.95138, 0.0 ], [ 107.52425, -6.95114, 0.0 ], [ 107.52418, -6.95095, 0.0 ], [ 107.52408, -6.95077, 0.0 ], [ 107.524, -6.95053, 0.0 ], [ 107.52397, -6.95031, 0.0 ], [ 107.5239852, -6.9500591, 0.0 ], [ 107.52399, -6.94998, 0.0 ], [ 107.524, -6.94991, 0.0 ], [ 107.5242634, -6.9491162, 0.0 ], [ 107.5242996, -6.9489891, 0.0 ], [ 107.5243187, -6.9487512, 0.0 ], [ 107.5243412, -6.9484701, 0.0 ], [ 107.5244653, -6.9481825, 0.0 ], [ 107.5246313, -6.9479066, 0.0 ], [ 107.5248093, -6.9476307, 0.0 ], [ 107.524898, -6.947433, 0.0 ], [ 107.5249319, -6.9473285, 0.0 ], [ 107.524904, -6.9469972, 0.0 ], [ 107.5248975, -6.9464448, 0.0 ], [ 107.5248982, -6.9462249, 0.0 ], [ 107.5249129, -6.9459641, 0.0 ], [ 107.5249518, -6.9456955, 0.0 ], [ 107.5249827, -6.9455907, 0.0 ], [ 107.5250276, -6.9455053, 0.0 ], [ 107.5251463, -6.9453101, 0.0 ], [ 107.52581, -6.9448, 0.0 ], [ 107.5263501, -6.9443453, 0.0 ], [ 107.526641, -6.9441573, 0.0 ], [ 107.526722, -6.9440899, 0.0 ], [ 107.52683, -6.94399, 0.0 ], [ 107.5285556, -6.9430245, 0.0 ], [ 107.5287458, -6.9428167, 0.0 ], [ 107.5289536, -6.9425524, 0.0 ], [ 107.5296328, -6.9421586, 0.0 ], [ 107.5296835, -6.9421372, 0.0 ], [ 107.5297978, -6.9421391, 0.0 ], [ 107.5298544, -6.9421547, 0.0 ], [ 107.5299388, -6.9421778, 0.0 ], [ 107.5299864, -6.942173, 0.0 ], [ 107.530053, -6.9421683, 0.0 ], [ 107.5301006, -6.942173, 0.0 ], [ 107.5301482, -6.9421825, 0.0 ], [ 107.5302148, -6.9422206, 0.0 ], [ 107.5302577, -6.9422777, 0.0 ], [ 107.5303243, -6.9423396, 0.0 ], [ 107.5304259, -6.9423056, 0.0 ], [ 107.5305187, -6.9422128, 0.0 ], [ 107.5306258, -6.9421557, 0.0 ], [ 107.5307114, -6.9421272, 0.0 ], [ 107.5308328, -6.9420701, 0.0 ], [ 107.5309184, -6.942013, 0.0 ], [ 107.5309399, -6.9419416, 0.0 ], [ 107.53094, -6.94186, 0.0 ], [ 107.5309042, -6.9417346, 0.0 ], [ 107.5308114, -6.9416632, 0.0 ], [ 107.5307543, -6.9415847, 0.0 ], [ 107.5307043, -6.9414919, 0.0 ], [ 107.5306686, -6.9414205, 0.0 ], [ 107.5306657, -6.9413301, 0.0 ], [ 107.5306977, -6.941225, 0.0 ], [ 107.530641, -6.941221, 0.0 ], [ 107.53058, -6.941202, 0.0 ], [ 107.530533, -6.941101, 0.0 ], [ 107.530532, -6.940941, 0.0 ], [ 107.53072, -6.940593, 0.0 ], [ 107.530764, -6.940413, 0.0 ], [ 107.530765, -6.940257, 0.0 ], [ 107.5307577, -6.9401971, 0.0 ], [ 107.5310229, -6.940142, 0.0 ], [ 107.531403, -6.940063, 0.0 ], [ 107.5313975, -6.9400482, 0.0 ], [ 107.5313963, -6.940045, 0.0 ], [ 107.531385, -6.940015, 0.0 ], [ 107.531379, -6.939999, 0.0 ], [ 107.5313807, -6.9399893, 0.0 ], [ 107.5313933, -6.9399164, 0.0 ], [ 107.531407, -6.939837, 0.0 ], [ 107.5314094, -6.9398228, 0.0 ], [ 107.5314097, -6.9398209, 0.0 ], [ 107.5314208, -6.9397539, 0.0 ], [ 107.531434, -6.939674, 0.0 ], [ 107.5313903, -6.9394896, 0.0 ], [ 107.5313531, -6.9394273, 0.0 ], [ 107.5313299, -6.9393883, 0.0 ], [ 107.5312635, -6.9392871, 0.0 ], [ 107.5311372, -6.9391502, 0.0 ], [ 107.5311233, -6.9391396, 0.0 ], [ 107.530951, -6.9390078, 0.0 ], [ 107.530147, -6.9385637, 0.0 ], [ 107.5298618, -6.9383997, 0.0 ], [ 107.5293129, -6.938084, 0.0 ], [ 107.5285274, -6.9377414, 0.0 ], [ 107.5279518, -6.9374934, 0.0 ], [ 107.5276097, -6.937298, 0.0 ], [ 107.5273759, -6.9372036, 0.0 ], [ 107.5270825, -6.9371513, 0.0 ], [ 107.5265678, -6.9371122, 0.0 ], [ 107.5264767, -6.9370961, 0.0 ], [ 107.5260768, -6.9370252, 0.0 ], [ 107.5257595, -6.9369791, 0.0 ], [ 107.525454, -6.936891, 0.0 ], [ 107.5252861, -6.9368142, 0.0 ], [ 107.5251718, -6.9367072, 0.0 ], [ 107.5249677, -6.9365708, 0.0 ], [ 107.5244882, -6.9364, 0.0 ], [ 107.5241888, -6.9363478, 0.0 ], [ 107.5238594, -6.9362718, 0.0 ], [ 107.5237396, -6.9362366, 0.0 ], [ 107.5235656, -6.9361538, 0.0 ], [ 107.5233376, -6.9360173, 0.0 ], [ 107.5231996, -6.9359346, 0.0 ], [ 107.5230917, -6.9358933, 0.0 ], [ 107.5229658, -6.9358521, 0.0 ], [ 107.5225821, -6.9356928, 0.0 ], [ 107.5223866, -6.9356066, 0.0 ], [ 107.5223262, -6.93558, 0.0 ], [ 107.5223651, -6.9354535, 0.0 ], [ 107.5222996, -6.9354673, 0.0 ], [ 107.5222423, -6.9355278, 0.0 ], [ 107.5222389, -6.9355636, 0.0 ], [ 107.5221961, -6.9356207, 0.0 ], [ 107.5221497, -6.9356207, 0.0 ], [ 107.5221497, -6.9355743, 0.0 ], [ 107.5221484, -6.9353635, 0.0 ], [ 107.5221069, -6.9352997, 0.0 ], [ 107.5220151, -6.9352636, 0.0 ], [ 107.5218779, -6.935278, 0.0 ], [ 107.5216907, -6.9353613, 0.0 ], [ 107.5215082, -6.9354721, 0.0 ], [ 107.5212574, -6.9356472, 0.0 ], [ 107.5209426, -6.9358272, 0.0 ], [ 107.5206642, -6.9359842, 0.0 ], [ 107.520107, -6.9360492, 0.0 ], [ 107.5195658, -6.9360105, 0.0 ], [ 107.518857, -6.9357855, 0.0 ], [ 107.5179618, -6.9357071, 0.0 ], [ 107.5170667, -6.9356495, 0.0 ], [ 107.5164208, -6.9355073, 0.0 ], [ 107.5157119, -6.9352408, 0.0 ], [ 107.5151283, -6.9350775, 0.0 ], [ 107.5147126, -6.9351629, 0.0 ], [ 107.5146096, -6.9353714, 0.0 ], [ 107.5146744, -6.9358077, 0.0 ], [ 107.5147399, -6.9363896, 0.0 ], [ 107.5147215, -6.9368472, 0.0 ], [ 107.5146191, -6.9371597, 0.0 ], [ 107.5142874, -6.9373902, 0.0 ], [ 107.5136432, -6.9375599, 0.0 ], [ 107.5128944, -6.9376263, 0.0 ], [ 107.5118333, -6.9376735, 0.0 ], [ 107.5114375, -6.9375924, 0.0 ], [ 107.5106235, -6.9371392, 0.0 ], [ 107.5101425, -6.9366843, 0.0 ], [ 107.5092642, -6.9358779, 0.0 ], [ 107.5083448, -6.9351758, 0.0 ], [ 107.5075073, -6.9342028, 0.0 ], [ 107.5069002, -6.9335198, 0.0 ], [ 107.5062737, -6.9331072, 0.0 ], [ 107.5054602, -6.9327372, 0.0 ], [ 107.5048974, -6.9325738, 0.0 ], [ 107.5041273, -6.9325363, 0.0 ], [ 107.5033787, -6.9326442, 0.0 ], [ 107.5025885, -6.9327524, 0.0 ], [ 107.5017769, -6.9327566, 0.0 ], [ 107.5012772, -6.9326969, 0.0 ] ] ] ] } },
{ "type": "Feature", "properties": { "kd_propinsi": "32", "kd_dati2": "17", "kd_kecamatan": "011", "nama_kecamatan": "Cililin", "id_kecamatan": 11 }, "geometry": { "type": "MultiPolygon", "coordinates": [ [ [ [ 107.43691, -7.01061, 0.0 ], [ 107.4416499, -7.01416, 0.0 ], [ 107.4423, -7.01529, 0.0 ], [ 107.44256, -7.01616, 0.0 ], [ 107.4426556, -7.0163809, 0.0 ], [ 107.4432416, -7.0164782, 0.0 ], [ 107.4438983, -7.0166495, 0.0 ], [ 107.4441125, -7.0168208, 0.0 ], [ 107.4443837, -7.017292, 0.0 ], [ 107.4446343, -7.0176562, 0.0 ], [ 107.4454545, -7.0191194, 0.0 ], [ 107.4454688, -7.019305, 0.0 ], [ 107.4459256, -7.0197333, 0.0 ], [ 107.4461112, -7.0201616, 0.0 ], [ 107.4463825, -7.0205756, 0.0 ], [ 107.4481242, -7.0223174, 0.0 ], [ 107.4485525, -7.0229027, 0.0 ], [ 107.4488095, -7.0235309, 0.0 ], [ 107.4490808, -7.0241591, 0.0 ], [ 107.4494948, -7.0246017, 0.0 ], [ 107.4500373, -7.0249729, 0.0 ], [ 107.451516, -7.0253925, 0.0 ], [ 107.4510653, -7.0257153, 0.0 ], [ 107.4507797, -7.0259294, 0.0 ], [ 107.4504514, -7.0262435, 0.0 ], [ 107.4500944, -7.0267432, 0.0 ], [ 107.4498089, -7.0272714, 0.0 ], [ 107.4495376, -7.0273285, 0.0 ], [ 107.4493235, -7.0272, 0.0 ], [ 107.4491093, -7.0273, 0.0 ], [ 107.4489237, -7.0273714, 0.0 ], [ 107.4485811, -7.0273285, 0.0 ], [ 107.4484954, -7.0274856, 0.0 ], [ 107.4483669, -7.0278139, 0.0 ], [ 107.44811, -7.0280852, 0.0 ], [ 107.4476817, -7.0283565, 0.0 ], [ 107.4472248, -7.0286563, 0.0 ], [ 107.446925, -7.0288847, 0.0 ], [ 107.4468108, -7.029156, 0.0 ], [ 107.4466966, -7.0294558, 0.0 ], [ 107.446511, -7.0298698, 0.0 ], [ 107.4464967, -7.0300697, 0.0 ], [ 107.4466109, -7.0302553, 0.0 ], [ 107.4467251, -7.0302981, 0.0 ], [ 107.4470107, -7.0305123, 0.0 ], [ 107.4471962, -7.0308549, 0.0 ], [ 107.4474247, -7.0311833, 0.0 ], [ 107.4481813, -7.0314831, 0.0 ], [ 107.4485954, -7.0316401, 0.0 ], [ 107.4486525, -7.0317401, 0.0 ], [ 107.4487952, -7.0321398, 0.0 ], [ 107.4490237, -7.0324111, 0.0 ], [ 107.4493949, -7.0327109, 0.0 ], [ 107.4503371, -7.0330107, 0.0 ], [ 107.4506798, -7.0332677, 0.0 ], [ 107.4510653, -7.0334818, 0.0 ], [ 107.4514222, -7.0337245, 0.0 ], [ 107.4517791, -7.0340243, 0.0 ], [ 107.4520932, -7.0342956, 0.0 ], [ 107.4522502, -7.0344955, 0.0 ], [ 107.4525358, -7.0346811, 0.0 ], [ 107.4530354, -7.0347667, 0.0 ], [ 107.4532924, -7.0349952, 0.0 ], [ 107.4535066, -7.035295, 0.0 ], [ 107.4537493, -7.0354663, 0.0 ], [ 107.4542204, -7.0357376, 0.0 ], [ 107.4542632, -7.0357376, 0.0 ], [ 107.4547629, -7.0356804, 0.0 ], [ 107.4547201, -7.0359517, 0.0 ], [ 107.4544488, -7.0363943, 0.0 ], [ 107.4542775, -7.0364228, 0.0 ], [ 107.4540777, -7.0362801, 0.0 ], [ 107.4538492, -7.0363372, 0.0 ], [ 107.4538064, -7.0365942, 0.0 ], [ 107.4538349, -7.0368083, 0.0 ], [ 107.4539206, -7.0370796, 0.0 ], [ 107.4541062, -7.0372652, 0.0 ], [ 107.4537921, -7.0373651, 0.0 ], [ 107.4534637, -7.0374222, 0.0 ], [ 107.4532782, -7.0374365, 0.0 ], [ 107.4532353, -7.0376649, 0.0 ], [ 107.4533638, -7.0377363, 0.0 ], [ 107.4535066, -7.0377934, 0.0 ], [ 107.4535922, -7.0378791, 0.0 ], [ 107.4536065, -7.0380218, 0.0 ], [ 107.4537207, -7.0381789, 0.0 ], [ 107.4537636, -7.0382645, 0.0 ], [ 107.4536208, -7.0383216, 0.0 ], [ 107.453478, -7.0383359, 0.0 ], [ 107.4534923, -7.0385358, 0.0 ], [ 107.4535351, -7.03865, 0.0 ], [ 107.4536922, -7.0388356, 0.0 ], [ 107.4539492, -7.0390212, 0.0 ], [ 107.4543204, -7.0389213, 0.0 ], [ 107.4545631, -7.0387642, 0.0 ], [ 107.454663, -7.0388356, 0.0 ], [ 107.4547201, -7.0391211, 0.0 ], [ 107.454663, -7.0393924, 0.0 ], [ 107.4550342, -7.0394067, 0.0 ], [ 107.4551341, -7.0395352, 0.0 ], [ 107.4552483, -7.0396066, 0.0 ], [ 107.4551912, -7.039735, 0.0 ], [ 107.4550627, -7.0398493, 0.0 ], [ 107.4552055, -7.0400777, 0.0 ], [ 107.4553197, -7.0401776, 0.0 ], [ 107.4553197, -7.0403347, 0.0 ], [ 107.4551056, -7.0404489, 0.0 ], [ 107.4550056, -7.0406345, 0.0 ], [ 107.4550913, -7.0407344, 0.0 ], [ 107.455334, -7.0408629, 0.0 ], [ 107.4556053, -7.0409057, 0.0 ], [ 107.4558908, -7.0409914, 0.0 ], [ 107.4558194, -7.0414625, 0.0 ], [ 107.4559479, -7.0416624, 0.0 ], [ 107.456105, -7.0418337, 0.0 ], [ 107.4562192, -7.0420051, 0.0 ], [ 107.4563762, -7.0422906, 0.0 ], [ 107.4564761, -7.0424905, 0.0 ], [ 107.4566046, -7.0426047, 0.0 ], [ 107.4568331, -7.0426761, 0.0 ], [ 107.4572043, -7.042519, 0.0 ], [ 107.4573899, -7.0424191, 0.0 ], [ 107.4575469, -7.042519, 0.0 ], [ 107.4575612, -7.0427903, 0.0 ], [ 107.457447, -7.0430044, 0.0 ], [ 107.4572899, -7.04319, 0.0 ], [ 107.4572185, -7.0434613, 0.0 ], [ 107.4575612, -7.043704, 0.0 ], [ 107.4577468, -7.0438325, 0.0 ], [ 107.4581608, -7.0441037, 0.0 ], [ 107.4586034, -7.0442751, 0.0 ], [ 107.4588461, -7.0443893, 0.0 ], [ 107.459185, -7.0445899, 0.0 ], [ 107.45864, -7.04601, 0.0 ], [ 107.4583217, -7.0467071, 0.0 ], [ 107.45822, -7.04693, 0.0 ], [ 107.45787, -7.04786, 0.0 ], [ 107.45748, -7.04841, 0.0 ], [ 107.45714, -7.04904, 0.0 ], [ 107.457, -7.04968, 0.0 ], [ 107.45682, -7.05061, 0.0 ], [ 107.45653, -7.0518798, 0.0 ], [ 107.45653, -7.05188, 0.0 ], [ 107.45653, -7.05188, 0.0 ], [ 107.4566368, -7.0518894, 0.0 ], [ 107.45812, -7.05202, 0.0 ], [ 107.4584375, -7.0521228, 0.0 ], [ 107.45884, -7.0522054, 0.0 ], [ 107.4591925, -7.0523332, 0.0 ], [ 107.4593574, -7.0523567, 0.0 ], [ 107.4594176, -7.0524464, 0.0 ], [ 107.4600625, -7.0521949, 0.0 ], [ 107.4602889, -7.0519934, 0.0 ], [ 107.4604228, -7.0518382, 0.0 ], [ 107.4605264, -7.0516586, 0.0 ], [ 107.4608256, -7.0517599, 0.0 ], [ 107.4618829, -7.0521733, 0.0 ], [ 107.462294, -7.0523435, 0.0 ], [ 107.4625387, -7.0524498, 0.0 ], [ 107.4628784, -7.0525919, 0.0 ], [ 107.462954, -7.052609, 0.0 ], [ 107.4630268, -7.0526064, 0.0 ], [ 107.4631584, -7.0526016, 0.0 ], [ 107.463174, -7.052601, 0.0 ], [ 107.463225, -7.052628, 0.0 ], [ 107.463355, -7.052747, 0.0 ], [ 107.463715, -7.05312, 0.0 ], [ 107.4638436, -7.0531946, 0.0 ], [ 107.46392, -7.053239, 0.0 ], [ 107.464477, -7.05373, 0.0 ], [ 107.464642, -7.05375, 0.0 ], [ 107.464854, -7.053698, 0.0 ], [ 107.465073, -7.053573, 0.0 ], [ 107.465265, -7.0534, 0.0 ], [ 107.465713, -7.052941, 0.0 ], [ 107.4659279, -7.0527844, 0.0 ], [ 107.4659945, -7.0527359, 0.0 ], [ 107.466225, -7.052568, 0.0 ], [ 107.466327, -7.052518, 0.0 ], [ 107.4665099, -7.0524118, 0.0 ], [ 107.466556, -7.052385, 0.0 ], [ 107.466686, -7.052231, 0.0 ], [ 107.46671, -7.05208, 0.0 ], [ 107.466714, -7.052052, 0.0 ], [ 107.46684, -7.051235, 0.0 ], [ 107.466915, -7.051178, 0.0 ], [ 107.4670455, -7.051088, 0.0 ], [ 107.467328, -7.050893, 0.0 ], [ 107.467916, -7.050358, 0.0 ], [ 107.468089, -7.050324, 0.0 ], [ 107.46834, -7.050362, 0.0 ], [ 107.468962, -7.050547, 0.0 ], [ 107.469304, -7.050869, 0.0 ], [ 107.469525, -7.051157, 0.0 ], [ 107.46966, -7.051459, 0.0 ], [ 107.469776, -7.051793, 0.0 ], [ 107.469967, -7.052129, 0.0 ], [ 107.470113, -7.052171, 0.0 ], [ 107.470156, -7.052156, 0.0 ], [ 107.470226, -7.052223, 0.0 ], [ 107.470879, -7.052334, 0.0 ], [ 107.471155, -7.052402, 0.0 ], [ 107.471384, -7.052537, 0.0 ], [ 107.471702, -7.052999, 0.0 ], [ 107.471967, -7.053296, 0.0 ], [ 107.472236, -7.053489, 0.0 ], [ 107.472484, -7.053568, 0.0 ], [ 107.472757, -7.053562, 0.0 ], [ 107.47304, -7.053476, 0.0 ], [ 107.4731606, -7.053395, 0.0 ], [ 107.473229, -7.053349, 0.0 ], [ 107.473444, -7.052947, 0.0 ], [ 107.473614, -7.052332, 0.0 ], [ 107.473748, -7.05279, 0.0 ], [ 107.474117, -7.053758, 0.0 ], [ 107.474326, -7.054006, 0.0 ], [ 107.474481, -7.05409, 0.0 ], [ 107.475128, -7.054268, 0.0 ], [ 107.475405, -7.054282, 0.0 ], [ 107.475647, -7.054317, 0.0 ], [ 107.47569, -7.054403, 0.0 ], [ 107.475681, -7.054585, 0.0 ], [ 107.47558, -7.054874, 0.0 ], [ 107.475424, -7.055347, 0.0 ], [ 107.475452, -7.055501, 0.0 ], [ 107.475547, -7.055655, 0.0 ], [ 107.475682, -7.055747, 0.0 ], [ 107.475854, -7.055781, 0.0 ], [ 107.476027, -7.055829, 0.0 ], [ 107.476134, -7.05585, 0.0 ], [ 107.476345, -7.055927, 0.0 ], [ 107.476623, -7.056092, 0.0 ], [ 107.476822, -7.056306, 0.0 ], [ 107.477079, -7.056609, 0.0 ], [ 107.477112, -7.056741, 0.0 ], [ 107.4770814, -7.0570261, 0.0 ], [ 107.4773798, -7.0571192, 0.0 ], [ 107.4775216, -7.05717, 0.0 ], [ 107.477618, -7.0571915, 0.0 ], [ 107.4777006, -7.0572015, 0.0 ], [ 107.4777387, -7.0571806, 0.0 ], [ 107.4777701, -7.0570809, 0.0 ], [ 107.477716, -7.0568799, 0.0 ], [ 107.4776565, -7.0567817, 0.0 ], [ 107.4775226, -7.0566122, 0.0 ], [ 107.4773977, -7.056517, 0.0 ], [ 107.4773293, -7.0564516, 0.0 ], [ 107.4772966, -7.056407, 0.0 ], [ 107.477277, -7.056338, 0.0 ], [ 107.4773026, -7.0562848, 0.0 ], [ 107.4773746, -7.0561221, 0.0 ], [ 107.477383, -7.056103, 0.0 ], [ 107.47741, -7.056021, 0.0 ], [ 107.4774379, -7.0559558, 0.0 ], [ 107.477499, -7.055813, 0.0 ], [ 107.4775139, -7.0557851, 0.0 ], [ 107.477523, -7.055768, 0.0 ], [ 107.477593, -7.055641, 0.0 ], [ 107.4776311, -7.0555845, 0.0 ], [ 107.4776542, -7.0555502, 0.0 ], [ 107.4776711, -7.0554556, 0.0 ], [ 107.4776819, -7.0553878, 0.0 ], [ 107.4776819, -7.0553414, 0.0 ], [ 107.4776854, -7.0552879, 0.0 ], [ 107.4776819, -7.055245, 0.0 ], [ 107.4776711, -7.0551986, 0.0 ], [ 107.4776355, -7.0551558, 0.0 ], [ 107.4775891, -7.055113, 0.0 ], [ 107.47748, -7.05504, 0.0 ], [ 107.47694, -7.05474, 0.0 ], [ 107.47681, -7.05449, 0.0 ], [ 107.47679, -7.05401, 0.0 ], [ 107.47687, -7.05326, 0.0 ], [ 107.477, -7.05274, 0.0 ], [ 107.4771, -7.05226, 0.0 ], [ 107.47703, -7.05203, 0.0 ], [ 107.47687, -7.05191, 0.0 ], [ 107.47637, -7.05178, 0.0 ], [ 107.47574, -7.05155, 0.0 ], [ 107.47553, -7.05143, 0.0 ], [ 107.47549, -7.05118, 0.0 ], [ 107.47563, -7.05075, 0.0 ], [ 107.47583, -7.05018, 0.0 ], [ 107.47582, -7.04965, 0.0 ], [ 107.47573, -7.04931, 0.0 ], [ 107.47562, -7.04858, 0.0 ], [ 107.47569, -7.0476, 0.0 ], [ 107.47578, -7.046989, 0.0 ], [ 107.475802, -7.046823, 0.0 ], [ 107.475953, -7.04625, 0.0 ], [ 107.47599, -7.045904, 0.0 ], [ 107.475993, -7.0458454, 0.0 ], [ 107.475995, -7.045806, 0.0 ], [ 107.4760146, -7.0457385, 0.0 ], [ 107.476158, -7.045246, 0.0 ], [ 107.476194, -7.0451027, 0.0 ], [ 107.476197, -7.045091, 0.0 ], [ 107.476132, -7.044961, 0.0 ], [ 107.476116, -7.044946, 0.0 ], [ 107.4759674, -7.0447297, 0.0 ], [ 107.475877, -7.044598, 0.0 ], [ 107.475735, -7.044216, 0.0 ], [ 107.4757103, -7.0441267, 0.0 ], [ 107.475653, -7.04392, 0.0 ], [ 107.475647, -7.043678, 0.0 ], [ 107.4756596, -7.0435507, 0.0 ], [ 107.475701, -7.043132, 0.0 ], [ 107.475764, -7.042685, 0.0 ], [ 107.4757849, -7.0425028, 0.0 ], [ 107.475822, -7.04218, 0.0 ], [ 107.475828, -7.042012, 0.0 ], [ 107.4757897, -7.0416755, 0.0 ], [ 107.475774, -7.041538, 0.0 ], [ 107.4756833, -7.0409583, 0.0 ], [ 107.475677, -7.040918, 0.0 ], [ 107.475655, -7.0408315, 0.0 ], [ 107.4756381, -7.0407648, 0.0 ], [ 107.4756887, -7.0406599, 0.0 ], [ 107.4758298, -7.040484, 0.0 ], [ 107.476001, -7.0403402, 0.0 ], [ 107.4761987, -7.0402937, 0.0 ], [ 107.4764271, -7.040208, 0.0 ], [ 107.476595, -7.0400742, 0.0 ], [ 107.4768173, -7.0399225, 0.0 ], [ 107.4772855, -7.0395927, 0.0 ], [ 107.4775883, -7.039418, 0.0 ], [ 107.4777759, -7.0393195, 0.0 ], [ 107.4780521, -7.03924, 0.0 ], [ 107.4782164, -7.0392182, 0.0 ], [ 107.4784374, -7.0392294, 0.0 ], [ 107.4785972, -7.0391991, 0.0 ], [ 107.4787399, -7.0391515, 0.0 ], [ 107.4788434, -7.0390843, 0.0 ], [ 107.4789787, -7.0389558, 0.0 ], [ 107.4792755, -7.0387899, 0.0 ], [ 107.4796575, -7.0386267, 0.0 ], [ 107.4802828, -7.0382717, 0.0 ], [ 107.4804539, -7.0379512, 0.0 ], [ 107.4805769, -7.0376708, 0.0 ], [ 107.4806691, -7.0374551, 0.0 ], [ 107.4807942, -7.0371292, 0.0 ], [ 107.4808433, -7.0370266, 0.0 ], [ 107.480941, -7.0368223, 0.0 ], [ 107.481226, -7.036354, 0.0 ], [ 107.4812874, -7.0362799, 0.0 ], [ 107.48153, -7.035987, 0.0 ], [ 107.4816312, -7.0358421, 0.0 ], [ 107.4817207, -7.0357138, 0.0 ], [ 107.481731, -7.035699, 0.0 ], [ 107.481772, -7.035618, 0.0 ], [ 107.48181, -7.035584, 0.0 ], [ 107.481924, -7.035421, 0.0 ], [ 107.4819451, -7.035315, 0.0 ], [ 107.4819544, -7.0352683, 0.0 ], [ 107.481969, -7.035195, 0.0 ], [ 107.48193, -7.034893, 0.0 ], [ 107.481923, -7.034842, 0.0 ], [ 107.4818703, -7.0346272, 0.0 ], [ 107.481845, -7.034524, 0.0 ], [ 107.481681, -7.034174, 0.0 ], [ 107.4816791, -7.0341709, 0.0 ], [ 107.481649, -7.034121, 0.0 ], [ 107.481535, -7.033893, 0.0 ], [ 107.481521, -7.0338726, 0.0 ], [ 107.481392, -7.033685, 0.0 ], [ 107.4812921, -7.0335118, 0.0 ], [ 107.481166, -7.033293, 0.0 ], [ 107.481056, -7.033044, 0.0 ], [ 107.481003, -7.032812, 0.0 ], [ 107.4810048, -7.0327986, 0.0 ], [ 107.481038, -7.032545, 0.0 ], [ 107.4811162, -7.032287, 0.0 ], [ 107.481132, -7.032235, 0.0 ], [ 107.4811678, -7.0320798, 0.0 ], [ 107.481182, -7.032018, 0.0 ], [ 107.4811876, -7.0319888, 0.0 ], [ 107.481207, -7.031888, 0.0 ], [ 107.481219, -7.031615, 0.0 ], [ 107.481239, -7.03152, 0.0 ], [ 107.481265, -7.031396, 0.0 ], [ 107.4812368, -7.0312429, 0.0 ], [ 107.4811725, -7.031143, 0.0 ], [ 107.481144, -7.0310573, 0.0 ], [ 107.4811369, -7.0309502, 0.0 ], [ 107.4811654, -7.0307289, 0.0 ], [ 107.481194, -7.0305576, 0.0 ], [ 107.4812289, -7.0303713, 0.0 ], [ 107.481291, -7.0302081, 0.0 ], [ 107.4814324, -7.029893, 0.0 ], [ 107.4815859, -7.0295634, 0.0 ], [ 107.4816989, -7.0293841, 0.0 ], [ 107.4818643, -7.0291665, 0.0 ], [ 107.4820284, -7.0289737, 0.0 ], [ 107.4821141, -7.0288024, 0.0 ], [ 107.4821569, -7.0286311, 0.0 ], [ 107.4821641, -7.0284955, 0.0 ], [ 107.4821141, -7.028367, 0.0 ], [ 107.4820213, -7.0282456, 0.0 ], [ 107.4819356, -7.02806, 0.0 ], [ 107.4818757, -7.0278553, 0.0 ], [ 107.4818143, -7.0277031, 0.0 ], [ 107.4817572, -7.0275817, 0.0 ], [ 107.4817358, -7.0274533, 0.0 ], [ 107.4817215, -7.0272177, 0.0 ], [ 107.481734, -7.0269143, 0.0 ], [ 107.4817258, -7.0267833, 0.0 ], [ 107.4817233, -7.0267431, 0.0 ], [ 107.4817232, -7.0267425, 0.0 ], [ 107.4817149, -7.0266097, 0.0 ], [ 107.4816911, -7.0264099, 0.0 ], [ 107.4816816, -7.0261814, 0.0 ], [ 107.4816769, -7.0260244, 0.0 ], [ 107.4816864, -7.0257626, 0.0 ], [ 107.4817054, -7.0252154, 0.0 ], [ 107.4816981, -7.0250614, 0.0 ], [ 107.4816626, -7.02473, 0.0 ], [ 107.4816209, -7.0243349, 0.0 ], [ 107.4815665, -7.0241631, 0.0 ], [ 107.4815531, -7.0240792, 0.0 ], [ 107.4815189, -7.0238657, 0.0 ], [ 107.4814737, -7.0235999, 0.0 ], [ 107.4814832, -7.0234612, 0.0 ], [ 107.481551, -7.0231649, 0.0 ], [ 107.4815873, -7.0230582, 0.0 ], [ 107.4816117, -7.0229865, 0.0 ], [ 107.4816403, -7.0228259, 0.0 ], [ 107.481651, -7.0227116, 0.0 ], [ 107.4816545, -7.0225368, 0.0 ], [ 107.4816367, -7.022419, 0.0 ], [ 107.4815974, -7.0223619, 0.0 ], [ 107.4815582, -7.0223262, 0.0 ], [ 107.4814868, -7.0222798, 0.0 ], [ 107.4814083, -7.0222619, 0.0 ], [ 107.4813012, -7.0222584, 0.0 ], [ 107.4811763, -7.0222584, 0.0 ], [ 107.4810656, -7.0222726, 0.0 ], [ 107.4808086, -7.0222572, 0.0 ], [ 107.4805945, -7.0222274, 0.0 ], [ 107.4805053, -7.0221739, 0.0 ], [ 107.4804103, -7.0220437, 0.0 ], [ 107.4803684, -7.0218884, 0.0 ], [ 107.4802673, -7.0217039, 0.0 ], [ 107.4801245, -7.0214719, 0.0 ], [ 107.4800175, -7.0213768, 0.0 ], [ 107.4798806, -7.0212816, 0.0 ], [ 107.4797203, -7.0211349, 0.0 ], [ 107.4795867, -7.0210734, 0.0 ], [ 107.479459, -7.0210318, 0.0 ], [ 107.479344, -7.0210198, 0.0 ], [ 107.479112, -7.0209877, 0.0 ], [ 107.4789802, -7.0209556, 0.0 ], [ 107.4788086, -7.0208842, 0.0 ], [ 107.4786979, -7.02082, 0.0 ], [ 107.4784475, -7.0206269, 0.0 ], [ 107.4782333, -7.0204628, 0.0 ], [ 107.4779549, -7.020295, 0.0 ], [ 107.4776551, -7.0202058, 0.0 ], [ 107.4774987, -7.0201525, 0.0 ], [ 107.4771459, -7.0200487, 0.0 ], [ 107.476996, -7.0200059, 0.0 ], [ 107.4768104, -7.0199202, 0.0 ], [ 107.4766177, -7.0198203, 0.0 ], [ 107.4764035, -7.0196847, 0.0 ], [ 107.476168, -7.0195205, 0.0 ], [ 107.4758896, -7.0193563, 0.0 ], [ 107.475617, -7.019215, 0.0 ], [ 107.4755041, -7.0191564, 0.0 ], [ 107.4751686, -7.0189494, 0.0 ], [ 107.4749378, -7.0187781, 0.0 ], [ 107.4748117, -7.0186667, 0.0 ], [ 107.474632, -7.0185172, 0.0 ], [ 107.4745397, -7.018269, 0.0 ], [ 107.4749986, -7.0177882, 0.0 ], [ 107.4749421, -7.0174204, 0.0 ], [ 107.4749263, -7.0171335, 0.0 ], [ 107.4750285, -7.0165591, 0.0 ], [ 107.4751656, -7.0162188, 0.0 ], [ 107.4753507, -7.0159309, 0.0 ], [ 107.4756165, -7.0155086, 0.0 ], [ 107.475759, -7.0152926, 0.0 ], [ 107.475918, -7.0150656, 0.0 ], [ 107.4760889, -7.0146649, 0.0 ], [ 107.47617, -7.01443, 0.0 ], [ 107.47699, -7.01329, 0.0 ], [ 107.47713, -7.01288, 0.0 ], [ 107.4771065, -7.0128156, 0.0 ], [ 107.47678, -7.01192, 0.0 ], [ 107.47659, -7.0114, 0.0 ], [ 107.47659, -7.0113999, 0.0 ], [ 107.47569, -7.01007, 0.0 ], [ 107.47486, -7.00925, 0.0 ], [ 107.47466, -7.0089, 0.0 ], [ 107.47466, -7.00843, 0.0 ], [ 107.47495, -7.00715, 0.0 ], [ 107.47545, -7.0066, 0.0 ], [ 107.47654, -7.00575, 0.0 ], [ 107.47702, -7.00523, 0.0 ], [ 107.4771726, -7.0048629, 0.0 ], [ 107.4771919, -7.0048165, 0.0 ], [ 107.4770275, -7.0047026, 0.0 ], [ 107.476619, -7.0044188, 0.0 ], [ 107.4759046, -7.0039225, 0.0 ], [ 107.4749442, -7.0032553, 0.0 ], [ 107.4744243, -7.002894, 0.0 ], [ 107.4740854, -7.0026688, 0.0 ], [ 107.4735894, -7.0023842, 0.0 ], [ 107.4728514, -7.0019606, 0.0 ], [ 107.4727395, -7.0018964, 0.0 ], [ 107.4723222, -7.0015822, 0.0 ], [ 107.4721275, -7.0014183, 0.0 ], [ 107.4712802, -7.0007197, 0.0 ], [ 107.4711897, -7.000591, 0.0 ], [ 107.471139, -7.0005016, 0.0 ], [ 107.4711636, -7.0004083, 0.0 ], [ 107.4711667, -7.0003114, 0.0 ], [ 107.4711413, -7.000247, 0.0 ], [ 107.4710764, -7.0002007, 0.0 ], [ 107.4709866, -7.0002011, 0.0 ], [ 107.4709222, -7.0002302, 0.0 ], [ 107.470908, -7.0002661, 0.0 ], [ 107.4708976, -7.0003343, 0.0 ], [ 107.470851, -7.0003453, 0.0 ], [ 107.4707609, -7.0002884, 0.0 ], [ 107.4707247, -7.0002205, 0.0 ], [ 107.4707351, -7.0001451, 0.0 ], [ 107.4707706, -7.0000839, 0.0 ], [ 107.4707882, -7.0000193, 0.0 ], [ 107.4707771, -6.9999548, 0.0 ], [ 107.4707517, -6.9998939, 0.0 ], [ 107.4706905, -6.9998584, 0.0 ], [ 107.4706078, -6.9998337, 0.0 ], [ 107.4705502, -6.9998089, 0.0 ], [ 107.4704494, -6.9997556, 0.0 ], [ 107.4703486, -6.9997059, 0.0 ], [ 107.4701545, -6.9996567, 0.0 ], [ 107.4700214, -6.9996144, 0.0 ], [ 107.4698919, -6.9995469, 0.0 ], [ 107.4696033, -6.9993444, 0.0 ], [ 107.4693661, -6.9984648, 0.0 ], [ 107.469699, -6.9981609, 0.0 ], [ 107.469842, -6.9980454, 0.0 ], [ 107.4699036, -6.9979398, 0.0 ], [ 107.4699509, -6.9978296, 0.0 ], [ 107.4700514, -6.9976003, 0.0 ], [ 107.4701597, -6.9974841, 0.0 ], [ 107.4702695, -6.9974262, 0.0 ], [ 107.4703842, -6.9973969, 0.0 ], [ 107.4705327, -6.9974152, 0.0 ], [ 107.470825, -6.9974663, 0.0 ], [ 107.4709736, -6.9975086, 0.0 ], [ 107.4713953, -6.9975972, 0.0 ], [ 107.4716683, -6.997634, 0.0 ], [ 107.4718887, -6.9976807, 0.0 ], [ 107.4720805, -6.9977323, 0.0 ], [ 107.4723057, -6.9977885, 0.0 ], [ 107.4724592, -6.9978403, 0.0 ], [ 107.4725599, -6.9978828, 0.0 ], [ 107.4726557, -6.9979014, 0.0 ], [ 107.472756, -6.9978531, 0.0 ], [ 107.4731893, -6.99743, 0.0 ], [ 107.4733134, -6.9973528, 0.0 ], [ 107.473495, -6.9972897, 0.0 ], [ 107.4736146, -6.9972938, 0.0 ], [ 107.4737726, -6.9972978, 0.0 ], [ 107.4740215, -6.9973059, 0.0 ], [ 107.4741266, -6.9972624, 0.0 ], [ 107.4742266, -6.9971662, 0.0 ], [ 107.4742453, -6.9970657, 0.0 ], [ 107.4742303, -6.996951, 0.0 ], [ 107.4742106, -6.9968507, 0.0 ], [ 107.474215, -6.9967694, 0.0 ], [ 107.4742671, -6.9966734, 0.0 ], [ 107.4743426, -6.9964578, 0.0 ], [ 107.4743992, -6.9963045, 0.0 ], [ 107.4744177, -6.9961801, 0.0 ], [ 107.4744123, -6.9960653, 0.0 ], [ 107.4744405, -6.9959599, 0.0 ], [ 107.4745022, -6.995864, 0.0 ], [ 107.474569, -6.9958254, 0.0 ], [ 107.4749321, -6.9956943, 0.0 ], [ 107.4754009, -6.9956488, 0.0 ], [ 107.4754921, -6.9956866, 0.0 ], [ 107.4755707, -6.9957571, 0.0 ], [ 107.4758135, -6.9958188, 0.0 ], [ 107.4760383, -6.9957937, 0.0 ], [ 107.4762812, -6.9955533, 0.0 ], [ 107.4762663, -6.9954577, 0.0 ], [ 107.4762276, -6.9953814, 0.0 ], [ 107.4762319, -6.9952953, 0.0 ], [ 107.4763604, -6.9951512, 0.0 ], [ 107.4764342, -6.9949952, 0.0 ], [ 107.4764453, -6.9949068, 0.0 ], [ 107.4772043, -6.994683, 0.0 ], [ 107.4774351, -6.9947199, 0.0 ], [ 107.4775883, -6.9947191, 0.0 ], [ 107.4777317, -6.99468, 0.0 ], [ 107.4778189, -6.994638, 0.0 ], [ 107.4778319, -6.9946317, 0.0 ], [ 107.4779323, -6.994612, 0.0 ], [ 107.4781144, -6.994635, 0.0 ], [ 107.4782774, -6.9946867, 0.0 ], [ 107.4784069, -6.9947387, 0.0 ], [ 107.4784914, -6.9947675, 0.0 ], [ 107.4793848, -6.9950725, 0.0 ], [ 107.4798694, -6.9952379, 0.0 ], [ 107.4815952, -6.9957907, 0.0 ], [ 107.4828096, -6.9967438, 0.0 ], [ 107.4828396, -6.9967937, 0.0 ], [ 107.4829642, -6.9970013, 0.0 ], [ 107.4831452, -6.997322, 0.0 ], [ 107.4831986, -6.9974556, 0.0 ], [ 107.4832746, -6.9976634, 0.0 ], [ 107.4833298, -6.9978423, 0.0 ], [ 107.4833627, -6.9979286, 0.0 ], [ 107.4834266, -6.9980283, 0.0 ], [ 107.4835019, -6.9981199, 0.0 ], [ 107.4836867, -6.9983378, 0.0 ], [ 107.4837913, -6.9984199, 0.0 ], [ 107.4839891, -6.9985591, 0.0 ], [ 107.4840687, -6.9986299, 0.0 ], [ 107.4841365, -6.9987658, 0.0 ], [ 107.4842331, -6.9989279, 0.0 ], [ 107.484384, -6.9990947, 0.0 ], [ 107.484452, -6.9991491, 0.0 ], [ 107.4845456, -6.9991941, 0.0 ], [ 107.4846056, -6.9992177, 0.0 ], [ 107.484656, -6.9992461, 0.0 ], [ 107.4847499, -6.9993628, 0.0 ], [ 107.4848655, -6.9994961, 0.0 ], [ 107.4850756, -6.999683, 0.0 ], [ 107.4852574, -6.9998312, 0.0 ], [ 107.4855434, -7.00003, 0.0 ], [ 107.485716, -7.0001061, 0.0 ], [ 107.4857601, -7.0001131, 0.0 ], [ 107.4858253, -7.0001234, 0.0 ], [ 107.4858477, -7.000127, 0.0 ], [ 107.4860335, -7.0001042, 0.0 ], [ 107.48648, -6.99997, 0.0 ], [ 107.48651, -6.99952, 0.0 ], [ 107.48658, -6.99894, 0.0 ], [ 107.48684, -6.99825, 0.0 ], [ 107.48715, -6.99726, 0.0 ], [ 107.4874, -6.99615, 0.0 ], [ 107.4876785, -6.9951349, 0.0 ], [ 107.4876778, -6.9950262, 0.0 ], [ 107.487668, -6.9949856, 0.0 ], [ 107.4876462, -6.9949331, 0.0 ], [ 107.4875785, -6.9948044, 0.0 ], [ 107.4875206, -6.994721, 0.0 ], [ 107.4874048, -6.994547, 0.0 ], [ 107.4873178, -6.9943795, 0.0 ], [ 107.4872456, -6.9941293, 0.0 ], [ 107.4871836, -6.993889, 0.0 ], [ 107.4871635, -6.9938198, 0.0 ], [ 107.4871229, -6.9937359, 0.0 ], [ 107.4870415, -6.9935995, 0.0 ], [ 107.4869532, -6.9935015, 0.0 ], [ 107.4868549, -6.9933834, 0.0 ], [ 107.4867546, -6.9932481, 0.0 ], [ 107.4866658, -6.993107, 0.0 ], [ 107.4865768, -6.9929391, 0.0 ], [ 107.4865187, -6.9928113, 0.0 ], [ 107.4864762, -6.9927369, 0.0 ], [ 107.486399, -6.9926168, 0.0 ], [ 107.4863277, -6.9925253, 0.0 ], [ 107.486202, -6.992394, 0.0 ], [ 107.4860755, -6.9922368, 0.0 ], [ 107.4859305, -6.9919758, 0.0 ], [ 107.485905, -6.9919006, 0.0 ], [ 107.4858794, -6.9918075, 0.0 ], [ 107.4858644, -6.9916928, 0.0 ], [ 107.4858459, -6.9915745, 0.0 ], [ 107.485838, -6.9914454, 0.0 ], [ 107.4858301, -6.9913163, 0.0 ], [ 107.4858331, -6.9912051, 0.0 ], [ 107.4858467, -6.991058, 0.0 ], [ 107.4858518, -6.9909345, 0.0 ], [ 107.4858499, -6.9908513, 0.0 ], [ 107.4858411, -6.9908097, 0.0 ], [ 107.4858218, -6.9907413, 0.0 ], [ 107.4857775, -6.9906342, 0.0 ], [ 107.4857025, -6.9904935, 0.0 ], [ 107.4856128, -6.990274, 0.0 ], [ 107.4855739, -6.9901522, 0.0 ], [ 107.485523, -6.9900329, 0.0 ], [ 107.485494, -6.989977, 0.0 ], [ 107.4854629, -6.9899588, 0.0 ], [ 107.4854467, -6.9899493, 0.0 ], [ 107.485361, -6.989899, 0.0 ], [ 107.485309, -6.989844, 0.0 ], [ 107.485203, -6.989661, 0.0 ], [ 107.485199, -6.9896154, 0.0 ], [ 107.485192, -6.989536, 0.0 ], [ 107.485192, -6.989501, 0.0 ], [ 107.4852057, -6.9893728, 0.0 ], [ 107.485206, -6.98937, 0.0 ], [ 107.485221, -6.989313, 0.0 ], [ 107.485268, -6.989197, 0.0 ], [ 107.4852862, -6.9891475, 0.0 ], [ 107.485321, -6.989053, 0.0 ], [ 107.485365, -6.988929, 0.0 ], [ 107.4854821, -6.9887339, 0.0 ], [ 107.485485, -6.988729, 0.0 ], [ 107.485704, -6.988411, 0.0 ], [ 107.485848, -6.988128, 0.0 ], [ 107.485909, -6.988043, 0.0 ], [ 107.485929, -6.988022, 0.0 ], [ 107.485976, -6.987932, 0.0 ], [ 107.486015, -6.987662, 0.0 ], [ 107.4860121, -6.9874907, 0.0 ], [ 107.486009, -6.987308, 0.0 ], [ 107.486002, -6.987023, 0.0 ], [ 107.486002, -6.9868861, 0.0 ], [ 107.486002, -6.9868812, 0.0 ], [ 107.486002, -6.986866, 0.0 ], [ 107.4859997, -6.9867465, 0.0 ], [ 107.485991, -6.986282, 0.0 ], [ 107.4859865, -6.9861366, 0.0 ], [ 107.4859774, -6.9858474, 0.0 ], [ 107.485969, -6.985579, 0.0 ], [ 107.4859094, -6.9852311, 0.0 ], [ 107.4858516, -6.985052, 0.0 ], [ 107.4857452, -6.9848256, 0.0 ], [ 107.4858351, -6.9846362, 0.0 ], [ 107.4858631, -6.9844974, 0.0 ], [ 107.4859053, -6.9843489, 0.0 ], [ 107.486005, -6.9841954, 0.0 ], [ 107.4860861, -6.984128, 0.0 ], [ 107.4861132, -6.9840609, 0.0 ], [ 107.4861314, -6.9838838, 0.0 ], [ 107.4861301, -6.9836256, 0.0 ], [ 107.4861286, -6.9833482, 0.0 ], [ 107.4861662, -6.9832093, 0.0 ], [ 107.4864, -6.9828613, 0.0 ], [ 107.4865793, -6.9826386, 0.0 ], [ 107.486689, -6.9825227, 0.0 ], [ 107.4867651, -6.9824171, 0.0 ], [ 107.4868077, -6.9823356, 0.0 ], [ 107.4868381, -6.9821967, 0.0 ], [ 107.4868519, -6.9820914, 0.0 ], [ 107.4868575, -6.9819657, 0.0 ], [ 107.4868749, -6.9815868, 0.0 ], [ 107.4868421, -6.9812662, 0.0 ], [ 107.4868694, -6.9809827, 0.0 ], [ 107.486919, -6.9808605, 0.0 ], [ 107.4870651, -6.9806624, 0.0 ], [ 107.4871899, -6.9804968, 0.0 ], [ 107.4875104, -6.9800216, 0.0 ], [ 107.4876459, -6.9798344, 0.0 ], [ 107.4877315, -6.9797263, 0.0 ], [ 107.4878748, -6.9796754, 0.0 ], [ 107.48908, -6.97933, 0.0 ], [ 107.49, -6.97924, 0.0 ], [ 107.49088, -6.97931, 0.0 ], [ 107.49178, -6.97937, 0.0 ], [ 107.49301, -6.97944, 0.0 ], [ 107.4934109, -6.9794149, 0.0 ], [ 107.4940653, -6.9793101, 0.0 ], [ 107.4943822, -6.9791489, 0.0 ], [ 107.4943267, -6.9788568, 0.0 ], [ 107.49404, -6.97735, 0.0 ], [ 107.49401, -6.97637, 0.0 ], [ 107.49403, -6.97524, 0.0 ], [ 107.49413, -6.97415, 0.0 ], [ 107.494162, -6.9739827, 0.0 ], [ 107.49431, -6.97321, 0.0 ], [ 107.49449, -6.97224, 0.0 ], [ 107.4945899, -6.9718, 0.0 ], [ 107.49407, -6.97103, 0.0 ], [ 107.49357, -6.97041, 0.0 ], [ 107.4934, -6.97019, 0.0 ], [ 107.49334, -6.97003, 0.0 ], [ 107.49334, -6.96995, 0.0 ], [ 107.49335, -6.96988, 0.0 ], [ 107.49333, -6.96982, 0.0 ], [ 107.49331, -6.96966, 0.0 ], [ 107.49331, -6.96953, 0.0 ], [ 107.49331, -6.96939, 0.0 ], [ 107.49324, -6.96921, 0.0 ], [ 107.49338, -6.96899, 0.0 ], [ 107.49343, -6.96884, 0.0 ], [ 107.49337, -6.9687, 0.0 ], [ 107.4933322, -6.9686432, 0.0 ], [ 107.49331, -6.96861, 0.0 ], [ 107.49319, -6.96849, 0.0 ], [ 107.49314, -6.96826, 0.0 ], [ 107.49311, -6.96816, 0.0 ], [ 107.49289, -6.96792, 0.0 ], [ 107.4928, -6.96783, 0.0 ], [ 107.49273, -6.96767, 0.0 ], [ 107.49272, -6.96747, 0.0 ], [ 107.49269, -6.9674, 0.0 ], [ 107.4926898, -6.9673994, 0.0 ], [ 107.49237, -6.96638, 0.0 ], [ 107.492, -6.96583, 0.0 ], [ 107.4919583, -6.9657683, 0.0 ], [ 107.49148, -6.96506, 0.0 ], [ 107.4908, -6.96428, 0.0 ], [ 107.49042, -6.96405, 0.0 ], [ 107.48984, -6.96379, 0.0 ], [ 107.48905, -6.9636, 0.0 ], [ 107.4886516, -6.9635038, 0.0 ], [ 107.48847, -6.96346, 0.0 ], [ 107.4875, -6.96337, 0.0 ], [ 107.48682, -6.96339, 0.0 ], [ 107.48606, -6.96341, 0.0 ], [ 107.48524, -6.9634, 0.0 ], [ 107.4843, -6.96339, 0.0 ], [ 107.48336, -6.9635, 0.0 ], [ 107.4822402, -6.96375, 0.0 ], [ 107.48231, -6.96421, 0.0 ], [ 107.48255, -6.96518, 0.0 ], [ 107.4826, -6.96554, 0.0 ], [ 107.48257, -6.96607, 0.0 ], [ 107.48226, -6.9666, 0.0 ], [ 107.48166, -6.9673, 0.0 ], [ 107.4811925, -6.9677194, 0.0 ], [ 107.48059, -6.96826, 0.0 ], [ 107.4798221, -6.9689125, 0.0 ], [ 107.4797283, -6.9689922, 0.0 ], [ 107.4797272, -6.9689925, 0.0 ], [ 107.4796, -6.9691509, 0.0 ], [ 107.4795812, -6.9691234, 0.0 ], [ 107.4796, -6.96911, 0.0 ], [ 107.47955, -6.969, 0.0 ], [ 107.47946, -6.96873, 0.0 ], [ 107.47941, -6.96862, 0.0 ], [ 107.47928, -6.96837, 0.0 ], [ 107.47913, -6.96813, 0.0 ], [ 107.47878, -6.96784, 0.0 ], [ 107.47842, -6.96758, 0.0 ], [ 107.47829, -6.96754, 0.0 ], [ 107.47809, -6.96753, 0.0 ], [ 107.47791, -6.96754, 0.0 ], [ 107.47758, -6.96745, 0.0 ], [ 107.47747, -6.96741, 0.0 ], [ 107.47731, -6.96755, 0.0 ], [ 107.47721, -6.96763, 0.0 ], [ 107.47708, -6.96767, 0.0 ], [ 107.47693, -6.96765, 0.0 ], [ 107.47685, -6.9676, 0.0 ], [ 107.47681, -6.96749, 0.0 ], [ 107.47682, -6.96731, 0.0 ], [ 107.47688, -6.96709, 0.0 ], [ 107.47688, -6.96695, 0.0 ], [ 107.47677, -6.96667, 0.0 ], [ 107.47649, -6.96638, 0.0 ], [ 107.47639, -6.9663, 0.0 ], [ 107.47572, -6.96602, 0.0 ], [ 107.47566, -6.96599, 0.0 ], [ 107.47552, -6.96583, 0.0 ], [ 107.47542, -6.96556, 0.0 ], [ 107.47532, -6.96548, 0.0 ], [ 107.47517, -6.96544, 0.0 ], [ 107.47467, -6.96534, 0.0 ], [ 107.47437, -6.96523, 0.0 ], [ 107.47418, -6.96512, 0.0 ], [ 107.47396, -6.96487, 0.0 ], [ 107.47378, -6.96464, 0.0 ], [ 107.47374, -6.96449, 0.0 ], [ 107.47367, -6.96412, 0.0 ], [ 107.47355, -6.96394, 0.0 ], [ 107.47338, -6.96376, 0.0 ], [ 107.47315, -6.9636, 0.0 ], [ 107.47289, -6.96347, 0.0 ], [ 107.47248, -6.96325, 0.0 ], [ 107.472, -6.963, 0.0 ], [ 107.4711, -6.96228, 0.0 ], [ 107.47003, -6.96143, 0.0 ], [ 107.4689, -6.96034, 0.0 ], [ 107.46822, -6.95957, 0.0 ], [ 107.4682073, -6.9595479, 0.0 ], [ 107.46776, -6.95877, 0.0 ], [ 107.46731, -6.95784, 0.0 ], [ 107.46702, -6.95698, 0.0 ], [ 107.46699, -6.95601, 0.0 ], [ 107.46712, -6.95526, 0.0 ], [ 107.4671832, -6.9551055, 0.0 ], [ 107.46748, -6.9543801, 0.0 ], [ 107.46748, -6.95438, 0.0 ], [ 107.46789, -6.9538, 0.0 ], [ 107.46838, -6.9532, 0.0 ], [ 107.46884, -6.95262, 0.0 ], [ 107.4688963, -6.952588, 0.0 ], [ 107.46942, -6.95229, 0.0 ], [ 107.47016, -6.95166, 0.0 ], [ 107.4702221, -6.9516004, 0.0 ], [ 107.470265, -6.9515594, 0.0 ], [ 107.470399, -6.9514309, 0.0 ], [ 107.4708677, -6.9509818, 0.0 ], [ 107.47088, -6.95097, 0.0 ], [ 107.4710223, -6.9507809, 0.0 ], [ 107.4710224, -6.9507809, 0.0 ], [ 107.4713913, -6.9502909, 0.0 ], [ 107.47152, -6.95012, 0.0 ], [ 107.4715497, -6.9500591, 0.0 ], [ 107.4716124, -6.9499307, 0.0 ], [ 107.4716142, -6.949927, 0.0 ], [ 107.4718047, -6.9495366, 0.0 ], [ 107.4718126, -6.9495204, 0.0 ], [ 107.4718983, -6.949345, 0.0 ], [ 107.47193, -6.94928, 0.0 ], [ 107.47232, -6.94814, 0.0 ], [ 107.4724395, -6.9475553, 0.0 ], [ 107.47251, -6.94721, 0.0 ], [ 107.4725101, -6.9472096, 0.0 ], [ 107.4727157, -6.9464226, 0.0 ], [ 107.4727999, -6.9461002, 0.0 ], [ 107.4728, -6.9461, 0.0 ], [ 107.47324, -6.94481, 0.0 ], [ 107.4733098, -6.9445961, 0.0 ], [ 107.47355, -6.9438601, 0.0 ], [ 107.47355, -6.94386, 0.0 ], [ 107.4736672, -6.9434645, 0.0 ], [ 107.47387, -6.94278, 0.0 ], [ 107.47387, -6.9427799, 0.0 ], [ 107.4740096, -6.9421228, 0.0 ], [ 107.47411, -6.94165, 0.0 ], [ 107.4743164, -6.9406092, 0.0 ], [ 107.47434, -6.94049, 0.0 ], [ 107.47434, -6.94049, 0.0 ], [ 107.4743826, -6.9402214, 0.0 ], [ 107.47447, -6.93967, 0.0 ], [ 107.47447, -6.93967, 0.0 ], [ 107.47455, -6.93888, 0.0 ], [ 107.47466, -6.93823, 0.0 ], [ 107.47466, -6.9382299, 0.0 ], [ 107.4747283, -6.9379686, 0.0 ], [ 107.4748899, -6.9373504, 0.0 ], [ 107.47489, -6.93735, 0.0 ], [ 107.47485, -6.93689, 0.0 ], [ 107.4748239, -6.9368394, 0.0 ], [ 107.47469, -6.93658, 0.0 ], [ 107.47448, -6.93603, 0.0 ], [ 107.47449, -6.93551, 0.0 ], [ 107.4744867, -6.9353368, 0.0 ], [ 107.474308, -6.935044, 0.0 ], [ 107.4740033, -6.9347426, 0.0 ], [ 107.4736734, -6.9346785, 0.0 ], [ 107.473265, -6.9347201, 0.0 ], [ 107.4728694, -6.9346958, 0.0 ], [ 107.4725914, -6.9344733, 0.0 ], [ 107.4723796, -6.9343032, 0.0 ], [ 107.4718523, -6.9342796, 0.0 ], [ 107.4713919, -6.9344796, 0.0 ], [ 107.4709312, -6.9346005, 0.0 ], [ 107.470337, -6.934406, 0.0 ], [ 107.4698748, -6.9342372, 0.0 ], [ 107.4692824, -6.9343852, 0.0 ], [ 107.4684924, -6.9345605, 0.0 ], [ 107.4679121, -6.9345109, 0.0 ], [ 107.4673048, -6.9343296, 0.0 ], [ 107.4661325, -6.9344938, 0.0 ], [ 107.4647127, -6.9347001, 0.0 ], [ 107.4632886, -6.934841, 0.0 ], [ 107.4611513, -6.9348521, 0.0 ], [ 107.4596849, -6.9354381, 0.0 ], [ 107.4585036, -6.9361599, 0.0 ], [ 107.4576533, -6.9352664, 0.0 ], [ 107.4562755, -6.9345869, 0.0 ], [ 107.4548986, -6.9340659, 0.0 ], [ 107.4507185, -6.9331896, 0.0 ], [ 107.4476472, -6.9320963, 0.0 ], [ 107.4476133, -6.9320828, 0.0 ], [ 107.4454227, -6.9312099, 0.0 ], [ 107.4436222, -6.9305325, 0.0 ], [ 107.4425597, -6.9294816, 0.0 ], [ 107.4420626, -6.9283983, 0.0 ], [ 107.4417842, -6.9285392, 0.0 ], [ 107.4413656, -6.9285414, 0.0 ], [ 107.4405509, -6.9284293, 0.0 ], [ 107.4397835, -6.9284797, 0.0 ], [ 107.4392044, -6.9289476, 0.0 ], [ 107.4387206, -6.9298566, 0.0 ], [ 107.4381669, -6.9307427, 0.0 ], [ 107.43731, -6.9314677, 0.0 ], [ 107.4367059, -6.9316103, 0.0 ], [ 107.435752, -6.9315687, 0.0 ], [ 107.4346121, -6.931528, 0.0 ], [ 107.434054, -6.9315774, 0.0 ], [ 107.4333343, -6.9318367, 0.0 ], [ 107.432592, -6.9322357, 0.0 ], [ 107.4320117, -6.9324711, 0.0 ], [ 107.4314299, -6.9324276, 0.0 ], [ 107.430871, -6.932291, 0.0 ], [ 107.4303597, -6.9323866, 0.0 ], [ 107.4298265, -6.932738, 0.0 ], [ 107.4290792, -6.9336652, 0.0 ], [ 107.428401, -6.9333047, 0.0 ], [ 107.4268401, -6.9333127, 0.0 ], [ 107.4256439, -6.9334228, 0.0 ], [ 107.4240316, -6.933535, 0.0 ], [ 107.42221, -6.9334403, 0.0 ], [ 107.4206993, -6.9330841, 0.0 ], [ 107.4195528, -6.932726, 0.0 ], [ 107.4180437, -6.9326817, 0.0 ], [ 107.4162736, -6.9324827, 0.0 ], [ 107.4154889, -6.9320744, 0.0 ], [ 107.4157985, -6.9306302, 0.0 ], [ 107.4157595, -6.9298915, 0.0 ], [ 107.415298, -6.9291549, 0.0 ], [ 107.4144862, -6.928772, 0.0 ], [ 107.4133234, -6.928602, 0.0 ], [ 107.4125809, -6.9280076, 0.0 ], [ 107.411978, -6.9271662, 0.0 ], [ 107.4106002, -6.9262583, 0.0 ], [ 107.4086944, -6.9253883, 0.0 ], [ 107.4068577, -6.9242717, 0.0 ], [ 107.4060441, -6.9235369, 0.0 ], [ 107.4057936, -6.9227289, 0.0 ], [ 107.4058953, -6.9219542, 0.0 ], [ 107.4067695, -6.9207535, 0.0 ], [ 107.407397, -6.9195188, 0.0 ], [ 107.4073936, -6.9188503, 0.0 ], [ 107.4069691, -6.9184654, 0.0 ], [ 107.4060161, -6.9180127, 0.0 ], [ 107.4050998, -6.9178415, 0.0 ], [ 107.4039734, -6.9179175, 0.0 ], [ 107.4033772, -6.918378, 0.0 ], [ 107.4026417, -6.9191558, 0.0 ], [ 107.4011373, -6.9210634, 0.0 ], [ 107.4002956, -6.9217362, 0.0 ], [ 107.3994879, -6.9221626, 0.0 ], [ 107.3985385, -6.9224137, 0.0 ], [ 107.3974468, -6.922384, 0.0 ], [ 107.3966353, -6.9220714, 0.0 ], [ 107.3959269, -6.9212305, 0.0 ], [ 107.3959217, -6.9202101, 0.0 ], [ 107.3961639, -6.9193644, 0.0 ], [ 107.3966523, -6.9184471, 0.0 ], [ 107.3973508, -6.9173176, 0.0 ], [ 107.3981555, -6.9162931, 0.0 ], [ 107.3986783, -6.9152349, 0.0 ], [ 107.3987439, -6.9142845, 0.0 ], [ 107.3984222, -6.9133361, 0.0 ], [ 107.3982689, -6.9122829, 0.0 ], [ 107.3971979, -6.9118947, 0.0 ], [ 107.3964248, -6.9113213, 0.0 ], [ 107.3960684, -6.911057, 0.0 ], [ 107.3952227, -6.9107239, 0.0 ], [ 107.3940992, -6.9110669, 0.0 ], [ 107.3938873, -6.9113021, 0.0 ], [ 107.3935397, -6.9116882, 0.0 ], [ 107.3932089, -6.9130393, 0.0 ], [ 107.3926516, -6.9141104, 0.0 ], [ 107.391305, -6.9148481, 0.0 ], [ 107.3905207, -6.9155268, 0.0 ], [ 107.3901328, -6.9167095, 0.0 ], [ 107.3898006, -6.9177795, 0.0 ], [ 107.3889037, -6.9184587, 0.0 ], [ 107.3896965, -6.9194055, 0.0 ], [ 107.3901311, -6.9201685, 0.0 ], [ 107.3901333, -6.920599, 0.0 ], [ 107.3902323, -6.9212681, 0.0 ], [ 107.3897093, -6.9219403, 0.0 ], [ 107.3889437, -6.9219919, 0.0 ], [ 107.3875568, -6.9221902, 0.0 ], [ 107.3868422, -6.9228634, 0.0 ], [ 107.3863191, -6.9235356, 0.0 ], [ 107.385125, -6.9240199, 0.0 ], [ 107.3835478, -6.9244583, 0.0 ], [ 107.3816343, -6.9246592, 0.0 ], [ 107.3805376, -6.9254777, 0.0 ], [ 107.3792509, -6.9265842, 0.0 ], [ 107.3783507, -6.9275536, 0.0 ], [ 107.378798, -6.9278298, 0.0 ], [ 107.3789394, -6.9282191, 0.0 ], [ 107.3789982, -6.9288315, 0.0 ], [ 107.3790295, -6.9295276, 0.0 ], [ 107.3791993, -6.9300281, 0.0 ], [ 107.3792297, -6.9305293, 0.0 ], [ 107.3791759, -6.9309195, 0.0 ], [ 107.3787037, -6.9312561, 0.0 ], [ 107.3783431, -6.9315921, 0.0 ], [ 107.3783729, -6.9319819, 0.0 ], [ 107.378526, -6.9322504, 0.0 ], [ 107.3789, -6.93269, 0.0 ], [ 107.37958, -6.93317, 0.0 ], [ 107.3802396, -6.9333252, 0.0 ], [ 107.38026, -6.93333, 0.0 ], [ 107.3809635, -6.933357, 0.0 ], [ 107.3813847, -6.9333128, 0.0 ], [ 107.38231, -6.93369, 0.0 ], [ 107.38284, -6.93392, 0.0 ], [ 107.3831, -6.93403, 0.0 ], [ 107.38297, -6.9342, 0.0 ], [ 107.3827199, -6.934465, 0.0 ], [ 107.3825343, -6.9345507, 0.0 ], [ 107.3824558, -6.9346256, 0.0 ], [ 107.3823809, -6.9347827, 0.0 ], [ 107.3822809, -6.9349861, 0.0 ], [ 107.3821917, -6.9352467, 0.0 ], [ 107.3821779, -6.9353568, 0.0 ], [ 107.38211, -6.9359, 0.0 ], [ 107.3820382, -6.9364031, 0.0 ], [ 107.3820739, -6.936603, 0.0 ], [ 107.3820953, -6.936785, 0.0 ], [ 107.3820846, -6.9372169, 0.0 ], [ 107.382106, -6.9374453, 0.0 ], [ 107.3821346, -6.9377951, 0.0 ], [ 107.3821953, -6.9380663, 0.0 ], [ 107.3822488, -6.9383483, 0.0 ], [ 107.3823452, -6.9390621, 0.0 ], [ 107.38231, -6.94006, 0.0 ], [ 107.3822238, -6.9404541, 0.0 ], [ 107.3822238, -6.9405826, 0.0 ], [ 107.3823523, -6.9407896, 0.0 ], [ 107.3824791, -6.9408574, 0.0 ], [ 107.3825139, -6.9409545, 0.0 ], [ 107.3825557, -6.9410716, 0.0 ], [ 107.3826878, -6.9411608, 0.0 ], [ 107.3828799, -6.9411782, 0.0 ], [ 107.3828812, -6.9411784, 0.0 ], [ 107.3829591, -6.941143, 0.0 ], [ 107.3831054, -6.9412429, 0.0 ], [ 107.38377, -6.94153, 0.0 ], [ 107.38488, -6.94198, 0.0 ], [ 107.38589, -6.94237, 0.0 ], [ 107.38678, -6.94265, 0.0 ], [ 107.38792, -6.94285, 0.0 ], [ 107.38875, -6.94321, 0.0 ], [ 107.3888599, -6.9432613, 0.0 ], [ 107.3892, -6.94342, 0.0 ], [ 107.38954, -6.94345, 0.0 ], [ 107.39019, -6.94333, 0.0 ], [ 107.39095, -6.94299, 0.0 ], [ 107.3912236, -6.9428606, 0.0 ], [ 107.3914665, -6.9427158, 0.0 ], [ 107.3916314, -6.9426175, 0.0 ], [ 107.3917998, -6.9425881, 0.0 ], [ 107.39188, -6.9425501, 0.0 ], [ 107.39297, -6.94215, 0.0 ], [ 107.39396, -6.94192, 0.0 ], [ 107.3947, -6.94183, 0.0 ], [ 107.39585, -6.9417, 0.0 ], [ 107.3964404, -6.9416438, 0.0 ], [ 107.3969, -6.9416, 0.0 ], [ 107.39774, -6.94149, 0.0 ], [ 107.39871, -6.94161, 0.0 ], [ 107.39959, -6.94177, 0.0 ], [ 107.40028, -6.94188, 0.0 ], [ 107.40099, -6.94217, 0.0 ], [ 107.4015, -6.94239, 0.0 ], [ 107.40186, -6.94281, 0.0 ], [ 107.4020448, -6.9430463, 0.0 ], [ 107.40229, -6.94336, 0.0 ], [ 107.4027023, -6.9440504, 0.0 ], [ 107.40272, -6.94408, 0.0 ], [ 107.4033571, -6.944151, 0.0 ], [ 107.4039147, -6.94457, 0.0 ], [ 107.4042049, -6.9448128, 0.0 ], [ 107.40423, -6.9448294, 0.0 ], [ 107.4044822, -6.9449956, 0.0 ], [ 107.4048069, -6.9452094, 0.0 ], [ 107.4049656, -6.9453763, 0.0 ], [ 107.4051643, -6.9455851, 0.0 ], [ 107.4054769, -6.9458722, 0.0 ], [ 107.4063444, -6.9460454, 0.0 ], [ 107.407811, -6.946038, 0.0 ], [ 107.40873, -6.94664, 0.0 ], [ 107.4089345, -6.9468664, 0.0 ], [ 107.4091157, -6.9471493, 0.0 ], [ 107.4091984, -6.9472021, 0.0 ], [ 107.4093683, -6.9472497, 0.0 ], [ 107.4095141, -6.9473168, 0.0 ], [ 107.4095631, -6.9474135, 0.0 ], [ 107.4098569, -6.9476741, 0.0 ], [ 107.4101352, -6.9478993, 0.0 ], [ 107.410539, -6.9480483, 0.0 ], [ 107.4111947, -6.9481708, 0.0 ], [ 107.4115487, -6.9484207, 0.0 ], [ 107.4117013, -6.9486969, 0.0 ], [ 107.4116638, -6.948971, 0.0 ], [ 107.4114993, -6.949352, 0.0 ], [ 107.4110838, -6.9494849, 0.0 ], [ 107.4107395, -6.9495935, 0.0 ], [ 107.4106216, -6.9497842, 0.0 ], [ 107.4105989, -6.9499982, 0.0 ], [ 107.4106221, -6.9500591, 0.0 ], [ 107.4106712, -6.9501879, 0.0 ], [ 107.4108742, -6.9503533, 0.0 ], [ 107.4110174, -6.9504595, 0.0 ], [ 107.4110777, -6.9506136, 0.0 ], [ 107.4111378, -6.9507559, 0.0 ], [ 107.4113405, -6.9508618, 0.0 ], [ 107.4117095, -6.9509431, 0.0 ], [ 107.4121263, -6.9510597, 0.0 ], [ 107.4122932, -6.9511421, 0.0 ], [ 107.4124725, -6.9513431, 0.0 ], [ 107.4125334, -6.951628, 0.0 ], [ 107.4125824, -6.951901, 0.0 ], [ 107.4127976, -6.9521375, 0.0 ], [ 107.412989, -6.9523623, 0.0 ], [ 107.4131331, -6.9526348, 0.0 ], [ 107.4131109, -6.9529438, 0.0 ], [ 107.4130168, -6.9531463, 0.0 ], [ 107.4128514, -6.9533491, 0.0 ], [ 107.4127817, -6.9536822, 0.0 ], [ 107.4127828, -6.9538841, 0.0 ], [ 107.412795, -6.9541534, 0.0 ], [ 107.412836, -6.9544566, 0.0 ], [ 107.4128644, -6.9546299, 0.0 ], [ 107.4129401, -6.9547674, 0.0 ], [ 107.4131022, -6.9548572, 0.0 ], [ 107.4132247, -6.9549, 0.0 ], [ 107.4133196, -6.9549546, 0.0 ], [ 107.4133517, -6.9550569, 0.0 ], [ 107.413337, -6.9552383, 0.0 ], [ 107.41345, -6.95549, 0.0 ], [ 107.4134939, -6.9555397, 0.0 ], [ 107.41383, -6.95592, 0.0 ], [ 107.4141345, -6.9560636, 0.0 ], [ 107.4147771, -6.9564511, 0.0 ], [ 107.4155693, -6.9566368, 0.0 ], [ 107.4167425, -6.9570735, 0.0 ], [ 107.4175687, -6.9577334, 0.0 ], [ 107.4181114, -6.9586477, 0.0 ], [ 107.4185272, -6.9594994, 0.0 ], [ 107.4190723, -6.960888, 0.0 ], [ 107.4197984, -6.9622313, 0.0 ], [ 107.4216376, -6.9639899, 0.0 ], [ 107.4217204, -6.9653453, 0.0 ], [ 107.4217432, -6.9671437, 0.0 ], [ 107.4215761, -6.9674156, 0.0 ], [ 107.4233451, -6.968743, 0.0 ], [ 107.424166, -6.9695568, 0.0 ], [ 107.4240946, -6.9696282, 0.0 ], [ 107.4239233, -6.9698638, 0.0 ], [ 107.4239661, -6.9706062, 0.0 ], [ 107.4239947, -6.9706775, 0.0 ], [ 107.4239376, -6.9707703, 0.0 ], [ 107.4240113, -6.9709369, 0.0 ], [ 107.42384, -6.9710297, 0.0 ], [ 107.4236401, -6.9711154, 0.0 ], [ 107.4236116, -6.9712938, 0.0 ], [ 107.4234474, -6.9713438, 0.0 ], [ 107.4232832, -6.9715008, 0.0 ], [ 107.4231547, -6.9716079, 0.0 ], [ 107.4230619, -6.9716436, 0.0 ], [ 107.4229834, -6.9717435, 0.0 ], [ 107.4229977, -6.9718435, 0.0 ], [ 107.4229977, -6.9719363, 0.0 ], [ 107.4229763, -6.9720362, 0.0 ], [ 107.4230334, -6.9721005, 0.0 ], [ 107.423119, -6.9721861, 0.0 ], [ 107.4232118, -6.9722932, 0.0 ], [ 107.4232618, -6.972386, 0.0 ], [ 107.4232903, -6.9725716, 0.0 ], [ 107.4232404, -6.9727072, 0.0 ], [ 107.4231975, -6.9729, 0.0 ], [ 107.423219, -6.9730427, 0.0 ], [ 107.4232475, -6.9732997, 0.0 ], [ 107.4231333, -6.9735567, 0.0 ], [ 107.4229477, -6.9736138, 0.0 ], [ 107.4228763, -6.9737137, 0.0 ], [ 107.4228478, -6.9739564, 0.0 ], [ 107.4227621, -6.9741563, 0.0 ], [ 107.4226051, -6.974242, 0.0 ], [ 107.4223623, -6.9743705, 0.0 ], [ 107.4223481, -6.9746988, 0.0 ], [ 107.4222196, -6.9749273, 0.0 ], [ 107.4219769, -6.9751129, 0.0 ], [ 107.421777, -6.975327, 0.0 ], [ 107.4217484, -6.9759552, 0.0 ], [ 107.42162, -6.9760408, 0.0 ], [ 107.4214058, -6.9761122, 0.0 ], [ 107.4214058, -6.9763978, 0.0 ], [ 107.4213201, -6.9768118, 0.0 ], [ 107.4212916, -6.9770259, 0.0 ], [ 107.4211631, -6.9772401, 0.0 ], [ 107.4208633, -6.9773543, 0.0 ], [ 107.4205492, -6.9773115, 0.0 ], [ 107.4201066, -6.9775827, 0.0 ], [ 107.4198354, -6.977854, 0.0 ], [ 107.4196355, -6.9781538, 0.0 ], [ 107.4192786, -6.9783251, 0.0 ], [ 107.4187646, -6.9788105, 0.0 ], [ 107.418322, -6.9792674, 0.0 ], [ 107.4180222, -6.9797385, 0.0 ], [ 107.418065, -6.9800526, 0.0 ], [ 107.4181364, -6.9805666, 0.0 ], [ 107.418422, -6.9808807, 0.0 ], [ 107.4182935, -6.981052, 0.0 ], [ 107.4178937, -6.9811091, 0.0 ], [ 107.4176653, -6.9815231, 0.0 ], [ 107.4173369, -6.9816944, 0.0 ], [ 107.4171799, -6.98198, 0.0 ], [ 107.4168801, -6.9823512, 0.0 ], [ 107.416823, -6.9828651, 0.0 ], [ 107.4170799, -6.9830507, 0.0 ], [ 107.4176225, -6.9829794, 0.0 ], [ 107.4180079, -6.9833363, 0.0 ], [ 107.4178657, -6.9839088, 0.0 ], [ 107.4188467, -6.9835226, 0.0 ], [ 107.419051, -6.9835312, 0.0 ], [ 107.4193246, -6.983448, 0.0 ], [ 107.4197886, -6.9834004, 0.0 ], [ 107.420205, -6.983329, 0.0 ], [ 107.420324, -6.9839952, 0.0 ], [ 107.4205144, -6.9839476, 0.0 ], [ 107.420907, -6.9838882, 0.0 ], [ 107.4212877, -6.9838406, 0.0 ], [ 107.4215256, -6.9839239, 0.0 ], [ 107.421835, -6.984138, 0.0 ], [ 107.4220967, -6.9843878, 0.0 ], [ 107.4223228, -6.9845068, 0.0 ], [ 107.4226202, -6.9845187, 0.0 ], [ 107.4228819, -6.9848399, 0.0 ], [ 107.4230604, -6.985066, 0.0 ], [ 107.4231913, -6.984947, 0.0 ], [ 107.4233994, -6.9849588, 0.0 ], [ 107.4241555, -6.9870658, 0.0 ], [ 107.42428, -6.98733, 0.0 ], [ 107.4247206, -6.9880385, 0.0 ], [ 107.4244566, -6.9884158, 0.0 ], [ 107.4243352, -6.9886014, 0.0 ], [ 107.4242353, -6.9888584, 0.0 ], [ 107.4241853, -6.9890297, 0.0 ], [ 107.4242067, -6.9891582, 0.0 ], [ 107.4240711, -6.9892867, 0.0 ], [ 107.4239569, -6.9894009, 0.0 ], [ 107.4238998, -6.989715, 0.0 ], [ 107.4238284, -6.9900434, 0.0 ], [ 107.4236642, -6.9902218, 0.0 ], [ 107.4234786, -6.990486, 0.0 ], [ 107.4234643, -6.9908215, 0.0 ], [ 107.4234358, -6.9910713, 0.0 ], [ 107.4235857, -6.991364, 0.0 ], [ 107.423807, -6.9915639, 0.0 ], [ 107.4240568, -6.9917923, 0.0 ], [ 107.4242067, -6.991935, 0.0 ], [ 107.4244923, -6.9921349, 0.0 ], [ 107.4246279, -6.9921563, 0.0 ], [ 107.4248992, -6.9923419, 0.0 ], [ 107.4249634, -6.9924062, 0.0 ], [ 107.424992, -6.9926917, 0.0 ], [ 107.4250062, -6.9930701, 0.0 ], [ 107.4249777, -6.9931771, 0.0 ], [ 107.424992, -6.9933056, 0.0 ], [ 107.4249134, -6.9934984, 0.0 ], [ 107.4248349, -6.9938838, 0.0 ], [ 107.4248635, -6.9940266, 0.0 ], [ 107.424942, -6.9941479, 0.0 ], [ 107.4249777, -6.9942574, 0.0 ], [ 107.4249301, -6.9944478, 0.0 ], [ 107.4249872, -6.994562, 0.0 ], [ 107.4249967, -6.9947047, 0.0 ], [ 107.4250253, -6.9947714, 0.0 ], [ 107.4250824, -6.9947809, 0.0 ], [ 107.4250919, -6.9949141, 0.0 ], [ 107.4251395, -6.9949617, 0.0 ], [ 107.4252656, -6.9949712, 0.0 ], [ 107.4254203, -6.9948999, 0.0 ], [ 107.4255273, -6.9948761, 0.0 ], [ 107.4256463, -6.9949237, 0.0 ], [ 107.4257534, -6.9949474, 0.0 ], [ 107.4259556, -6.9947214, 0.0 ], [ 107.4260865, -6.9944953, 0.0 ], [ 107.4263601, -6.9943169, 0.0 ], [ 107.4266695, -6.9941979, 0.0 ], [ 107.4268717, -6.9942217, 0.0 ], [ 107.4270026, -6.9943288, 0.0 ], [ 107.4270859, -6.994531, 0.0 ], [ 107.4273595, -6.99465, 0.0 ], [ 107.4277759, -6.9946143, 0.0 ], [ 107.4280971, -6.9943883, 0.0 ], [ 107.4282161, -6.9940433, 0.0 ], [ 107.42833, -6.99339, 0.0 ], [ 107.42858, -6.99393, 0.0 ], [ 107.42863, -6.99433, 0.0 ], [ 107.42876, -6.99465, 0.0 ], [ 107.4287478, -6.9947424, 0.0 ], [ 107.42865, -6.99548, 0.0 ], [ 107.4286137, -6.9957207, 0.0 ], [ 107.42857, -6.99601, 0.0 ], [ 107.42855, -6.99628, 0.0 ], [ 107.42857, -6.99652, 0.0 ], [ 107.4290443, -6.997256, 0.0 ], [ 107.432868, -6.9971425, 0.0 ], [ 107.4329512, -6.9972853, 0.0 ], [ 107.4330583, -6.9974637, 0.0 ], [ 107.4331297, -6.9975827, 0.0 ], [ 107.4331773, -6.9977969, 0.0 ], [ 107.4332725, -6.9979158, 0.0 ], [ 107.4332011, -6.9981538, 0.0 ], [ 107.4330345, -6.9983441, 0.0 ], [ 107.4329869, -6.9984869, 0.0 ], [ 107.4330226, -6.9985464, 0.0 ], [ 107.4331416, -6.998701, 0.0 ], [ 107.433213, -6.9989033, 0.0 ], [ 107.4332963, -6.9990461, 0.0 ], [ 107.4333439, -6.999284, 0.0 ], [ 107.4332606, -6.9994387, 0.0 ], [ 107.4331892, -6.9994625, 0.0 ], [ 107.4331773, -6.9997837, 0.0 ], [ 107.4331178, -7.0000097, 0.0 ], [ 107.4325943, -7.0000454, 0.0 ], [ 107.4325467, -7.000093, 0.0 ], [ 107.4325348, -7.000212, 0.0 ], [ 107.4325348, -7.0003548, 0.0 ], [ 107.4325824, -7.0005332, 0.0 ], [ 107.4326419, -7.0007117, 0.0 ], [ 107.4326895, -7.0009853, 0.0 ], [ 107.4326419, -7.0011876, 0.0 ], [ 107.4327014, -7.0012828, 0.0 ], [ 107.4327133, -7.0015445, 0.0 ], [ 107.4325824, -7.0016278, 0.0 ], [ 107.4323921, -7.0016516, 0.0 ], [ 107.4323445, -7.001723, 0.0 ], [ 107.4321898, -7.0018776, 0.0 ], [ 107.43194, -7.002068, 0.0 ], [ 107.4318329, -7.0022583, 0.0 ], [ 107.4318329, -7.0023892, 0.0 ], [ 107.4319162, -7.0025915, 0.0 ], [ 107.4319043, -7.0028294, 0.0 ], [ 107.4318686, -7.0030793, 0.0 ], [ 107.4318567, -7.0033053, 0.0 ], [ 107.4318567, -7.0034243, 0.0 ], [ 107.4319281, -7.0035432, 0.0 ], [ 107.4314698, -7.0038109, 0.0 ], [ 107.43194, -7.00524, 0.0 ], [ 107.4323403, -7.0060053, 0.0 ], [ 107.43364, -7.00849, 0.0 ], [ 107.4345788, -7.0090986, 0.0 ], [ 107.4355945, -7.0097572, 0.0 ], [ 107.43691, -7.01061, 0.0 ] ] ] ] } },
{ "type": "Feature", "properties": { "kd_propinsi": "32", "kd_dati2": "17", "kd_kecamatan": "012", "nama_kecamatan": "Cipongkor", "id_kecamatan": 12 }, "geometry": { "type": "MultiPolygon", "coordinates": [ [ [ [ 107.3504983, -6.9764373, 0.0 ], [ 107.3505926, -6.9764369, 0.0 ], [ 107.35069, -6.97662, 0.0 ], [ 107.3508147, -6.9766559, 0.0 ], [ 107.3509329, -6.9767917, 0.0 ], [ 107.350989, -6.9768282, 0.0 ], [ 107.3510746, -6.9769237, 0.0 ], [ 107.3511178, -6.9770043, 0.0 ], [ 107.3511253, -6.9770129, 0.0 ], [ 107.351125, -6.9770177, 0.0 ], [ 107.3511539, -6.9770716, 0.0 ], [ 107.3512301, -6.9772467, 0.0 ], [ 107.35134, -6.9774054, 0.0 ], [ 107.3514128, -6.9776141, 0.0 ], [ 107.3514412, -6.977832, 0.0 ], [ 107.3515459, -6.978055, 0.0 ], [ 107.3516438, -6.9782522, 0.0 ], [ 107.3517083, -6.9782819, 0.0 ], [ 107.35227, -6.97831, 0.0 ], [ 107.3523513, -6.9782989, 0.0 ], [ 107.3525706, -6.9781994, 0.0 ], [ 107.3525922, -6.978105, 0.0 ], [ 107.3526636, -6.9779765, 0.0 ], [ 107.3528313, -6.977848, 0.0 ], [ 107.3531062, -6.9778302, 0.0 ], [ 107.3531861, -6.9778139, 0.0 ], [ 107.3532914, -6.9777489, 0.0 ], [ 107.3534376, -6.9776459, 0.0 ], [ 107.3537407, -6.9775626, 0.0 ], [ 107.3541484, -6.9775375, 0.0 ], [ 107.354648, -6.9774804, 0.0 ], [ 107.354905, -6.9774733, 0.0 ], [ 107.3552048, -6.9776981, 0.0 ], [ 107.3553388, -6.9777433, 0.0 ], [ 107.3554277, -6.9777792, 0.0 ], [ 107.35548, -6.97777, 0.0 ], [ 107.3556688, -6.9777874, 0.0 ], [ 107.3558744, -6.9777614, 0.0 ], [ 107.3560207, -6.9778293, 0.0 ], [ 107.3560635, -6.977947, 0.0 ], [ 107.3561813, -6.9780327, 0.0 ], [ 107.3563598, -6.9780184, 0.0 ], [ 107.3565672, -6.9782086, 0.0 ], [ 107.3565872, -6.9782029, 0.0 ], [ 107.3566739, -6.9781255, 0.0 ], [ 107.3568523, -6.9780541, 0.0 ], [ 107.3571735, -6.9780291, 0.0 ], [ 107.3574234, -6.9780648, 0.0 ], [ 107.3576197, -6.978204, 0.0 ], [ 107.3577803, -6.9783646, 0.0 ], [ 107.3578766, -6.9784552, 0.0 ], [ 107.3579808, -6.9785265, 0.0 ], [ 107.3580075, -6.978537, 0.0 ], [ 107.3580663, -6.978574, 0.0 ], [ 107.3581303, -6.978579, 0.0 ], [ 107.358189, -6.9786107, 0.0 ], [ 107.3582531, -6.9786423, 0.0 ], [ 107.3583708, -6.9787375, 0.0 ], [ 107.3584887, -6.9788541, 0.0 ], [ 107.3585001, -6.9790031, 0.0 ], [ 107.3584148, -6.9793027, 0.0 ], [ 107.3584192, -6.9793711, 0.0 ], [ 107.3583688, -6.9794644, 0.0 ], [ 107.3583613, -6.9794909, 0.0 ], [ 107.3583238, -6.9795477, 0.0 ], [ 107.3581551, -6.9798601, 0.0 ], [ 107.3581143, -6.979918, 0.0 ], [ 107.3580972, -6.9799554, 0.0 ], [ 107.3581088, -6.9801524, 0.0 ], [ 107.3581739, -6.9803757, 0.0 ], [ 107.357726, -6.9808491, 0.0 ], [ 107.3573392, -6.9812716, 0.0 ], [ 107.3571779, -6.98152, 0.0 ], [ 107.3570736, -6.9816661, 0.0 ], [ 107.3569348, -6.9819152, 0.0 ], [ 107.3568895, -6.9820093, 0.0 ], [ 107.3566804, -6.9822039, 0.0 ], [ 107.3564561, -6.9824371, 0.0 ], [ 107.3563776, -6.9827048, 0.0 ], [ 107.3561349, -6.9830617, 0.0 ], [ 107.3560028, -6.9830938, 0.0 ], [ 107.3559638, -6.9832803, 0.0 ], [ 107.355901, -6.9835042, 0.0 ], [ 107.3558696, -6.9836269, 0.0 ], [ 107.3558435, -6.9837175, 0.0 ], [ 107.3558228, -6.9838401, 0.0 ], [ 107.3558183, -6.9840051, 0.0 ], [ 107.3558161, -6.9841036, 0.0 ], [ 107.3558326, -6.9842047, 0.0 ], [ 107.3558545, -6.9843217, 0.0 ], [ 107.3558601, -6.9843803, 0.0 ], [ 107.355871, -6.9844334, 0.0 ], [ 107.355882, -6.984492, 0.0 ], [ 107.3559142, -6.9845397, 0.0 ], [ 107.3559946, -6.9846405, 0.0 ], [ 107.3561286, -6.9847889, 0.0 ], [ 107.3562571, -6.9849107, 0.0 ], [ 107.3563268, -6.9850115, 0.0 ], [ 107.35637, -6.9851124, 0.0 ], [ 107.3563712, -6.9853573, 0.0 ], [ 107.3562265, -6.9857174, 0.0 ], [ 107.3561001, -6.9860162, 0.0 ], [ 107.3561655, -6.986314, 0.0 ], [ 107.3563646, -6.986707, 0.0 ], [ 107.356374, -6.9869758, 0.0 ], [ 107.3563226, -6.9873647, 0.0 ], [ 107.3561164, -6.9876799, 0.0 ], [ 107.3558832, -6.9879366, 0.0 ], [ 107.3557858, -6.9880435, 0.0 ], [ 107.3557614, -6.9880703, 0.0 ], [ 107.3556799, -6.9883023, 0.0 ], [ 107.355622, -6.9884464, 0.0 ], [ 107.3555803, -6.9886223, 0.0 ], [ 107.3555074, -6.988974, 0.0 ], [ 107.3553864, -6.9892728, 0.0 ], [ 107.3552205, -6.9896596, 0.0 ], [ 107.3550995, -6.989969, 0.0 ], [ 107.3551068, -6.9903736, 0.0 ], [ 107.3552161, -6.9909108, 0.0 ], [ 107.3552334, -6.9917999, 0.0 ], [ 107.3553183, -6.9921774, 0.0 ], [ 107.3553497, -6.9925898, 0.0 ], [ 107.3554528, -6.992962, 0.0 ], [ 107.3555963, -6.9934112, 0.0 ], [ 107.3556618, -6.9937196, 0.0 ], [ 107.3554879, -6.9941038, 0.0 ], [ 107.3552618, -6.9943121, 0.0 ], [ 107.3552439, -6.9943287, 0.0 ], [ 107.3550965, -6.9945066, 0.0 ], [ 107.3550792, -6.9945275, 0.0 ], [ 107.3549737, -6.9946548, 0.0 ], [ 107.3547107, -6.9948078, 0.0 ], [ 107.3544023, -6.9949265, 0.0 ], [ 107.3541314, -6.9951036, 0.0 ], [ 107.3537442, -6.9954622, 0.0 ], [ 107.3535214, -6.995655, 0.0 ], [ 107.3531253, -6.9958353, 0.0 ], [ 107.3529397, -6.9960119, 0.0 ], [ 107.3529095, -6.9963582, 0.0 ], [ 107.3530698, -6.9966476, 0.0 ], [ 107.3532695, -6.9968414, 0.0 ], [ 107.3533775, -6.996953, 0.0 ], [ 107.3534022, -6.9969464, 0.0 ], [ 107.3534218, -6.9969502, 0.0 ], [ 107.3534491, -6.996947, 0.0 ], [ 107.353464, -6.9969278, 0.0 ], [ 107.3534867, -6.9968888, 0.0 ], [ 107.3535392, -6.9967599, 0.0 ], [ 107.3536227, -6.9966643, 0.0 ], [ 107.3536785, -6.9966249, 0.0 ], [ 107.353799, -6.9966383, 0.0 ], [ 107.3539644, -6.9966766, 0.0 ], [ 107.3540625, -6.9966985, 0.0 ], [ 107.3541663, -6.9967287, 0.0 ], [ 107.3541909, -6.9967384, 0.0 ], [ 107.3542925, -6.9967785, 0.0 ], [ 107.3544043, -6.9968369, 0.0 ], [ 107.3545044, -6.9969359, 0.0 ], [ 107.3546134, -6.9969987, 0.0 ], [ 107.3547134, -6.9970796, 0.0 ], [ 107.3548763, -6.9970698, 0.0 ], [ 107.3549847, -6.9970059, 0.0 ], [ 107.3551111, -6.996951, 0.0 ], [ 107.3552377, -6.9969051, 0.0 ], [ 107.3554006, -6.9969043, 0.0 ], [ 107.3555728, -6.9969306, 0.0 ], [ 107.3557357, -6.9969207, 0.0 ], [ 107.3559714, -6.9969648, 0.0 ], [ 107.3561707, -6.9969999, 0.0 ], [ 107.3563068, -6.9970535, 0.0 ], [ 107.3564699, -6.9970799, 0.0 ], [ 107.3566329, -6.9970791, 0.0 ], [ 107.3568143, -6.9971415, 0.0 ], [ 107.3569776, -6.997213, 0.0 ], [ 107.3571317, -6.9972394, 0.0 ], [ 107.3572946, -6.9972205, 0.0 ], [ 107.3574481, -6.9971383, 0.0 ], [ 107.3575837, -6.9970924, 0.0 ], [ 107.357701, -6.9970194, 0.0 ], [ 107.3578366, -6.9969645, 0.0 ], [ 107.35799, -6.9968642, 0.0 ], [ 107.3581617, -6.9968, 0.0 ], [ 107.358396, -6.9967656, 0.0 ], [ 107.3583996, -6.996655, 0.0 ], [ 107.3584531, -6.9965871, 0.0 ], [ 107.3585923, -6.9965657, 0.0 ], [ 107.3588142, -6.9965144, 0.0 ], [ 107.3588351, -6.9965096, 0.0 ], [ 107.3590307, -6.9964642, 0.0 ], [ 107.3591159, -6.9964906, 0.0 ], [ 107.3592001, -6.9965167, 0.0 ], [ 107.3593966, -6.9966491, 0.0 ], [ 107.3597164, -6.9965141, 0.0 ], [ 107.3598848, -6.9963709, 0.0 ], [ 107.3600532, -6.9962189, 0.0 ], [ 107.3601771, -6.9960849, 0.0 ], [ 107.3602922, -6.9959598, 0.0 ], [ 107.3604433, -6.9959234, 0.0 ], [ 107.3606571, -6.9959491, 0.0 ], [ 107.3606796, -6.9959533, 0.0 ], [ 107.3608888, -6.9959924, 0.0 ], [ 107.3611282, -6.9958133, 0.0 ], [ 107.3612807, -6.9958277, 0.0 ], [ 107.3615549, -6.9956866, 0.0 ], [ 107.3617761, -6.9954365, 0.0 ], [ 107.3619263, -6.9952134, 0.0 ], [ 107.3620853, -6.9949635, 0.0 ], [ 107.3622094, -6.9948651, 0.0 ], [ 107.3623869, -6.9947486, 0.0 ], [ 107.3625112, -6.9946768, 0.0 ], [ 107.3625635, -6.9945705, 0.0 ], [ 107.3626003, -6.9945044, 0.0 ], [ 107.3626289, -6.9944423, 0.0 ], [ 107.3626533, -6.9943556, 0.0 ], [ 107.3626779, -6.9943348, 0.0 ], [ 107.3626861, -6.9943141, 0.0 ], [ 107.3627109, -6.9943181, 0.0 ], [ 107.3627191, -6.9943057, 0.0 ], [ 107.3627314, -6.9942892, 0.0 ], [ 107.3627396, -6.9942726, 0.0 ], [ 107.3627724, -6.9942353, 0.0 ], [ 107.3628053, -6.9942145, 0.0 ], [ 107.3628053, -6.994198, 0.0 ], [ 107.3628547, -6.9941771, 0.0 ], [ 107.3629041, -6.9941439, 0.0 ], [ 107.3629659, -6.9941271, 0.0 ], [ 107.3630651, -6.9941307, 0.0 ], [ 107.3631109, -6.9942212, 0.0 ], [ 107.3631443, -6.9942912, 0.0 ], [ 107.3631944, -6.9944024, 0.0 ], [ 107.3632394, -6.9945241, 0.0 ], [ 107.3633193, -6.9946039, 0.0 ], [ 107.3634354, -6.9946982, 0.0 ], [ 107.3635227, -6.9948091, 0.0 ], [ 107.3635485, -6.9950153, 0.0 ], [ 107.3636652, -6.9952416, 0.0 ], [ 107.363839, -6.9953109, 0.0 ], [ 107.3641367, -6.9953836, 0.0 ], [ 107.3641766, -6.9954006, 0.0 ], [ 107.3643187, -6.9954611, 0.0 ], [ 107.3644268, -6.9956091, 0.0 ], [ 107.3644334, -6.995693, 0.0 ], [ 107.3645, -6.99577, 0.0 ], [ 107.3646717, -6.996044, 0.0 ], [ 107.3647479, -6.9961367, 0.0 ], [ 107.36492, -6.99621, 0.0 ], [ 107.3651, -6.99628, 0.0 ], [ 107.36513, -6.99635, 0.0 ], [ 107.3652245, -6.9964923, 0.0 ], [ 107.3653477, -6.9966547, 0.0 ], [ 107.3654005, -6.9967243, 0.0 ], [ 107.3654415, -6.9967765, 0.0 ], [ 107.3655175, -6.9968227, 0.0 ], [ 107.3657043, -6.9969032, 0.0 ], [ 107.365856, -6.9969432, 0.0 ], [ 107.366043, -6.9970529, 0.0 ], [ 107.3661427, -6.9971862, 0.0 ], [ 107.3662767, -6.9971856, 0.0 ], [ 107.3664636, -6.9972719, 0.0 ], [ 107.3666417, -6.9973613, 0.0 ], [ 107.3668578, -6.9974591, 0.0 ], [ 107.3669977, -6.9974817, 0.0 ], [ 107.3671009, -6.9974377, 0.0 ], [ 107.3675866, -6.9979234, 0.0 ], [ 107.36782, -6.99784, 0.0 ], [ 107.36834, -6.99762, 0.0 ], [ 107.3693109, -6.9971107, 0.0 ], [ 107.36956, -6.99698, 0.0 ], [ 107.3706, -6.99637, 0.0 ], [ 107.37155, -6.99584, 0.0 ], [ 107.3724, -6.99529, 0.0 ], [ 107.3733671, -6.9946832, 0.0 ], [ 107.37342, -6.99465, 0.0 ], [ 107.37362, -6.9944469, 0.0 ], [ 107.37407, -6.99399, 0.0 ], [ 107.375, -6.99313, 0.0 ], [ 107.37531, -6.9928, 0.0 ], [ 107.37536, -6.99255, 0.0 ], [ 107.37539, -6.99222, 0.0 ], [ 107.37537, -6.99185, 0.0 ], [ 107.37539, -6.99089, 0.0 ], [ 107.37559, -6.99, 0.0 ], [ 107.37583, -6.98902, 0.0 ], [ 107.376, -6.98848, 0.0 ], [ 107.37643, -6.9879, 0.0 ], [ 107.37682, -6.98748, 0.0 ], [ 107.37718, -6.9871999, 0.0 ], [ 107.37736, -6.98706, 0.0 ], [ 107.377414, -6.9870278, 0.0 ], [ 107.37808, -6.9866301, 0.0 ], [ 107.37896, -6.98648, 0.0 ], [ 107.37977, -6.98604, 0.0 ], [ 107.3800276, -6.985862, 0.0 ], [ 107.38032, -6.98566, 0.0 ], [ 107.38113, -6.98487, 0.0 ], [ 107.38184, -6.98396, 0.0 ], [ 107.38253, -6.98321, 0.0 ], [ 107.3831, -6.98259, 0.0 ], [ 107.3836, -6.98212, 0.0 ], [ 107.38416, -6.98188, 0.0 ], [ 107.38495, -6.98166, 0.0 ], [ 107.38509, -6.98151, 0.0 ], [ 107.38534, -6.98101, 0.0 ], [ 107.38543, -6.98061, 0.0 ], [ 107.38527, -6.98024, 0.0 ], [ 107.3851928, -6.980097, 0.0 ], [ 107.385, -6.97974, 0.0 ], [ 107.38459, -6.97928, 0.0 ], [ 107.3842471, -6.978853, 0.0 ], [ 107.38406, -6.97862, 0.0 ], [ 107.3839519, -6.9784514, 0.0 ], [ 107.3841765, -6.9779917, 0.0 ], [ 107.3843095, -6.9773238, 0.0 ], [ 107.3844845, -6.9764261, 0.0 ], [ 107.3843604, -6.9760322, 0.0 ], [ 107.3844734, -6.9756586, 0.0 ], [ 107.3846455, -6.9756218, 0.0 ], [ 107.3845946, -6.9754929, 0.0 ], [ 107.3845435, -6.9753282, 0.0 ], [ 107.3844925, -6.9751706, 0.0 ], [ 107.3845194, -6.974964, 0.0 ], [ 107.38462, -6.97489, 0.0 ], [ 107.38544, -6.97442, 0.0 ], [ 107.3864, -6.97397, 0.0 ], [ 107.3865976, -6.9736736, 0.0 ], [ 107.38666, -6.97358, 0.0 ], [ 107.38684, -6.97294, 0.0 ], [ 107.38685, -6.97209, 0.0 ], [ 107.38681, -6.97135, 0.0 ], [ 107.38685, -6.97063, 0.0 ], [ 107.38704, -6.97016, 0.0 ], [ 107.3871086, -6.9700494, 0.0 ], [ 107.3873478, -6.9696635, 0.0 ], [ 107.38735, -6.96966, 0.0 ], [ 107.38765, -6.96918, 0.0 ], [ 107.38779, -6.96906, 0.0 ], [ 107.38827, -6.96862, 0.0 ], [ 107.38843, -6.96849, 0.0 ], [ 107.38881, -6.96835, 0.0 ], [ 107.38903, -6.96826, 0.0 ], [ 107.38932, -6.96803, 0.0 ], [ 107.38956, -6.96771, 0.0 ], [ 107.39009, -6.96697, 0.0 ], [ 107.39022, -6.96682, 0.0 ], [ 107.39049, -6.96588, 0.0 ], [ 107.39057, -6.96538, 0.0 ], [ 107.39109, -6.96468, 0.0 ], [ 107.391099, -6.9646709, 0.0 ], [ 107.39155, -6.96421, 0.0 ], [ 107.3919992, -6.9640856, 0.0 ], [ 107.39202, -6.9640798, 0.0 ], [ 107.39231, -6.96415, 0.0 ], [ 107.39265, -6.96436, 0.0 ], [ 107.39311, -6.96474, 0.0 ], [ 107.39351, -6.96524, 0.0 ], [ 107.39383, -6.9657, 0.0 ], [ 107.39428, -6.96625, 0.0 ], [ 107.3947, -6.96665, 0.0 ], [ 107.3951525, -6.9669197, 0.0 ], [ 107.39522, -6.96696, 0.0 ], [ 107.39539, -6.9669902, 0.0 ], [ 107.39636, -6.96716, 0.0 ], [ 107.3970504, -6.9672909, 0.0 ], [ 107.39752, -6.96738, 0.0 ], [ 107.3987, -6.96764, 0.0 ], [ 107.40008, -6.96785, 0.0 ], [ 107.4004795, -6.9678883, 0.0 ], [ 107.4009761, -6.9679359, 0.0 ], [ 107.4012805, -6.9679651, 0.0 ], [ 107.4017398, -6.9681856, 0.0 ], [ 107.4019327, -6.9684621, 0.0 ], [ 107.4021737, -6.9687956, 0.0 ], [ 107.4025296, -6.969119, 0.0 ], [ 107.402694, -6.9694434, 0.0 ], [ 107.4028486, -6.9697296, 0.0 ], [ 107.4031941, -6.9698905, 0.0 ], [ 107.4035488, -6.9700034, 0.0 ], [ 107.4039983, -6.9699055, 0.0 ], [ 107.4042802, -6.96985, 0.0 ], [ 107.4042818, -6.9698518, 0.0 ], [ 107.40472, -6.97036, 0.0 ], [ 107.40521, -6.97068, 0.0 ], [ 107.40567, -6.97076, 0.0 ], [ 107.4058695, -6.9707545, 0.0 ], [ 107.4064, -6.97074, 0.0 ], [ 107.4073, -6.9706, 0.0 ], [ 107.4076387, -6.9705244, 0.0 ], [ 107.40833, -6.97037, 0.0 ], [ 107.4092146, -6.9702268, 0.0 ], [ 107.40938, -6.9702, 0.0 ], [ 107.41051, -6.96997, 0.0 ], [ 107.4109906, -6.9698673, 0.0 ], [ 107.41168, -6.96972, 0.0 ], [ 107.4129038, -6.9696702, 0.0 ], [ 107.4177467, -6.9704072, 0.0 ], [ 107.4194162, -6.9698297, 0.0 ], [ 107.4200717, -6.9693182, 0.0 ], [ 107.4211885, -6.9680466, 0.0 ], [ 107.4215622, -6.9674383, 0.0 ], [ 107.4215761, -6.9674156, 0.0 ], [ 107.4217432, -6.9671437, 0.0 ], [ 107.4217204, -6.9653453, 0.0 ], [ 107.4216376, -6.9639899, 0.0 ], [ 107.4197984, -6.9622313, 0.0 ], [ 107.4190723, -6.960888, 0.0 ], [ 107.4185272, -6.9594994, 0.0 ], [ 107.4181114, -6.9586477, 0.0 ], [ 107.4175687, -6.9577334, 0.0 ], [ 107.4167425, -6.9570735, 0.0 ], [ 107.4155693, -6.9566368, 0.0 ], [ 107.4147771, -6.9564511, 0.0 ], [ 107.4141345, -6.9560636, 0.0 ], [ 107.41383, -6.95592, 0.0 ], [ 107.4134939, -6.9555397, 0.0 ], [ 107.41345, -6.95549, 0.0 ], [ 107.413337, -6.9552383, 0.0 ], [ 107.4133517, -6.9550569, 0.0 ], [ 107.4133196, -6.9549546, 0.0 ], [ 107.4132247, -6.9549, 0.0 ], [ 107.4131022, -6.9548572, 0.0 ], [ 107.4129401, -6.9547674, 0.0 ], [ 107.4128644, -6.9546299, 0.0 ], [ 107.412836, -6.9544566, 0.0 ], [ 107.412795, -6.9541534, 0.0 ], [ 107.4127828, -6.9538841, 0.0 ], [ 107.4127817, -6.9536822, 0.0 ], [ 107.4128514, -6.9533491, 0.0 ], [ 107.4130168, -6.9531463, 0.0 ], [ 107.4131109, -6.9529438, 0.0 ], [ 107.4131331, -6.9526348, 0.0 ], [ 107.412989, -6.9523623, 0.0 ], [ 107.4127976, -6.9521375, 0.0 ], [ 107.4125824, -6.951901, 0.0 ], [ 107.4125334, -6.951628, 0.0 ], [ 107.4124725, -6.9513431, 0.0 ], [ 107.4122932, -6.9511421, 0.0 ], [ 107.4121263, -6.9510597, 0.0 ], [ 107.4117095, -6.9509431, 0.0 ], [ 107.4113405, -6.9508618, 0.0 ], [ 107.4111378, -6.9507559, 0.0 ], [ 107.4110777, -6.9506136, 0.0 ], [ 107.4110174, -6.9504595, 0.0 ], [ 107.4108742, -6.9503533, 0.0 ], [ 107.4106712, -6.9501879, 0.0 ], [ 107.4106221, -6.9500591, 0.0 ], [ 107.4105989, -6.9499982, 0.0 ], [ 107.4106216, -6.9497842, 0.0 ], [ 107.4107395, -6.9495935, 0.0 ], [ 107.4110838, -6.9494849, 0.0 ], [ 107.4114993, -6.949352, 0.0 ], [ 107.4116638, -6.948971, 0.0 ], [ 107.4117013, -6.9486969, 0.0 ], [ 107.4115487, -6.9484207, 0.0 ], [ 107.4111947, -6.9481708, 0.0 ], [ 107.410539, -6.9480483, 0.0 ], [ 107.4101352, -6.9478993, 0.0 ], [ 107.4098569, -6.9476741, 0.0 ], [ 107.4095631, -6.9474135, 0.0 ], [ 107.4095141, -6.9473168, 0.0 ], [ 107.4093683, -6.9472497, 0.0 ], [ 107.4091984, -6.9472021, 0.0 ], [ 107.4091157, -6.9471493, 0.0 ], [ 107.4089345, -6.9468664, 0.0 ], [ 107.40873, -6.94664, 0.0 ], [ 107.407811, -6.946038, 0.0 ], [ 107.4063444, -6.9460454, 0.0 ], [ 107.4054769, -6.9458722, 0.0 ], [ 107.4051643, -6.9455851, 0.0 ], [ 107.4049656, -6.9453763, 0.0 ], [ 107.4048069, -6.9452094, 0.0 ], [ 107.4044822, -6.9449956, 0.0 ], [ 107.40423, -6.9448294, 0.0 ], [ 107.4042049, -6.9448128, 0.0 ], [ 107.4039147, -6.94457, 0.0 ], [ 107.4033571, -6.944151, 0.0 ], [ 107.40272, -6.94408, 0.0 ], [ 107.4027023, -6.9440504, 0.0 ], [ 107.40229, -6.94336, 0.0 ], [ 107.4020448, -6.9430463, 0.0 ], [ 107.40186, -6.94281, 0.0 ], [ 107.4015, -6.94239, 0.0 ], [ 107.40099, -6.94217, 0.0 ], [ 107.40028, -6.94188, 0.0 ], [ 107.39959, -6.94177, 0.0 ], [ 107.39871, -6.94161, 0.0 ], [ 107.39774, -6.94149, 0.0 ], [ 107.3969, -6.9416, 0.0 ], [ 107.3964404, -6.9416438, 0.0 ], [ 107.39585, -6.9417, 0.0 ], [ 107.3947, -6.94183, 0.0 ], [ 107.39396, -6.94192, 0.0 ], [ 107.39297, -6.94215, 0.0 ], [ 107.39188, -6.9425501, 0.0 ], [ 107.3917998, -6.9425881, 0.0 ], [ 107.3916314, -6.9426175, 0.0 ], [ 107.3914665, -6.9427158, 0.0 ], [ 107.3912236, -6.9428606, 0.0 ], [ 107.39095, -6.94299, 0.0 ], [ 107.39019, -6.94333, 0.0 ], [ 107.38954, -6.94345, 0.0 ], [ 107.3892, -6.94342, 0.0 ], [ 107.3888599, -6.9432613, 0.0 ], [ 107.38875, -6.94321, 0.0 ], [ 107.38792, -6.94285, 0.0 ], [ 107.38678, -6.94265, 0.0 ], [ 107.38589, -6.94237, 0.0 ], [ 107.38488, -6.94198, 0.0 ], [ 107.38377, -6.94153, 0.0 ], [ 107.3831054, -6.9412429, 0.0 ], [ 107.3829591, -6.941143, 0.0 ], [ 107.3828812, -6.9411784, 0.0 ], [ 107.3828799, -6.9411782, 0.0 ], [ 107.3826878, -6.9411608, 0.0 ], [ 107.3825557, -6.9410716, 0.0 ], [ 107.3825139, -6.9409545, 0.0 ], [ 107.3824791, -6.9408574, 0.0 ], [ 107.3823523, -6.9407896, 0.0 ], [ 107.3822238, -6.9405826, 0.0 ], [ 107.3822238, -6.9404541, 0.0 ], [ 107.38231, -6.94006, 0.0 ], [ 107.3823452, -6.9390621, 0.0 ], [ 107.3822488, -6.9383483, 0.0 ], [ 107.3821953, -6.9380663, 0.0 ], [ 107.3821346, -6.9377951, 0.0 ], [ 107.382106, -6.9374453, 0.0 ], [ 107.3820846, -6.9372169, 0.0 ], [ 107.3820953, -6.936785, 0.0 ], [ 107.3820739, -6.936603, 0.0 ], [ 107.3820382, -6.9364031, 0.0 ], [ 107.38211, -6.9359, 0.0 ], [ 107.3821779, -6.9353568, 0.0 ], [ 107.3821917, -6.9352467, 0.0 ], [ 107.3822809, -6.9349861, 0.0 ], [ 107.3823809, -6.9347827, 0.0 ], [ 107.3824558, -6.9346256, 0.0 ], [ 107.3825343, -6.9345507, 0.0 ], [ 107.3827199, -6.934465, 0.0 ], [ 107.38297, -6.9342, 0.0 ], [ 107.3831, -6.93403, 0.0 ], [ 107.38284, -6.93392, 0.0 ], [ 107.38231, -6.93369, 0.0 ], [ 107.3813847, -6.9333128, 0.0 ], [ 107.3809635, -6.933357, 0.0 ], [ 107.38026, -6.93333, 0.0 ], [ 107.3802396, -6.9333252, 0.0 ], [ 107.37958, -6.93317, 0.0 ], [ 107.3789, -6.93269, 0.0 ], [ 107.378526, -6.9322504, 0.0 ], [ 107.3783729, -6.9319819, 0.0 ], [ 107.3783431, -6.9315921, 0.0 ], [ 107.3787037, -6.9312561, 0.0 ], [ 107.3791759, -6.9309195, 0.0 ], [ 107.3792297, -6.9305293, 0.0 ], [ 107.3791993, -6.9300281, 0.0 ], [ 107.3790295, -6.9295276, 0.0 ], [ 107.3789982, -6.9288315, 0.0 ], [ 107.3789394, -6.9282191, 0.0 ], [ 107.378798, -6.9278298, 0.0 ], [ 107.3783507, -6.9275536, 0.0 ], [ 107.3792509, -6.9265842, 0.0 ], [ 107.3805376, -6.9254777, 0.0 ], [ 107.3816343, -6.9246592, 0.0 ], [ 107.3835478, -6.9244583, 0.0 ], [ 107.385125, -6.9240199, 0.0 ], [ 107.3863191, -6.9235356, 0.0 ], [ 107.3868422, -6.9228634, 0.0 ], [ 107.3875568, -6.9221902, 0.0 ], [ 107.3889437, -6.9219919, 0.0 ], [ 107.3897093, -6.9219403, 0.0 ], [ 107.3902323, -6.9212681, 0.0 ], [ 107.3901333, -6.920599, 0.0 ], [ 107.3901311, -6.9201685, 0.0 ], [ 107.3896965, -6.9194055, 0.0 ], [ 107.3889037, -6.9184587, 0.0 ], [ 107.3874968, -6.9184095, 0.0 ], [ 107.386088, -6.9179668, 0.0 ], [ 107.3843384, -6.9169073, 0.0 ], [ 107.3835451, -6.9157867, 0.0 ], [ 107.3821362, -6.9153439, 0.0 ], [ 107.3806742, -6.9155199, 0.0 ], [ 107.3800035, -6.9164229, 0.0 ], [ 107.3796142, -6.9173245, 0.0 ], [ 107.3796191, -6.9177324, 0.0 ], [ 107.3785411, -6.9177739, 0.0 ], [ 107.3777514, -6.9177779, 0.0 ], [ 107.3766026, -6.9177477, 0.0 ], [ 107.3757768, -6.917716, 0.0 ], [ 107.3751662, -6.9176473, 0.0 ], [ 107.374492, -6.917519, 0.0 ], [ 107.3742876, -6.9169824, 0.0 ], [ 107.3740156, -6.916379, 0.0 ], [ 107.3733068, -6.9158449, 0.0 ], [ 107.3726303, -6.9150419, 0.0 ], [ 107.3724258, -6.9144717, 0.0 ], [ 107.3719855, -6.9138355, 0.0 ], [ 107.3714119, -6.9134352, 0.0 ], [ 107.3707721, -6.9132367, 0.0 ], [ 107.3696627, -6.9132759, 0.0 ], [ 107.3688233, -6.9135152, 0.0 ], [ 107.3678906, -6.9132417, 0.0 ], [ 107.3675159, -6.9129566, 0.0 ], [ 107.367428, -6.9126126, 0.0 ], [ 107.3674828, -6.9120815, 0.0 ], [ 107.3674519, -6.9116512, 0.0 ], [ 107.3673933, -6.9114075, 0.0 ], [ 107.3671626, -6.9112222, 0.0 ], [ 107.3667772, -6.9110959, 0.0 ], [ 107.3667743, -6.9110949, 0.0 ], [ 107.3665297, -6.9109957, 0.0 ], [ 107.366271, -6.9109396, 0.0 ], [ 107.3659501, -6.9110896, 0.0 ], [ 107.3658986, -6.9111136, 0.0 ], [ 107.3656115, -6.9111294, 0.0 ], [ 107.3655512, -6.9110865, 0.0 ], [ 107.3652513, -6.9108729, 0.0 ], [ 107.3650344, -6.9105727, 0.0 ], [ 107.3645299, -6.9103602, 0.0 ], [ 107.3644331, -6.9098937, 0.0 ], [ 107.36428, -6.90967, 0.0 ], [ 107.36401, -6.90937, 0.0 ], [ 107.3635, -6.90887, 0.0 ], [ 107.3628984, -6.9085267, 0.0 ], [ 107.3626878, -6.9083554, 0.0 ], [ 107.36267, -6.908309, 0.0 ], [ 107.3626021, -6.9082305, 0.0 ], [ 107.3625557, -6.9082162, 0.0 ], [ 107.3624951, -6.9081234, 0.0 ], [ 107.3625165, -6.9079913, 0.0 ], [ 107.3624415, -6.9078307, 0.0 ], [ 107.3623416, -6.9076737, 0.0 ], [ 107.3623559, -6.907638, 0.0 ], [ 107.3622488, -6.9074167, 0.0 ], [ 107.3621167, -6.9073631, 0.0 ], [ 107.3620703, -6.9072739, 0.0 ], [ 107.3620937, -6.9071812, 0.0 ], [ 107.3620648, -6.9071408, 0.0 ], [ 107.36205, -6.90712, 0.0 ], [ 107.3618954, -6.9069848, 0.0 ], [ 107.3618598, -6.9069277, 0.0 ], [ 107.3618598, -6.9068064, 0.0 ], [ 107.3617455, -6.9066279, 0.0 ], [ 107.3617562, -6.9063531, 0.0 ], [ 107.3618098, -6.9062388, 0.0 ], [ 107.3618205, -6.9060818, 0.0 ], [ 107.3619395, -6.9059637, 0.0 ], [ 107.3619347, -6.9058998, 0.0 ], [ 107.361983, -6.9058606, 0.0 ], [ 107.3619847, -6.9057963, 0.0 ], [ 107.3620275, -6.9056963, 0.0 ], [ 107.3621167, -6.9056357, 0.0 ], [ 107.3621453, -6.9055036, 0.0 ], [ 107.3621631, -6.9054572, 0.0 ], [ 107.3622381, -6.9054429, 0.0 ], [ 107.3622845, -6.9053251, 0.0 ], [ 107.3622916, -6.905243, 0.0 ], [ 107.3624308, -6.9051003, 0.0 ], [ 107.3624986, -6.9049861, 0.0 ], [ 107.36252, -6.90472, 0.0 ], [ 107.3624772, -6.9045685, 0.0 ], [ 107.3624487, -6.90444, 0.0 ], [ 107.3622095, -6.9043008, 0.0 ], [ 107.3621096, -6.9043186, 0.0 ], [ 107.3619454, -6.9042901, 0.0 ], [ 107.3617955, -6.9043829, 0.0 ], [ 107.3617733, -6.9044613, 0.0 ], [ 107.3616646, -6.904489, 0.0 ], [ 107.3612971, -6.9049342, 0.0 ], [ 107.3609398, -6.905115, 0.0 ], [ 107.3608228, -6.9050955, 0.0 ], [ 107.3604065, -6.9042736, 0.0 ], [ 107.3603609, -6.9040839, 0.0 ], [ 107.3603821, -6.9039617, 0.0 ], [ 107.3603168, -6.9035149, 0.0 ], [ 107.3602786, -6.9033585, 0.0 ], [ 107.3603, -6.9031729, 0.0 ], [ 107.3602536, -6.9030337, 0.0 ], [ 107.3602179, -6.9029802, 0.0 ], [ 107.3602144, -6.9028767, 0.0 ], [ 107.3601751, -6.902741, 0.0 ], [ 107.3601001, -6.902634, 0.0 ], [ 107.3600002, -6.9025483, 0.0 ], [ 107.3599003, -6.9024519, 0.0 ], [ 107.3597504, -6.9023913, 0.0 ], [ 107.3595219, -6.9023163, 0.0 ], [ 107.3593435, -6.9022592, 0.0 ], [ 107.3593506, -6.9024162, 0.0 ], [ 107.3590472, -6.9024841, 0.0 ], [ 107.3589113, -6.9025272, 0.0 ], [ 107.3576623, -6.9025876, 0.0 ], [ 107.3569181, -6.9020971, 0.0 ], [ 107.3569129, -6.9020843, 0.0 ], [ 107.3568022, -6.9019166, 0.0 ], [ 107.3568058, -6.9016881, 0.0 ], [ 107.3568093, -6.9014133, 0.0 ], [ 107.3567559, -6.9013954, 0.0 ], [ 107.3567094, -6.9013348, 0.0 ], [ 107.3566987, -6.9012705, 0.0 ], [ 107.3567273, -6.901192, 0.0 ], [ 107.3565309, -6.9009029, 0.0 ], [ 107.356406, -6.9007744, 0.0 ], [ 107.3563698, -6.9007932, 0.0 ], [ 107.3562882, -6.9007494, 0.0 ], [ 107.3562347, -6.9006709, 0.0 ], [ 107.3560277, -6.9006495, 0.0 ], [ 107.3559742, -6.9006102, 0.0 ], [ 107.3559242, -6.9006067, 0.0 ], [ 107.3558278, -6.9005924, 0.0 ], [ 107.3556279, -6.9005139, 0.0 ], [ 107.3553246, -6.900471, 0.0 ], [ 107.3552408, -6.9004984, 0.0 ], [ 107.3550319, -6.9004496, 0.0 ], [ 107.354832, -6.9004211, 0.0 ], [ 107.3546371, -6.9004815, 0.0 ], [ 107.3545072, -6.9004568, 0.0 ], [ 107.3544037, -6.9003854, 0.0 ], [ 107.3542038, -6.9002212, 0.0 ], [ 107.354136, -6.9002033, 0.0 ], [ 107.3540639, -6.9002304, 0.0 ], [ 107.3537307, -6.9000208, 0.0 ], [ 107.3531328, -6.8993217, 0.0 ], [ 107.3531295, -6.8992968, 0.0 ], [ 107.3529832, -6.8991255, 0.0 ], [ 107.3528967, -6.8990261, 0.0 ], [ 107.3526881, -6.8985268, 0.0 ], [ 107.3526762, -6.898458, 0.0 ], [ 107.352637, -6.8982367, 0.0 ], [ 107.3525727, -6.898044, 0.0 ], [ 107.3524192, -6.8978263, 0.0 ], [ 107.3522265, -6.8976014, 0.0 ], [ 107.3520552, -6.897505, 0.0 ], [ 107.35183, -6.89759, 0.0 ], [ 107.3518161, -6.8975991, 0.0 ], [ 107.3517962, -6.8975918, 0.0 ], [ 107.351442, -6.8976682, 0.0 ], [ 107.3513628, -6.8976407, 0.0 ], [ 107.3511843, -6.8975372, 0.0 ], [ 107.3510023, -6.8974765, 0.0 ], [ 107.3507381, -6.89753, 0.0 ], [ 107.3505418, -6.8976942, 0.0 ], [ 107.3504348, -6.8976728, 0.0 ], [ 107.3503527, -6.8978655, 0.0 ], [ 107.3502492, -6.8978727, 0.0 ], [ 107.3501646, -6.897964, 0.0 ], [ 107.3501521, -6.8979678, 0.0 ], [ 107.3500921, -6.8979583, 0.0 ], [ 107.3500611, -6.8979956, 0.0 ], [ 107.3498137, -6.8980711, 0.0 ], [ 107.3496201, -6.8979284, 0.0 ], [ 107.3494565, -6.8978747, 0.0 ], [ 107.3493665, -6.8977635, 0.0 ], [ 107.3493323, -6.8976792, 0.0 ], [ 107.3492421, -6.8975543, 0.0 ], [ 107.3492416, -6.8974469, 0.0 ], [ 107.3492052, -6.8973218, 0.0 ], [ 107.3491327, -6.897161, 0.0 ], [ 107.349168, -6.8970534, 0.0 ], [ 107.3490953, -6.896839, 0.0 ], [ 107.3490944, -6.8968362, 0.0 ], [ 107.34914, -6.8961251, 0.0 ], [ 107.349157, -6.8960916, 0.0 ], [ 107.3492498, -6.8959917, 0.0 ], [ 107.3492998, -6.8958489, 0.0 ], [ 107.3492177, -6.8954813, 0.0 ], [ 107.3492391, -6.8951851, 0.0 ], [ 107.3491427, -6.8949388, 0.0 ], [ 107.3489357, -6.8947425, 0.0 ], [ 107.3487263, -6.8946003, 0.0 ], [ 107.3486012, -6.8944301, 0.0 ], [ 107.3482709, -6.8932642, 0.0 ], [ 107.3482683, -6.893222, 0.0 ], [ 107.348254, -6.8932046, 0.0 ], [ 107.3482399, -6.8931547, 0.0 ], [ 107.3482504, -6.8930757, 0.0 ], [ 107.3482578, -6.8930576, 0.0 ], [ 107.3483264, -6.8929652, 0.0 ], [ 107.3483611, -6.89294, 0.0 ], [ 107.3483763, -6.8928981, 0.0 ], [ 107.3484809, -6.8927573, 0.0 ], [ 107.3485324, -6.8927402, 0.0 ], [ 107.3485824, -6.8926688, 0.0 ], [ 107.348587, -6.8926144, 0.0 ], [ 107.3486657, -6.8925086, 0.0 ], [ 107.3486642, -6.892213, 0.0 ], [ 107.3485256, -6.8922291, 0.0 ], [ 107.3484681, -6.8921828, 0.0 ], [ 107.3484289, -6.8921513, 0.0 ], [ 107.348254, -6.8922084, 0.0 ], [ 107.34807, -6.8922, 0.0 ], [ 107.3475901, -6.8921298, 0.0 ], [ 107.3471, -6.89222, 0.0 ], [ 107.34658, -6.8921762, 0.0 ], [ 107.3463399, -6.8920104, 0.0 ], [ 107.3460159, -6.8916897, 0.0 ], [ 107.345872, -6.8915651, 0.0 ], [ 107.3458493, -6.8915471, 0.0 ], [ 107.3456922, -6.8914228, 0.0 ], [ 107.345548, -6.8912445, 0.0 ], [ 107.3453864, -6.8911737, 0.0 ], [ 107.3453143, -6.8910845, 0.0 ], [ 107.3451946, -6.8909841, 0.0 ], [ 107.3450863, -6.890877, 0.0 ], [ 107.3447758, -6.8907236, 0.0 ], [ 107.3444987, -6.8906266, 0.0 ], [ 107.34448, -6.89062, 0.0 ], [ 107.3440128, -6.8904913, 0.0 ], [ 107.34369, -6.8904212, 0.0 ], [ 107.3434568, -6.8903508, 0.0 ], [ 107.3432415, -6.8902802, 0.0 ], [ 107.3426314, -6.8900505, 0.0 ], [ 107.3424867, -6.8897648, 0.0 ], [ 107.3424496, -6.8894965, 0.0 ], [ 107.3423947, -6.889264, 0.0 ], [ 107.3424701, -6.8887605, 0.0 ], [ 107.342595, -6.8882394, 0.0 ], [ 107.3426057, -6.8878754, 0.0 ], [ 107.342388, -6.8876576, 0.0 ], [ 107.3424212, -6.8873664, 0.0 ], [ 107.3423095, -6.8872829, 0.0 ], [ 107.3423523, -6.8871829, 0.0 ], [ 107.3422667, -6.8869081, 0.0 ], [ 107.3421061, -6.8865548, 0.0 ], [ 107.3419169, -6.8863585, 0.0 ], [ 107.3416849, -6.8862371, 0.0 ], [ 107.340839, -6.8857946, 0.0 ], [ 107.340647, -6.8859558, 0.0 ], [ 107.3406045, -6.8859832, 0.0 ], [ 107.3405195, -6.8860416, 0.0 ], [ 107.3404314, -6.8861118, 0.0 ], [ 107.3403424, -6.886179, 0.0 ], [ 107.340291, -6.8862114, 0.0 ], [ 107.3401822, -6.886267, 0.0 ], [ 107.3400759, -6.8863174, 0.0 ], [ 107.3399968, -6.8863562, 0.0 ], [ 107.3399176, -6.8863841, 0.0 ], [ 107.3398261, -6.8864153, 0.0 ], [ 107.3397416, -6.8864501, 0.0 ], [ 107.3396407, -6.8864769, 0.0 ], [ 107.3396208, -6.8864791, 0.0 ], [ 107.3396111, -6.8864802, 0.0 ], [ 107.3396038, -6.886481, 0.0 ], [ 107.3395917, -6.8864823, 0.0 ], [ 107.3394923, -6.8864894, 0.0 ], [ 107.3393765, -6.8865096, 0.0 ], [ 107.3392771, -6.8865465, 0.0 ], [ 107.339201, -6.8865722, 0.0 ], [ 107.3391258, -6.8865949, 0.0 ], [ 107.3391184, -6.8865971, 0.0 ], [ 107.339111, -6.8865994, 0.0 ], [ 107.3390026, -6.8866288, 0.0 ], [ 107.3388647, -6.8866549, 0.0 ], [ 107.33874, -6.8866717, 0.0 ], [ 107.3385872, -6.8866896, 0.0 ], [ 107.3384551, -6.8867117, 0.0 ], [ 107.3383127, -6.8867551, 0.0 ], [ 107.3381732, -6.886795, 0.0 ], [ 107.338007, -6.886824, 0.0 ], [ 107.3378527, -6.886842, 0.0 ], [ 107.3377103, -6.8868585, 0.0 ], [ 107.3376479, -6.886868, 0.0 ], [ 107.3375203, -6.8868776, 0.0 ], [ 107.3373912, -6.8868812, 0.0 ], [ 107.3372651, -6.8868813, 0.0 ], [ 107.3371271, -6.8868822, 0.0 ], [ 107.3369831, -6.8868859, 0.0 ], [ 107.3368333, -6.8868934, 0.0 ], [ 107.3366567, -6.8868945, 0.0 ], [ 107.3365944, -6.886897, 0.0 ], [ 107.3364935, -6.8869128, 0.0 ], [ 107.3363822, -6.8869383, 0.0 ], [ 107.3362368, -6.8869609, 0.0 ], [ 107.3362112, -6.8869663, 0.0 ], [ 107.3360691, -6.8869965, 0.0 ], [ 107.3359326, -6.887027, 0.0 ], [ 107.3358629, -6.8870424, 0.0 ], [ 107.3353548, -6.8870823, 0.0 ], [ 107.3351781, -6.8870711, 0.0 ], [ 107.3350976, -6.8870314, 0.0 ], [ 107.3349644, -6.8868916, 0.0 ], [ 107.3348755, -6.8867717, 0.0 ], [ 107.3347625, -6.8866639, 0.0 ], [ 107.3346098, -6.8866299, 0.0 ], [ 107.3344784, -6.8866448, 0.0 ], [ 107.3343403, -6.8867413, 0.0 ], [ 107.3341772, -6.8868131, 0.0 ], [ 107.3339962, -6.8868673, 0.0 ], [ 107.3338506, -6.8868786, 0.0 ], [ 107.3335808, -6.8869261, 0.0 ], [ 107.333266, -6.8869241, 0.0 ], [ 107.333069, -6.8869474, 0.0 ], [ 107.3328274, -6.8870337, 0.0 ], [ 107.3324476, -6.8872415, 0.0 ], [ 107.3321469, -6.8875168, 0.0 ], [ 107.3319579, -6.8877871, 0.0 ], [ 107.3317964, -6.8880058, 0.0 ], [ 107.331601, -6.8881568, 0.0 ], [ 107.3313867, -6.8883027, 0.0 ], [ 107.3311523, -6.8884287, 0.0 ], [ 107.3308877, -6.888505, 0.0 ], [ 107.3306327, -6.8884962, 0.0 ], [ 107.3304725, -6.888472, 0.0 ], [ 107.3302293, -6.8882011, 0.0 ], [ 107.3301051, -6.8880503, 0.0 ], [ 107.3299978, -6.8879274, 0.0 ], [ 107.3297555, -6.8877434, 0.0 ], [ 107.3295415, -6.8876211, 0.0 ], [ 107.3290688, -6.8873877, 0.0 ], [ 107.3284831, -6.8872878, 0.0 ], [ 107.3278091, -6.8872372, 0.0 ], [ 107.3274408, -6.887239, 0.0 ], [ 107.3270991, -6.8872418, 0.0 ], [ 107.326849, -6.8872078, 0.0 ], [ 107.3266636, -6.8871121, 0.0 ], [ 107.326525, -6.8871426, 0.0 ], [ 107.326111, -6.8872982, 0.0 ], [ 107.3257877, -6.8874124, 0.0 ], [ 107.3246281, -6.8878056, 0.0 ], [ 107.324419, -6.8878368, 0.0 ], [ 107.3243729, -6.8878437, 0.0 ], [ 107.3232425, -6.8878835, 0.0 ], [ 107.3231129, -6.8880208, 0.0 ], [ 107.3228126, -6.8883438, 0.0 ], [ 107.3227838, -6.8883662, 0.0 ], [ 107.322611, -6.8884436, 0.0 ], [ 107.3223976, -6.8885545, 0.0 ], [ 107.3223209, -6.8886753, 0.0 ], [ 107.3222906, -6.8887338, 0.0 ], [ 107.321963, -6.8893659, 0.0 ], [ 107.3218961, -6.889495, 0.0 ], [ 107.3218561, -6.8895207, 0.0 ], [ 107.3215372, -6.8897262, 0.0 ], [ 107.3212801, -6.8900882, 0.0 ], [ 107.3211397, -6.8902332, 0.0 ], [ 107.3209762, -6.8903793, 0.0 ], [ 107.3205612, -6.8907499, 0.0 ], [ 107.319955, -6.8911248, 0.0 ], [ 107.3195687, -6.891211, 0.0 ], [ 107.3192612, -6.8912842, 0.0 ], [ 107.3190866, -6.8914338, 0.0 ], [ 107.3189887, -6.8916121, 0.0 ], [ 107.3189149, -6.8920899, 0.0 ], [ 107.3188613, -6.8921372, 0.0 ], [ 107.3186752, -6.8922296, 0.0 ], [ 107.3183936, -6.892378, 0.0 ], [ 107.3179908, -6.8926839, 0.0 ], [ 107.3178526, -6.8928793, 0.0 ], [ 107.3178119, -6.8931989, 0.0 ], [ 107.3177327, -6.8933773, 0.0 ], [ 107.3177158, -6.8933979, 0.0 ], [ 107.3174407, -6.8937286, 0.0 ], [ 107.317278, -6.8938182, 0.0 ], [ 107.3161436, -6.8945899, 0.0 ], [ 107.3158909, -6.8948489, 0.0 ], [ 107.3158549, -6.8948996, 0.0 ], [ 107.3152321, -6.8959034, 0.0 ], [ 107.3149632, -6.8961577, 0.0 ], [ 107.314484, -6.8965633, 0.0 ], [ 107.3144178, -6.8967822, 0.0 ], [ 107.3144153, -6.8967906, 0.0 ], [ 107.3143415, -6.8974504, 0.0 ], [ 107.3143416, -6.8974507, 0.0 ], [ 107.3143484, -6.8974716, 0.0 ], [ 107.3143626, -6.8975149, 0.0 ], [ 107.3144985, -6.8979303, 0.0 ], [ 107.3145402, -6.8980577, 0.0 ], [ 107.3145481, -6.8980657, 0.0 ], [ 107.314556, -6.8980736, 0.0 ], [ 107.3146608, -6.8981359, 0.0 ], [ 107.3148476, -6.8982724, 0.0 ], [ 107.3149589, -6.8984225, 0.0 ], [ 107.3150255, -6.8985584, 0.0 ], [ 107.3150305, -6.8985687, 0.0 ], [ 107.3150616, -6.8986299, 0.0 ], [ 107.3150842, -6.8986744, 0.0 ], [ 107.3151427, -6.8988466, 0.0 ], [ 107.3151587, -6.8988935, 0.0 ], [ 107.315177, -6.8989934, 0.0 ], [ 107.3151882, -6.8991931, 0.0 ], [ 107.3151869, -6.8992079, 0.0 ], [ 107.3151745, -6.8993476, 0.0 ], [ 107.3151745, -6.8993477, 0.0 ], [ 107.3150813, -6.8995668, 0.0 ], [ 107.3150701, -6.8997208, 0.0 ], [ 107.3150579, -6.9000841, 0.0 ], [ 107.3149712, -6.9001825, 0.0 ], [ 107.3148732, -6.9002938, 0.0 ], [ 107.3146987, -6.9004534, 0.0 ], [ 107.314471, -6.9006616, 0.0 ], [ 107.3144668, -6.9006655, 0.0 ], [ 107.31424, -6.9008251, 0.0 ], [ 107.3142365, -6.9008287, 0.0 ], [ 107.3142331, -6.9008323, 0.0 ], [ 107.3137972, -6.9012969, 0.0 ], [ 107.3136272, -6.9015469, 0.0 ], [ 107.3133904, -6.9017866, 0.0 ], [ 107.3128111, -6.9023499, 0.0 ], [ 107.3128082, -6.9023557, 0.0 ], [ 107.3128054, -6.9023614, 0.0 ], [ 107.3127105, -6.9025177, 0.0 ], [ 107.3126103, -6.9026829, 0.0 ], [ 107.3125832, -6.9027275, 0.0 ], [ 107.3125177, -6.9028127, 0.0 ], [ 107.3121963, -6.9032239, 0.0 ], [ 107.3119543, -6.9035335, 0.0 ], [ 107.311954, -6.903534, 0.0 ], [ 107.3119536, -6.9035344, 0.0 ], [ 107.3119368, -6.9035707, 0.0 ], [ 107.3118359, -6.9037885, 0.0 ], [ 107.3116847, -6.903972, 0.0 ], [ 107.3116454, -6.9039931, 0.0 ], [ 107.3112664, -6.9041471, 0.0 ], [ 107.3111335, -6.9042138, 0.0 ], [ 107.3110531, -6.9042505, 0.0 ], [ 107.3109442, -6.9043002, 0.0 ], [ 107.3107321, -6.9043981, 0.0 ], [ 107.3106705, -6.9044399, 0.0 ], [ 107.3106229, -6.9044722, 0.0 ], [ 107.3104638, -6.90458, 0.0 ], [ 107.3104535, -6.904587, 0.0 ], [ 107.3100053, -6.9046062, 0.0 ], [ 107.3094836, -6.9047989, 0.0 ], [ 107.3094829, -6.9047992, 0.0 ], [ 107.3094708, -6.9048066, 0.0 ], [ 107.309441, -6.9048248, 0.0 ], [ 107.3092673, -6.904931, 0.0 ], [ 107.3091007, -6.9049602, 0.0 ], [ 107.3087532, -6.9050209, 0.0 ], [ 107.3087275, -6.9050325, 0.0 ], [ 107.3086836, -6.9050525, 0.0 ], [ 107.3085772, -6.9051008, 0.0 ], [ 107.3083219, -6.9051577, 0.0 ], [ 107.3082326, -6.9052537, 0.0 ], [ 107.3080015, -6.9057009, 0.0 ], [ 107.3079526, -6.9058505, 0.0 ], [ 107.3079049, -6.9058891, 0.0 ], [ 107.30781, -6.9059662, 0.0 ], [ 107.3077024, -6.9061085, 0.0 ], [ 107.3076048, -6.90629, 0.0 ], [ 107.3073902, -6.9064898, 0.0 ], [ 107.3072011, -6.9066657, 0.0 ], [ 107.3070731, -6.9067849, 0.0 ], [ 107.3068668, -6.9069666, 0.0 ], [ 107.3068658, -6.9069672, 0.0 ], [ 107.306622, -6.9071204, 0.0 ], [ 107.3066119, -6.9071274, 0.0 ], [ 107.3066018, -6.9071344, 0.0 ], [ 107.3065244, -6.9072423, 0.0 ], [ 107.3065633, -6.9074109, 0.0 ], [ 107.3066141, -6.9076013, 0.0 ], [ 107.3066322, -6.907669, 0.0 ], [ 107.3071245, -6.9074515, 0.0 ], [ 107.30749, -6.90729, 0.0 ], [ 107.3078, -6.90727, 0.0 ], [ 107.30802, -6.90724, 0.0 ], [ 107.3082, -6.90725, 0.0 ], [ 107.30837, -6.90724, 0.0 ], [ 107.30849, -6.90719, 0.0 ], [ 107.30868, -6.90714, 0.0 ], [ 107.30889, -6.90711, 0.0 ], [ 107.30899, -6.9071, 0.0 ], [ 107.30917, -6.90708, 0.0 ], [ 107.30925, -6.90709, 0.0 ], [ 107.30958, -6.90713, 0.0 ], [ 107.30983, -6.9072, 0.0 ], [ 107.30994, -6.90723, 0.0 ], [ 107.31013, -6.90732, 0.0 ], [ 107.31026, -6.90739, 0.0 ], [ 107.31057, -6.90757, 0.0 ], [ 107.31089, -6.90768, 0.0 ], [ 107.3114, -6.90775, 0.0 ], [ 107.31175, -6.90781, 0.0 ], [ 107.31203, -6.9078, 0.0 ], [ 107.31215, -6.90788, 0.0 ], [ 107.31232, -6.9081, 0.0 ], [ 107.31272, -6.90839, 0.0 ], [ 107.313, -6.9086, 0.0 ], [ 107.31333, -6.90926, 0.0 ], [ 107.3135, -6.90959, 0.0 ], [ 107.31361, -6.90982, 0.0 ], [ 107.31361, -6.91008, 0.0 ], [ 107.31382, -6.91043, 0.0 ], [ 107.3140619, -6.9106905, 0.0 ], [ 107.31408, -6.91071, 0.0 ], [ 107.31419, -6.91078, 0.0 ], [ 107.31434, -6.91087, 0.0 ], [ 107.31484, -6.91106, 0.0 ], [ 107.3149154, -6.9111122, 0.0 ], [ 107.31497, -6.91115, 0.0 ], [ 107.31513, -6.91163, 0.0 ], [ 107.31522, -6.91208, 0.0 ], [ 107.31531, -6.91232, 0.0 ], [ 107.31575, -6.91259, 0.0 ], [ 107.3158592, -6.9127057, 0.0 ], [ 107.31592, -6.91277, 0.0 ], [ 107.316, -6.91285, 0.0 ], [ 107.3162, -6.91281, 0.0 ], [ 107.31654, -6.91281, 0.0 ], [ 107.3171, -6.91283, 0.0 ], [ 107.31719, -6.91283, 0.0 ], [ 107.3175, -6.91281, 0.0 ], [ 107.31908, -6.91341, 0.0 ], [ 107.3193, -6.91358, 0.0 ], [ 107.31945, -6.91372, 0.0 ], [ 107.31956, -6.91375, 0.0 ], [ 107.31974, -6.91373, 0.0 ], [ 107.31988, -6.91389, 0.0 ], [ 107.32007, -6.91404, 0.0 ], [ 107.3201361, -6.9140654, 0.0 ], [ 107.32085, -6.91434, 0.0 ], [ 107.3213, -6.91462, 0.0 ], [ 107.32166, -6.91484, 0.0 ], [ 107.32192, -6.91506, 0.0 ], [ 107.32199, -6.91515, 0.0 ], [ 107.32202, -6.91544, 0.0 ], [ 107.32206, -6.91577, 0.0 ], [ 107.32211, -6.916, 0.0 ], [ 107.32219, -6.91634, 0.0 ], [ 107.32225, -6.91659, 0.0 ], [ 107.32232, -6.91672, 0.0 ], [ 107.32249, -6.91683, 0.0 ], [ 107.32268, -6.91685, 0.0 ], [ 107.32275, -6.91681, 0.0 ], [ 107.32294, -6.91647, 0.0 ], [ 107.32314, -6.91639, 0.0 ], [ 107.32333, -6.9164, 0.0 ], [ 107.32341, -6.91643, 0.0 ], [ 107.3236254, -6.9165305, 0.0 ], [ 107.32371, -6.91657, 0.0 ], [ 107.32384, -6.91668, 0.0 ], [ 107.32395, -6.91694, 0.0 ], [ 107.32399, -6.91723, 0.0 ], [ 107.32391, -6.91755, 0.0 ], [ 107.32386, -6.91773, 0.0 ], [ 107.32384, -6.91783, 0.0 ], [ 107.32379, -6.91801, 0.0 ], [ 107.3236, -6.91859, 0.0 ], [ 107.32358, -6.91874, 0.0 ], [ 107.3233999, -6.91938, 0.0 ], [ 107.32294, -6.91938, 0.0 ], [ 107.32276, -6.91944, 0.0 ], [ 107.3225003, -6.9197081, 0.0 ], [ 107.32245, -6.91976, 0.0 ], [ 107.32217, -6.91999, 0.0 ], [ 107.32206, -6.92006, 0.0 ], [ 107.32176, -6.92007, 0.0 ], [ 107.32155, -6.92007, 0.0 ], [ 107.32129, -6.92015, 0.0 ], [ 107.32101, -6.92036, 0.0 ], [ 107.32094, -6.92045, 0.0 ], [ 107.32064, -6.92093, 0.0 ], [ 107.32056, -6.92102, 0.0 ], [ 107.3202, -6.9211, 0.0 ], [ 107.31966, -6.9212, 0.0 ], [ 107.3192, -6.92131, 0.0 ], [ 107.31866, -6.92151, 0.0 ], [ 107.31846, -6.92162, 0.0 ], [ 107.31838, -6.92179, 0.0 ], [ 107.31835, -6.92192, 0.0 ], [ 107.3184, -6.92203, 0.0 ], [ 107.31872, -6.92211, 0.0 ], [ 107.3188086, -6.9221182, 0.0 ], [ 107.31948, -6.92218, 0.0 ], [ 107.31965, -6.92222, 0.0 ], [ 107.31974, -6.92234, 0.0 ], [ 107.31986, -6.92287, 0.0 ], [ 107.32033, -6.92427, 0.0 ], [ 107.3205, -6.92488, 0.0 ], [ 107.32041, -6.92552, 0.0 ], [ 107.32017, -6.92637, 0.0 ], [ 107.3201357, -6.9267437, 0.0 ], [ 107.3200995, -6.9271375, 0.0 ], [ 107.32008, -6.92735, 0.0 ], [ 107.3200843, -6.9274245, 0.0 ], [ 107.3201141, -6.927946, 0.0 ], [ 107.32012, -6.92805, 0.0 ], [ 107.32018, -6.92843, 0.0 ], [ 107.32032, -6.92896, 0.0 ], [ 107.32049, -6.92988, 0.0 ], [ 107.32044, -6.93054, 0.0 ], [ 107.32014, -6.93124, 0.0 ], [ 107.32007, -6.93138, 0.0 ], [ 107.31993, -6.93169, 0.0 ], [ 107.31973, -6.93196, 0.0 ], [ 107.31936, -6.93237, 0.0 ], [ 107.31926, -6.93245, 0.0 ], [ 107.3189, -6.9328, 0.0 ], [ 107.318652, -6.9332849, 0.0 ], [ 107.31823, -6.93411, 0.0 ], [ 107.31814, -6.93422, 0.0 ], [ 107.31776, -6.93464, 0.0 ], [ 107.31748, -6.93481, 0.0 ], [ 107.31701, -6.93509, 0.0 ], [ 107.31676, -6.93527, 0.0 ], [ 107.3166, -6.93537, 0.0 ], [ 107.31641, -6.93551, 0.0 ], [ 107.31624, -6.93572, 0.0 ], [ 107.31565, -6.93696, 0.0 ], [ 107.3155289, -6.9371537, 0.0 ], [ 107.3154, -6.93736, 0.0 ], [ 107.31527, -6.9377, 0.0 ], [ 107.31521, -6.93808, 0.0 ], [ 107.31515, -6.93834, 0.0 ], [ 107.31499, -6.93851, 0.0 ], [ 107.31481, -6.93862, 0.0 ], [ 107.31426, -6.93889, 0.0 ], [ 107.31408, -6.93906, 0.0 ], [ 107.31399, -6.93929, 0.0 ], [ 107.31388, -6.93951, 0.0 ], [ 107.31353, -6.93995, 0.0 ], [ 107.31322, -6.94029, 0.0 ], [ 107.31283, -6.94105, 0.0 ], [ 107.31283, -6.94127, 0.0 ], [ 107.31283, -6.94146, 0.0 ], [ 107.3128, -6.9416, 0.0 ], [ 107.31269, -6.94159, 0.0 ], [ 107.31238, -6.94155, 0.0 ], [ 107.31206, -6.94162, 0.0 ], [ 107.31163, -6.94174, 0.0 ], [ 107.31123, -6.94195, 0.0 ], [ 107.31068, -6.94245, 0.0 ], [ 107.31037, -6.94267, 0.0 ], [ 107.31025, -6.94287, 0.0 ], [ 107.31019, -6.94311, 0.0 ], [ 107.31006, -6.94348, 0.0 ], [ 107.30974, -6.94376, 0.0 ], [ 107.30942, -6.94408, 0.0 ], [ 107.30933, -6.94416, 0.0 ], [ 107.30907, -6.94439, 0.0 ], [ 107.30873, -6.94446, 0.0 ], [ 107.30831, -6.94457, 0.0 ], [ 107.30798, -6.9447, 0.0 ], [ 107.30768, -6.94479, 0.0 ], [ 107.3076, -6.94481, 0.0 ], [ 107.30741, -6.94489, 0.0 ], [ 107.30734, -6.94492, 0.0 ], [ 107.30684, -6.94521, 0.0 ], [ 107.30667, -6.9453, 0.0 ], [ 107.30634, -6.94552, 0.0 ], [ 107.30622, -6.94561, 0.0 ], [ 107.3059005, -6.9458701, 0.0 ], [ 107.30579, -6.94596, 0.0 ], [ 107.30558, -6.94628, 0.0 ], [ 107.30572, -6.94704, 0.0 ], [ 107.30585, -6.94722, 0.0 ], [ 107.30594, -6.9475, 0.0 ], [ 107.30593, -6.94773, 0.0 ], [ 107.30585, -6.94789, 0.0 ], [ 107.3056, -6.94815, 0.0 ], [ 107.30496, -6.94882, 0.0 ], [ 107.30479, -6.94894, 0.0 ], [ 107.30459, -6.94913, 0.0 ], [ 107.30449, -6.94933, 0.0 ], [ 107.30447, -6.94955, 0.0 ], [ 107.3043134, -6.9500591, 0.0 ], [ 107.30431, -6.95007, 0.0 ], [ 107.30413, -6.95054, 0.0 ], [ 107.30402, -6.95079, 0.0 ], [ 107.30397, -6.95101, 0.0 ], [ 107.30395, -6.9511, 0.0 ], [ 107.30387, -6.95145, 0.0 ], [ 107.30379, -6.95195, 0.0 ], [ 107.3036933, -6.9527237, 0.0 ], [ 107.30369, -6.95275, 0.0 ], [ 107.30429, -6.96493, 0.0 ], [ 107.30439, -6.96516, 0.0 ], [ 107.3045, -6.96575, 0.0 ], [ 107.3046, -6.9673, 0.0 ], [ 107.30493, -6.96823, 0.0 ], [ 107.30499, -6.96882, 0.0 ], [ 107.30491, -6.96936, 0.0 ], [ 107.30487, -6.96987, 0.0 ], [ 107.30489, -6.96993, 0.0 ], [ 107.30476, -6.97011, 0.0 ], [ 107.30443, -6.97023, 0.0 ], [ 107.304, -6.97029, 0.0 ], [ 107.30356, -6.9703, 0.0 ], [ 107.30337, -6.97034, 0.0 ], [ 107.30323, -6.97044, 0.0 ], [ 107.30269, -6.97092, 0.0 ], [ 107.30258, -6.97105, 0.0 ], [ 107.30259, -6.97111, 0.0 ], [ 107.30269, -6.97129, 0.0 ], [ 107.30283, -6.97146, 0.0 ], [ 107.30295, -6.97161, 0.0 ], [ 107.30311, -6.97183, 0.0 ], [ 107.30316, -6.97188, 0.0 ], [ 107.30343, -6.97219, 0.0 ], [ 107.30351, -6.97229, 0.0 ], [ 107.3036, -6.97249, 0.0 ], [ 107.30372, -6.97277, 0.0 ], [ 107.30377, -6.97301, 0.0 ], [ 107.30377, -6.97307, 0.0 ], [ 107.30386, -6.97367, 0.0 ], [ 107.30392, -6.97389, 0.0 ], [ 107.30402, -6.97409, 0.0 ], [ 107.3040312, -6.974135, 0.0 ], [ 107.30406, -6.97425, 0.0 ], [ 107.30412, -6.97458, 0.0 ], [ 107.30442, -6.975, 0.0 ], [ 107.30451, -6.97523, 0.0 ], [ 107.30524, -6.97617, 0.0 ], [ 107.30583, -6.97673, 0.0 ], [ 107.30625, -6.97701, 0.0 ], [ 107.30662, -6.97722, 0.0 ], [ 107.30707, -6.97735, 0.0 ], [ 107.30811, -6.97743, 0.0 ], [ 107.30872, -6.97747, 0.0 ], [ 107.3092096, -6.9774797, 0.0 ], [ 107.31024, -6.9775, 0.0 ], [ 107.3108, -6.97748, 0.0 ], [ 107.31228, -6.97723, 0.0 ], [ 107.31334, -6.97706, 0.0 ], [ 107.3136149, -6.9770097, 0.0 ], [ 107.3141655, -6.9768581, 0.0 ], [ 107.3153602, -6.9766631, 0.0 ], [ 107.3159205, -6.9766345, 0.0 ], [ 107.3162346, -6.9764775, 0.0 ], [ 107.3165451, -6.9762812, 0.0 ], [ 107.3167664, -6.9761777, 0.0 ], [ 107.31691, -6.97616, 0.0 ], [ 107.3172973, -6.975994, 0.0 ], [ 107.3174001, -6.9759499, 0.0 ], [ 107.3174033, -6.9759477, 0.0 ], [ 107.317623, -6.9757387, 0.0 ], [ 107.3180531, -6.9753261, 0.0 ], [ 107.3182922, -6.9751058, 0.0 ], [ 107.3184385, -6.9751259, 0.0 ], [ 107.3186295, -6.975189, 0.0 ], [ 107.3187295, -6.9752033, 0.0 ], [ 107.3189719, -6.9753007, 0.0 ], [ 107.3193775, -6.9754917, 0.0 ], [ 107.3194841, -6.9754981, 0.0 ], [ 107.3198502, -6.9753603, 0.0 ], [ 107.3201834, -6.975326, 0.0 ], [ 107.3204164, -6.975307, 0.0 ], [ 107.3204648, -6.9752981, 0.0 ], [ 107.3206006, -6.9752197, 0.0 ], [ 107.3207465, -6.9751563, 0.0 ], [ 107.3208503, -6.9751468, 0.0 ], [ 107.320896, -6.9751426, 0.0 ], [ 107.3210887, -6.9751462, 0.0 ], [ 107.3213426, -6.9753516, 0.0 ], [ 107.3215838, -6.9755591, 0.0 ], [ 107.3218981, -6.9757663, 0.0 ], [ 107.3221059, -6.9758564, 0.0 ], [ 107.3223094, -6.9759921, 0.0 ], [ 107.3225145, -6.9760355, 0.0 ], [ 107.3225179, -6.9760344, 0.0 ], [ 107.3225254, -6.9761318, 0.0 ], [ 107.32289, -6.97615, 0.0 ], [ 107.323, -6.97614, 0.0 ], [ 107.32311, -6.97606, 0.0 ], [ 107.32348, -6.97584, 0.0 ], [ 107.32375, -6.9757, 0.0 ], [ 107.32409, -6.97551, 0.0 ], [ 107.32418, -6.97546, 0.0 ], [ 107.3244, -6.97533, 0.0 ], [ 107.32475, -6.97528, 0.0 ], [ 107.32508, -6.97528, 0.0 ], [ 107.32544, -6.9754, 0.0 ], [ 107.32571, -6.97551, 0.0 ], [ 107.32578, -6.97552, 0.0 ], [ 107.32582, -6.97542, 0.0 ], [ 107.32596, -6.97522, 0.0 ], [ 107.3260427, -6.9751448, 0.0 ], [ 107.3261311, -6.9751821, 0.0 ], [ 107.3266602, -6.9754288, 0.0 ], [ 107.3269458, -6.9755745, 0.0 ], [ 107.3271408, -6.9756678, 0.0 ], [ 107.3273073, -6.9757424, 0.0 ], [ 107.3277007, -6.9759252, 0.0 ], [ 107.3286372, -6.9760036, 0.0 ], [ 107.329558, -6.9759538, 0.0 ], [ 107.3296177, -6.9759508, 0.0 ], [ 107.3298202, -6.9759405, 0.0 ], [ 107.32983, -6.97594, 0.0 ], [ 107.33002, -6.97598, 0.0 ], [ 107.3301072, -6.9760217, 0.0 ], [ 107.3302445, -6.97608, 0.0 ], [ 107.3302598, -6.9760866, 0.0 ], [ 107.3303555, -6.9761252, 0.0 ], [ 107.33049, -6.97617, 0.0 ], [ 107.3306789, -6.9762197, 0.0 ], [ 107.3308779, -6.9762336, 0.0 ], [ 107.3309549, -6.9762298, 0.0 ], [ 107.3312995, -6.9762229, 0.0 ], [ 107.3315193, -6.9762346, 0.0 ], [ 107.3319895, -6.9762283, 0.0 ], [ 107.3321113, -6.9762257, 0.0 ], [ 107.332469, -6.9761638, 0.0 ], [ 107.3327548, -6.976008, 0.0 ], [ 107.3330636, -6.9758095, 0.0 ], [ 107.3332952, -6.9756776, 0.0 ], [ 107.3334521, -6.9756103, 0.0 ], [ 107.3336958, -6.9755063, 0.0 ], [ 107.3339433, -6.9753852, 0.0 ], [ 107.3342862, -6.9752571, 0.0 ], [ 107.3347146, -6.9751985, 0.0 ], [ 107.3348622, -6.9751626, 0.0 ], [ 107.334942, -6.9751228, 0.0 ], [ 107.3350986, -6.975005, 0.0 ], [ 107.3352421, -6.9749361, 0.0 ], [ 107.3352589, -6.9749262, 0.0 ], [ 107.33535, -6.97486, 0.0 ], [ 107.3354436, -6.9747477, 0.0 ], [ 107.3354506, -6.9747383, 0.0 ], [ 107.33554, -6.97447, 0.0 ], [ 107.3356534, -6.9742053, 0.0 ], [ 107.33569, -6.97412, 0.0 ], [ 107.33579, -6.97396, 0.0 ], [ 107.33622, -6.97392, 0.0 ], [ 107.33641, -6.97382, 0.0 ], [ 107.3365871, -6.973634, 0.0 ], [ 107.336613, -6.9736076, 0.0 ], [ 107.3368875, -6.9733533, 0.0 ], [ 107.3370557, -6.9732809, 0.0 ], [ 107.33713, -6.97325, 0.0 ], [ 107.3373276, -6.9731911, 0.0 ], [ 107.3375958, -6.9731125, 0.0 ], [ 107.3377066, -6.9730955, 0.0 ], [ 107.33782, -6.97308, 0.0 ], [ 107.3378866, -6.9730855, 0.0 ], [ 107.3381786, -6.9731133, 0.0 ], [ 107.3388269, -6.9732431, 0.0 ], [ 107.3388847, -6.9732636, 0.0 ], [ 107.33934, -6.97343, 0.0 ], [ 107.3393517, -6.9734317, 0.0 ], [ 107.3399267, -6.9737945, 0.0 ], [ 107.3405654, -6.9742173, 0.0 ], [ 107.3409252, -6.9742399, 0.0 ], [ 107.3409456, -6.9742508, 0.0 ], [ 107.3411985, -6.9743545, 0.0 ], [ 107.3418379, -6.974594, 0.0 ], [ 107.3420204, -6.9747696, 0.0 ], [ 107.3422287, -6.9749454, 0.0 ], [ 107.3425093, -6.9753224, 0.0 ], [ 107.3427304, -6.975388, 0.0 ], [ 107.3429535, -6.9754734, 0.0 ], [ 107.3432768, -6.9756568, 0.0 ], [ 107.3433473, -6.9756417, 0.0 ], [ 107.3434268, -6.9756248, 0.0 ], [ 107.3437056, -6.9754935, 0.0 ], [ 107.343859, -6.975478, 0.0 ], [ 107.3443488, -6.9755609, 0.0 ], [ 107.3447251, -6.9757448, 0.0 ], [ 107.3450027, -6.9757597, 0.0 ], [ 107.3457466, -6.9757348, 0.0 ], [ 107.3467913, -6.9757303, 0.0 ], [ 107.3468561, -6.9757456, 0.0 ], [ 107.3468987, -6.9757556, 0.0 ], [ 107.3470113, -6.9757578, 0.0 ], [ 107.3474007, -6.97586, 0.0 ], [ 107.3476407, -6.9759225, 0.0 ], [ 107.3485097, -6.9759129, 0.0 ], [ 107.3487828, -6.9760166, 0.0 ], [ 107.3489296, -6.9760694, 0.0 ], [ 107.3491403, -6.9760062, 0.0 ], [ 107.3494229, -6.9758579, 0.0 ], [ 107.3496029, -6.9758182, 0.0 ], [ 107.3498746, -6.9758617, 0.0 ], [ 107.3500108, -6.9759437, 0.0 ], [ 107.3500847, -6.9761341, 0.0 ], [ 107.3501078, -6.9762238, 0.0 ], [ 107.3501277, -6.9763011, 0.0 ], [ 107.3501724, -6.9763563, 0.0 ], [ 107.3502533, -6.9764106, 0.0 ], [ 107.3503037, -6.9764161, 0.0 ], [ 107.3504686, -6.976434, 0.0 ], [ 107.3504983, -6.9764373, 0.0 ] ] ] ] } },
{ "type": "Feature", "properties": { "kd_propinsi": "32", "kd_dati2": "17", "kd_kecamatan": "013", "nama_kecamatan": "Rongga", "id_kecamatan": 13 }, "geometry": { "type": "MultiPolygon", "coordinates": [ [ [ [ 107.29565, -7.01008, 0.0 ], [ 107.29618, -7.00971, 0.0 ], [ 107.29732, -7.00887, 0.0 ], [ 107.29732, -7.0088699, 0.0 ], [ 107.29774, -7.00855, 0.0 ], [ 107.29814, -7.00814, 0.0 ], [ 107.29842, -7.00768, 0.0 ], [ 107.29858, -7.00749, 0.0 ], [ 107.29919, -7.00703, 0.0 ], [ 107.2994, -7.00682, 0.0 ], [ 107.2994162, -7.0067936, 0.0 ], [ 107.29964, -7.00643, 0.0 ], [ 107.29988, -7.00612, 0.0 ], [ 107.30054, -7.00569, 0.0 ], [ 107.30127, -7.00558, 0.0 ], [ 107.30237, -7.00558, 0.0 ], [ 107.30313, -7.00558, 0.0 ], [ 107.30377, -7.00554, 0.0 ], [ 107.30435, -7.00542, 0.0 ], [ 107.30488, -7.00521, 0.0 ], [ 107.30541, -7.00476, 0.0 ], [ 107.30575, -7.00429, 0.0 ], [ 107.30591, -7.00407, 0.0 ], [ 107.30635, -7.00389, 0.0 ], [ 107.30688, -7.00398, 0.0 ], [ 107.30746, -7.0043, 0.0 ], [ 107.3075088, -7.0040914, 0.0 ], [ 107.3078129, -7.003951, 0.0 ], [ 107.3079036, -7.0039239, 0.0 ], [ 107.3080371, -7.0038751, 0.0 ], [ 107.3084642, -7.0037555, 0.0 ], [ 107.3089, -7.00354, 0.0 ], [ 107.30955, -7.00296, 0.0 ], [ 107.31011, -7.00228, 0.0 ], [ 107.3102467, -7.0020501, 0.0 ], [ 107.31033, -7.00191, 0.0 ], [ 107.31077, -7.00104, 0.0 ], [ 107.31101, -7.0004, 0.0 ], [ 107.3111, -7.0, 0.0 ], [ 107.31106, -6.99987, 0.0 ], [ 107.31106, -6.99974, 0.0 ], [ 107.31114, -6.9996, 0.0 ], [ 107.311703, -6.999284, 0.0 ], [ 107.3114983, -6.9990922, 0.0 ], [ 107.3114076, -6.9989661, 0.0 ], [ 107.3113328, -6.9987815, 0.0 ], [ 107.31127, -6.99874, 0.0 ], [ 107.31118, -6.99868, 0.0 ], [ 107.3111338, -6.9985299, 0.0 ], [ 107.3111, -6.99842, 0.0 ], [ 107.31108, -6.9983, 0.0 ], [ 107.31098, -6.99821, 0.0 ], [ 107.31083, -6.99815, 0.0 ], [ 107.31084, -6.99807, 0.0 ], [ 107.31088, -6.99778, 0.0 ], [ 107.31114, -6.99728, 0.0 ], [ 107.31127, -6.99707, 0.0 ], [ 107.31147, -6.99676, 0.0 ], [ 107.31157, -6.99655, 0.0 ], [ 107.31158, -6.99646, 0.0 ], [ 107.31155, -6.99638, 0.0 ], [ 107.31151, -6.99629, 0.0 ], [ 107.31146, -6.99604, 0.0 ], [ 107.31165, -6.99519, 0.0 ], [ 107.3116846, -6.9950632, 0.0 ], [ 107.3116432, -6.9948486, 0.0 ], [ 107.3116491, -6.9947721, 0.0 ], [ 107.31163, -6.99471, 0.0 ], [ 107.31149, -6.99431, 0.0 ], [ 107.31151, -6.99393, 0.0 ], [ 107.31153, -6.99386, 0.0 ], [ 107.31156, -6.99381, 0.0 ], [ 107.31167, -6.99363, 0.0 ], [ 107.3117195, -6.9932738, 0.0 ], [ 107.31172, -6.99327, 0.0 ], [ 107.31171, -6.99232, 0.0 ], [ 107.31177, -6.99218, 0.0 ], [ 107.3118944, -6.9917641, 0.0 ], [ 107.3118939, -6.9917493, 0.0 ], [ 107.31178, -6.99124, 0.0 ], [ 107.31175, -6.99089, 0.0 ], [ 107.31172, -6.99032, 0.0 ], [ 107.3117116, -6.9902358, 0.0 ], [ 107.31171, -6.99022, 0.0 ], [ 107.31175, -6.99008, 0.0 ], [ 107.31185, -6.98987, 0.0 ], [ 107.3117103, -6.9893704, 0.0 ], [ 107.3118, -6.9889, 0.0 ], [ 107.3116962, -6.9886296, 0.0 ], [ 107.3115699, -6.988432, 0.0 ], [ 107.3114649, -6.9883073, 0.0 ], [ 107.3113493, -6.9881722, 0.0 ], [ 107.3111918, -6.9879851, 0.0 ], [ 107.3110445, -6.9877772, 0.0 ], [ 107.3107705, -6.9872568, 0.0 ], [ 107.3105488, -6.9867675, 0.0 ], [ 107.3105728, -6.9866528, 0.0 ], [ 107.31057, -6.98665, 0.0 ], [ 107.3105, -6.98655, 0.0 ], [ 107.31048, -6.98636, 0.0 ], [ 107.31047, -6.98611, 0.0 ], [ 107.31047, -6.98591, 0.0 ], [ 107.31052, -6.98565, 0.0 ], [ 107.31051, -6.98555, 0.0 ], [ 107.31025, -6.98514, 0.0 ], [ 107.31016, -6.98496, 0.0 ], [ 107.31012, -6.98415, 0.0 ], [ 107.31016, -6.984, 0.0 ], [ 107.31028, -6.98378, 0.0 ], [ 107.31028, -6.98353, 0.0 ], [ 107.31031, -6.98306, 0.0 ], [ 107.31033, -6.98295, 0.0 ], [ 107.31041, -6.98275, 0.0 ], [ 107.3105, -6.98255, 0.0 ], [ 107.31066, -6.98236, 0.0 ], [ 107.3109, -6.9822, 0.0 ], [ 107.31137, -6.98206, 0.0 ], [ 107.3114889, -6.9819833, 0.0 ], [ 107.31159, -6.98168, 0.0 ], [ 107.31172, -6.98135, 0.0 ], [ 107.31194, -6.98099, 0.0 ], [ 107.3121, -6.98082, 0.0 ], [ 107.3122611, -6.9803316, 0.0 ], [ 107.3122692, -6.9798516, 0.0 ], [ 107.3123615, -6.9795068, 0.0 ], [ 107.3125334, -6.9791258, 0.0 ], [ 107.3125762, -6.9790616, 0.0 ], [ 107.312672, -6.9789419, 0.0 ], [ 107.312755, -6.9788267, 0.0 ], [ 107.3128274, -6.9787011, 0.0 ], [ 107.3128439, -6.978544, 0.0 ], [ 107.3128689, -6.9783192, 0.0 ], [ 107.3129083, -6.9781477, 0.0 ], [ 107.313043, -6.9779488, 0.0 ], [ 107.3131361, -6.9777605, 0.0 ], [ 107.3132188, -6.9775932, 0.0 ], [ 107.3132704, -6.9774573, 0.0 ], [ 107.3133116, -6.9773527, 0.0 ], [ 107.31334, -6.9772553, 0.0 ], [ 107.31334, -6.97706, 0.0 ], [ 107.31228, -6.97723, 0.0 ], [ 107.3108, -6.97748, 0.0 ], [ 107.31024, -6.9775, 0.0 ], [ 107.3092096, -6.9774797, 0.0 ], [ 107.30872, -6.97747, 0.0 ], [ 107.30811, -6.97743, 0.0 ], [ 107.30707, -6.97735, 0.0 ], [ 107.30662, -6.97722, 0.0 ], [ 107.30625, -6.97701, 0.0 ], [ 107.30583, -6.97673, 0.0 ], [ 107.30524, -6.97617, 0.0 ], [ 107.30451, -6.97523, 0.0 ], [ 107.30442, -6.975, 0.0 ], [ 107.30412, -6.97458, 0.0 ], [ 107.30406, -6.97425, 0.0 ], [ 107.3040312, -6.974135, 0.0 ], [ 107.30402, -6.97409, 0.0 ], [ 107.30392, -6.97389, 0.0 ], [ 107.30386, -6.97367, 0.0 ], [ 107.30377, -6.97307, 0.0 ], [ 107.30377, -6.97301, 0.0 ], [ 107.30372, -6.97277, 0.0 ], [ 107.3036, -6.97249, 0.0 ], [ 107.30351, -6.97229, 0.0 ], [ 107.30343, -6.97219, 0.0 ], [ 107.30316, -6.97188, 0.0 ], [ 107.30311, -6.97183, 0.0 ], [ 107.30295, -6.97161, 0.0 ], [ 107.30283, -6.97146, 0.0 ], [ 107.30269, -6.97129, 0.0 ], [ 107.30259, -6.97111, 0.0 ], [ 107.30258, -6.97105, 0.0 ], [ 107.30269, -6.97092, 0.0 ], [ 107.30323, -6.97044, 0.0 ], [ 107.30337, -6.97034, 0.0 ], [ 107.30356, -6.9703, 0.0 ], [ 107.304, -6.97029, 0.0 ], [ 107.30443, -6.97023, 0.0 ], [ 107.30476, -6.97011, 0.0 ], [ 107.30489, -6.96993, 0.0 ], [ 107.30487, -6.96987, 0.0 ], [ 107.30491, -6.96936, 0.0 ], [ 107.30499, -6.96882, 0.0 ], [ 107.30493, -6.96823, 0.0 ], [ 107.3046, -6.9673, 0.0 ], [ 107.3045, -6.96575, 0.0 ], [ 107.30439, -6.96516, 0.0 ], [ 107.30429, -6.96493, 0.0 ], [ 107.30369, -6.95275, 0.0 ], [ 107.3036933, -6.9527237, 0.0 ], [ 107.30379, -6.95195, 0.0 ], [ 107.30387, -6.95145, 0.0 ], [ 107.30395, -6.9511, 0.0 ], [ 107.30397, -6.95101, 0.0 ], [ 107.30402, -6.95079, 0.0 ], [ 107.30413, -6.95054, 0.0 ], [ 107.30431, -6.95007, 0.0 ], [ 107.3043134, -6.9500591, 0.0 ], [ 107.30447, -6.94955, 0.0 ], [ 107.30449, -6.94933, 0.0 ], [ 107.30459, -6.94913, 0.0 ], [ 107.30479, -6.94894, 0.0 ], [ 107.30496, -6.94882, 0.0 ], [ 107.3056, -6.94815, 0.0 ], [ 107.30585, -6.94789, 0.0 ], [ 107.30593, -6.94773, 0.0 ], [ 107.30594, -6.9475, 0.0 ], [ 107.30585, -6.94722, 0.0 ], [ 107.30572, -6.94704, 0.0 ], [ 107.30558, -6.94628, 0.0 ], [ 107.30579, -6.94596, 0.0 ], [ 107.3059005, -6.9458701, 0.0 ], [ 107.30622, -6.94561, 0.0 ], [ 107.30634, -6.94552, 0.0 ], [ 107.30667, -6.9453, 0.0 ], [ 107.30684, -6.94521, 0.0 ], [ 107.30734, -6.94492, 0.0 ], [ 107.30741, -6.94489, 0.0 ], [ 107.3076, -6.94481, 0.0 ], [ 107.30768, -6.94479, 0.0 ], [ 107.30798, -6.9447, 0.0 ], [ 107.30831, -6.94457, 0.0 ], [ 107.30873, -6.94446, 0.0 ], [ 107.30907, -6.94439, 0.0 ], [ 107.30933, -6.94416, 0.0 ], [ 107.30942, -6.94408, 0.0 ], [ 107.30974, -6.94376, 0.0 ], [ 107.31006, -6.94348, 0.0 ], [ 107.31019, -6.94311, 0.0 ], [ 107.31025, -6.94287, 0.0 ], [ 107.31037, -6.94267, 0.0 ], [ 107.31068, -6.94245, 0.0 ], [ 107.31123, -6.94195, 0.0 ], [ 107.31163, -6.94174, 0.0 ], [ 107.31206, -6.94162, 0.0 ], [ 107.31238, -6.94155, 0.0 ], [ 107.31269, -6.94159, 0.0 ], [ 107.3128, -6.9416, 0.0 ], [ 107.31283, -6.94146, 0.0 ], [ 107.31283, -6.94127, 0.0 ], [ 107.31283, -6.94105, 0.0 ], [ 107.31322, -6.94029, 0.0 ], [ 107.31353, -6.93995, 0.0 ], [ 107.31388, -6.93951, 0.0 ], [ 107.31399, -6.93929, 0.0 ], [ 107.31408, -6.93906, 0.0 ], [ 107.31426, -6.93889, 0.0 ], [ 107.31481, -6.93862, 0.0 ], [ 107.31499, -6.93851, 0.0 ], [ 107.31515, -6.93834, 0.0 ], [ 107.31521, -6.93808, 0.0 ], [ 107.31527, -6.9377, 0.0 ], [ 107.3154, -6.93736, 0.0 ], [ 107.3155289, -6.9371537, 0.0 ], [ 107.31565, -6.93696, 0.0 ], [ 107.31624, -6.93572, 0.0 ], [ 107.31641, -6.93551, 0.0 ], [ 107.3166, -6.93537, 0.0 ], [ 107.31676, -6.93527, 0.0 ], [ 107.31701, -6.93509, 0.0 ], [ 107.31748, -6.93481, 0.0 ], [ 107.31776, -6.93464, 0.0 ], [ 107.31814, -6.93422, 0.0 ], [ 107.31823, -6.93411, 0.0 ], [ 107.318652, -6.9332849, 0.0 ], [ 107.3189, -6.9328, 0.0 ], [ 107.31926, -6.93245, 0.0 ], [ 107.31936, -6.93237, 0.0 ], [ 107.31973, -6.93196, 0.0 ], [ 107.31993, -6.93169, 0.0 ], [ 107.32007, -6.93138, 0.0 ], [ 107.32014, -6.93124, 0.0 ], [ 107.32044, -6.93054, 0.0 ], [ 107.32049, -6.92988, 0.0 ], [ 107.32032, -6.92896, 0.0 ], [ 107.32018, -6.92843, 0.0 ], [ 107.32012, -6.92805, 0.0 ], [ 107.3201141, -6.927946, 0.0 ], [ 107.3200843, -6.9274245, 0.0 ], [ 107.32008, -6.92735, 0.0 ], [ 107.3200995, -6.9271375, 0.0 ], [ 107.3201357, -6.9267437, 0.0 ], [ 107.32017, -6.92637, 0.0 ], [ 107.32041, -6.92552, 0.0 ], [ 107.3205, -6.92488, 0.0 ], [ 107.32033, -6.92427, 0.0 ], [ 107.31986, -6.92287, 0.0 ], [ 107.31974, -6.92234, 0.0 ], [ 107.31965, -6.92222, 0.0 ], [ 107.31948, -6.92218, 0.0 ], [ 107.3188086, -6.9221182, 0.0 ], [ 107.31872, -6.92211, 0.0 ], [ 107.3184, -6.92203, 0.0 ], [ 107.31835, -6.92192, 0.0 ], [ 107.31838, -6.92179, 0.0 ], [ 107.31846, -6.92162, 0.0 ], [ 107.31866, -6.92151, 0.0 ], [ 107.3192, -6.92131, 0.0 ], [ 107.31966, -6.9212, 0.0 ], [ 107.3202, -6.9211, 0.0 ], [ 107.32056, -6.92102, 0.0 ], [ 107.32064, -6.92093, 0.0 ], [ 107.32094, -6.92045, 0.0 ], [ 107.32101, -6.92036, 0.0 ], [ 107.32129, -6.92015, 0.0 ], [ 107.32155, -6.92007, 0.0 ], [ 107.32176, -6.92007, 0.0 ], [ 107.32206, -6.92006, 0.0 ], [ 107.32217, -6.91999, 0.0 ], [ 107.32245, -6.91976, 0.0 ], [ 107.3225003, -6.9197081, 0.0 ], [ 107.32276, -6.91944, 0.0 ], [ 107.32294, -6.91938, 0.0 ], [ 107.3233999, -6.91938, 0.0 ], [ 107.32358, -6.91874, 0.0 ], [ 107.3236, -6.91859, 0.0 ], [ 107.32379, -6.91801, 0.0 ], [ 107.32384, -6.91783, 0.0 ], [ 107.32386, -6.91773, 0.0 ], [ 107.32391, -6.91755, 0.0 ], [ 107.32399, -6.91723, 0.0 ], [ 107.32395, -6.91694, 0.0 ], [ 107.32384, -6.91668, 0.0 ], [ 107.32371, -6.91657, 0.0 ], [ 107.3236254, -6.9165305, 0.0 ], [ 107.32341, -6.91643, 0.0 ], [ 107.32333, -6.9164, 0.0 ], [ 107.32314, -6.91639, 0.0 ], [ 107.32294, -6.91647, 0.0 ], [ 107.32275, -6.91681, 0.0 ], [ 107.32268, -6.91685, 0.0 ], [ 107.32249, -6.91683, 0.0 ], [ 107.32232, -6.91672, 0.0 ], [ 107.32225, -6.91659, 0.0 ], [ 107.32219, -6.91634, 0.0 ], [ 107.32211, -6.916, 0.0 ], [ 107.32206, -6.91577, 0.0 ], [ 107.32202, -6.91544, 0.0 ], [ 107.32199, -6.91515, 0.0 ], [ 107.32192, -6.91506, 0.0 ], [ 107.32166, -6.91484, 0.0 ], [ 107.3213, -6.91462, 0.0 ], [ 107.32085, -6.91434, 0.0 ], [ 107.3201361, -6.9140654, 0.0 ], [ 107.32007, -6.91404, 0.0 ], [ 107.31988, -6.91389, 0.0 ], [ 107.31974, -6.91373, 0.0 ], [ 107.31956, -6.91375, 0.0 ], [ 107.31945, -6.91372, 0.0 ], [ 107.3193, -6.91358, 0.0 ], [ 107.31908, -6.91341, 0.0 ], [ 107.3175, -6.91281, 0.0 ], [ 107.31719, -6.91283, 0.0 ], [ 107.3171, -6.91283, 0.0 ], [ 107.31654, -6.91281, 0.0 ], [ 107.3162, -6.91281, 0.0 ], [ 107.316, -6.91285, 0.0 ], [ 107.31592, -6.91277, 0.0 ], [ 107.3158592, -6.9127057, 0.0 ], [ 107.31575, -6.91259, 0.0 ], [ 107.31531, -6.91232, 0.0 ], [ 107.31522, -6.91208, 0.0 ], [ 107.31513, -6.91163, 0.0 ], [ 107.31497, -6.91115, 0.0 ], [ 107.3149154, -6.9111122, 0.0 ], [ 107.31484, -6.91106, 0.0 ], [ 107.31434, -6.91087, 0.0 ], [ 107.31419, -6.91078, 0.0 ], [ 107.31408, -6.91071, 0.0 ], [ 107.3140619, -6.9106905, 0.0 ], [ 107.31382, -6.91043, 0.0 ], [ 107.31361, -6.91008, 0.0 ], [ 107.31361, -6.90982, 0.0 ], [ 107.3135, -6.90959, 0.0 ], [ 107.31333, -6.90926, 0.0 ], [ 107.313, -6.9086, 0.0 ], [ 107.31272, -6.90839, 0.0 ], [ 107.31232, -6.9081, 0.0 ], [ 107.31215, -6.90788, 0.0 ], [ 107.31203, -6.9078, 0.0 ], [ 107.31175, -6.90781, 0.0 ], [ 107.3114, -6.90775, 0.0 ], [ 107.31089, -6.90768, 0.0 ], [ 107.31057, -6.90757, 0.0 ], [ 107.31026, -6.90739, 0.0 ], [ 107.31013, -6.90732, 0.0 ], [ 107.30994, -6.90723, 0.0 ], [ 107.30983, -6.9072, 0.0 ], [ 107.30958, -6.90713, 0.0 ], [ 107.30925, -6.90709, 0.0 ], [ 107.30917, -6.90708, 0.0 ], [ 107.30899, -6.9071, 0.0 ], [ 107.30889, -6.90711, 0.0 ], [ 107.30868, -6.90714, 0.0 ], [ 107.30849, -6.90719, 0.0 ], [ 107.30837, -6.90724, 0.0 ], [ 107.3082, -6.90725, 0.0 ], [ 107.30802, -6.90724, 0.0 ], [ 107.3078, -6.90727, 0.0 ], [ 107.30749, -6.90729, 0.0 ], [ 107.3071245, -6.9074515, 0.0 ], [ 107.3066322, -6.907669, 0.0 ], [ 107.3066335, -6.907674, 0.0 ], [ 107.3066291, -6.9076754, 0.0 ], [ 107.3065846, -6.9076899, 0.0 ], [ 107.3065415, -6.9077039, 0.0 ], [ 107.3064154, -6.907745, 0.0 ], [ 107.3060946, -6.9077639, 0.0 ], [ 107.3058287, -6.9077288, 0.0 ], [ 107.305772, -6.9077213, 0.0 ], [ 107.3057461, -6.9077193, 0.0 ], [ 107.3056721, -6.9077248, 0.0 ], [ 107.3055091, -6.9077369, 0.0 ], [ 107.3053757, -6.9077468, 0.0 ], [ 107.3052569, -6.9077679, 0.0 ], [ 107.3051936, -6.9077919, 0.0 ], [ 107.3048904, -6.9079071, 0.0 ], [ 107.304574, -6.9080197, 0.0 ], [ 107.3043266, -6.9080438, 0.0 ], [ 107.3038349, -6.9080867, 0.0 ], [ 107.3038033, -6.9080878, 0.0 ], [ 107.3037741, -6.9080888, 0.0 ], [ 107.3036536, -6.9080928, 0.0 ], [ 107.3036534, -6.9080928, 0.0 ], [ 107.3033316, -6.9084378, 0.0 ], [ 107.3033042, -6.9084735, 0.0 ], [ 107.3032819, -6.9085025, 0.0 ], [ 107.3032027, -6.9085617, 0.0 ], [ 107.3029795, -6.9087283, 0.0 ], [ 107.302586, -6.9090222, 0.0 ], [ 107.302316, -6.9092003, 0.0 ], [ 107.3017994, -6.9095102, 0.0 ], [ 107.3015424, -6.909623, 0.0 ], [ 107.3013343, -6.909631, 0.0 ], [ 107.3012832, -6.9096181, 0.0 ], [ 107.3012501, -6.9095901, 0.0 ], [ 107.3009326, -6.9093292, 0.0 ], [ 107.3005456, -6.9091361, 0.0 ], [ 107.3001636, -6.9090269, 0.0 ], [ 107.2997863, -6.9088494, 0.0 ], [ 107.2996223, -6.9087741, 0.0 ], [ 107.2996178, -6.9087721, 0.0 ], [ 107.2996155, -6.9087721, 0.0 ], [ 107.299188, -6.9087833, 0.0 ], [ 107.2989731, -6.9088404, 0.0 ], [ 107.2986145, -6.9089913, 0.0 ], [ 107.2986073, -6.9089934, 0.0 ], [ 107.2986001, -6.9089955, 0.0 ], [ 107.298284, -6.9091844, 0.0 ], [ 107.298027, -6.9093437, 0.0 ], [ 107.2975871, -6.9094879, 0.0 ], [ 107.2972555, -6.9095597, 0.0 ], [ 107.2969268, -6.9096257, 0.0 ], [ 107.296754, -6.9096533, 0.0 ], [ 107.2962126, -6.9097423, 0.0 ], [ 107.2960794, -6.9097839, 0.0 ], [ 107.2958713, -6.9099457, 0.0 ], [ 107.2958249, -6.9099234, 0.0 ], [ 107.2956848, -6.909908, 0.0 ], [ 107.2955232, -6.9099493, 0.0 ], [ 107.2954753, -6.909971, 0.0 ], [ 107.2953252, -6.9100501, 0.0 ], [ 107.2951992, -6.9100438, 0.0 ], [ 107.2942063, -6.9099283, 0.0 ], [ 107.2938218, -6.909946, 0.0 ], [ 107.2935029, -6.9100681, 0.0 ], [ 107.2934581, -6.9101699, 0.0 ], [ 107.2934557, -6.9101752, 0.0 ], [ 107.2934557, -6.9101832, 0.0 ], [ 107.2934548, -6.9102859, 0.0 ], [ 107.2934543, -6.9103466, 0.0 ], [ 107.2934782, -6.9104485, 0.0 ], [ 107.2934975, -6.9105307, 0.0 ], [ 107.2935302, -6.9106703, 0.0 ], [ 107.2937448, -6.9112063, 0.0 ], [ 107.2938272, -6.9114455, 0.0 ], [ 107.2939248, -6.9118044, 0.0 ], [ 107.2939187, -6.9120147, 0.0 ], [ 107.2938679, -6.912145, 0.0 ], [ 107.293856, -6.9121752, 0.0 ], [ 107.2937059, -6.9123003, 0.0 ], [ 107.2935804, -6.9123991, 0.0 ], [ 107.2933535, -6.9125777, 0.0 ], [ 107.2930928, -6.9128208, 0.0 ], [ 107.2930806, -6.9128322, 0.0 ], [ 107.2930049, -6.9128516, 0.0 ], [ 107.2929103, -6.9128759, 0.0 ], [ 107.2927895, -6.9129367, 0.0 ], [ 107.2925707, -6.9130469, 0.0 ], [ 107.2925176, -6.9130737, 0.0 ], [ 107.2923217, -6.9133081, 0.0 ], [ 107.2921918, -6.9136519, 0.0 ], [ 107.2920708, -6.9141397, 0.0 ], [ 107.2920388, -6.9144608, 0.0 ], [ 107.2919376, -6.9149055, 0.0 ], [ 107.2919167, -6.9152837, 0.0 ], [ 107.2919014, -6.9155594, 0.0 ], [ 107.2918966, -6.9156464, 0.0 ], [ 107.2918673, -6.9156906, 0.0 ], [ 107.2917436, -6.9158778, 0.0 ], [ 107.291497, -6.9161053, 0.0 ], [ 107.2913976, -6.9162257, 0.0 ], [ 107.2911542, -6.9163905, 0.0 ], [ 107.2909127, -6.9165037, 0.0 ], [ 107.2907867, -6.916547, 0.0 ], [ 107.2905304, -6.9166589, 0.0 ], [ 107.2904188, -6.9167344, 0.0 ], [ 107.2902374, -6.9168518, 0.0 ], [ 107.2899065, -6.9170658, 0.0 ], [ 107.2896984, -6.9171613, 0.0 ], [ 107.2892885, -6.9173495, 0.0 ], [ 107.2890914, -6.91744, 0.0 ], [ 107.2886926, -6.9175075, 0.0 ], [ 107.2886679, -6.9175205, 0.0 ], [ 107.2883981, -6.9176623, 0.0 ], [ 107.2883736, -6.9176754, 0.0 ], [ 107.2883367, -6.9176993, 0.0 ], [ 107.2879574, -6.9179443, 0.0 ], [ 107.2876176, -6.9182215, 0.0 ], [ 107.2875557, -6.9183313, 0.0 ], [ 107.2875182, -6.9185486, 0.0 ], [ 107.2875181, -6.9186499, 0.0 ], [ 107.2875179, -6.9188107, 0.0 ], [ 107.2875219, -6.9188366, 0.0 ], [ 107.2875593, -6.9190788, 0.0 ], [ 107.2875598, -6.9190852, 0.0 ], [ 107.2875598, -6.919086, 0.0 ], [ 107.2875701, -6.9192257, 0.0 ], [ 107.2875437, -6.9192751, 0.0 ], [ 107.2875049, -6.9193475, 0.0 ], [ 107.2871348, -6.9197403, 0.0 ], [ 107.2870737, -6.9197941, 0.0 ], [ 107.2869001, -6.919947, 0.0 ], [ 107.2868983, -6.9199485, 0.0 ], [ 107.2867316, -6.9201521, 0.0 ], [ 107.2866085, -6.9203144, 0.0 ], [ 107.2865758, -6.9203677, 0.0 ], [ 107.2864516, -6.9205481, 0.0 ], [ 107.286385, -6.9206163, 0.0 ], [ 107.2861664, -6.920764, 0.0 ], [ 107.2858882, -6.9209118, 0.0 ], [ 107.2856941, -6.9210064, 0.0 ], [ 107.2855192, -6.9211056, 0.0 ], [ 107.285215, -6.9212442, 0.0 ], [ 107.2848564, -6.9214326, 0.0 ], [ 107.2847279, -6.9215488, 0.0 ], [ 107.2845733, -6.9217043, 0.0 ], [ 107.2840151, -6.9222399, 0.0 ], [ 107.2839737, -6.9222686, 0.0 ], [ 107.2837483, -6.9223987, 0.0 ], [ 107.283559, -6.9225734, 0.0 ], [ 107.2835402, -6.9226155, 0.0 ], [ 107.2834574, -6.9228482, 0.0 ], [ 107.2834177, -6.9229605, 0.0 ], [ 107.2834009, -6.9230081, 0.0 ], [ 107.2833899, -6.9230271, 0.0 ], [ 107.2832544, -6.923261, 0.0 ], [ 107.2832535, -6.9232626, 0.0 ], [ 107.2832526, -6.9232641, 0.0 ], [ 107.2832137, -6.9233027, 0.0 ], [ 107.283064, -6.9233822, 0.0 ], [ 107.282939, -6.9234165, 0.0 ], [ 107.2827634, -6.9234646, 0.0 ], [ 107.282561, -6.9234168, 0.0 ], [ 107.282043, -6.9232261, 0.0 ], [ 107.2815005, -6.9232077, 0.0 ], [ 107.280796, -6.9233521, 0.0 ], [ 107.2804136, -6.9236468, 0.0 ], [ 107.2803024, -6.9236448, 0.0 ], [ 107.2796342, -6.9236865, 0.0 ], [ 107.2793459, -6.923749, 0.0 ], [ 107.2791191, -6.9238772, 0.0 ], [ 107.2790226, -6.9239828, 0.0 ], [ 107.2789826, -6.9242892, 0.0 ], [ 107.2789726, -6.9243516, 0.0 ], [ 107.2789398, -6.9245549, 0.0 ], [ 107.278641, -6.9250197, 0.0 ], [ 107.278608, -6.925063, 0.0 ], [ 107.2784657, -6.9252502, 0.0 ], [ 107.27839, -6.9254593, 0.0 ], [ 107.2783872, -6.9254671, 0.0 ], [ 107.2782702, -6.9254248, 0.0 ], [ 107.2779581, -6.925259, 0.0 ], [ 107.2777943, -6.9251886, 0.0 ], [ 107.2776175, -6.9251576, 0.0 ], [ 107.2775502, -6.9251458, 0.0 ], [ 107.2772759, -6.9250544, 0.0 ], [ 107.27725, -6.9250428, 0.0 ], [ 107.2770228, -6.9249415, 0.0 ], [ 107.2767308, -6.9248324, 0.0 ], [ 107.2766491, -6.9248145, 0.0 ], [ 107.2764795, -6.9247859, 0.0 ], [ 107.2761494, -6.9247302, 0.0 ], [ 107.2753988, -6.9246037, 0.0 ], [ 107.2750518, -6.9245849, 0.0 ], [ 107.274325, -6.9243511, 0.0 ], [ 107.2741363, -6.9244214, 0.0 ], [ 107.2739023, -6.924596, 0.0 ], [ 107.273838, -6.9246369, 0.0 ], [ 107.2736726, -6.9247419, 0.0 ], [ 107.2732541, -6.9248899, 0.0 ], [ 107.2730059, -6.9249777, 0.0 ], [ 107.2730023, -6.924979, 0.0 ], [ 107.2730013, -6.92498, 0.0 ], [ 107.2727595, -6.9252139, 0.0 ], [ 107.2722706, -6.9256867, 0.0 ], [ 107.2722705, -6.9256868, 0.0 ], [ 107.2722704, -6.9256868, 0.0 ], [ 107.2718615, -6.9260815, 0.0 ], [ 107.2716926, -6.9261262, 0.0 ], [ 107.2714158, -6.9261286, 0.0 ], [ 107.2706297, -6.9260794, 0.0 ], [ 107.2704704, -6.9260497, 0.0 ], [ 107.2703422, -6.9260266, 0.0 ], [ 107.2703064, -6.9260201, 0.0 ], [ 107.2702339, -6.9260275, 0.0 ], [ 107.2699882, -6.9260591, 0.0 ], [ 107.2698368, -6.9260761, 0.0 ], [ 107.2698368, -6.9260761, 0.0 ], [ 107.269745, -6.9260865, 0.0 ], [ 107.2697418, -6.9260868, 0.0 ], [ 107.2696211, -6.9261582, 0.0 ], [ 107.2695065, -6.9262767, 0.0 ], [ 107.2694094, -6.9263509, 0.0 ], [ 107.2692769, -6.9264105, 0.0 ], [ 107.2692269, -6.9264108, 0.0 ], [ 107.2691234, -6.9264113, 0.0 ], [ 107.2690822, -6.9264071, 0.0 ], [ 107.2689551, -6.9263944, 0.0 ], [ 107.268774, -6.9263795, 0.0 ], [ 107.2686178, -6.92641, 0.0 ], [ 107.2684691, -6.9264591, 0.0 ], [ 107.2684408, -6.9264707, 0.0 ], [ 107.2684407, -6.9264707, 0.0 ], [ 107.2682314, -6.9265569, 0.0 ], [ 107.2679077, -6.9265919, 0.0 ], [ 107.2675914, -6.9266046, 0.0 ], [ 107.2674384, -6.9266076, 0.0 ], [ 107.2673457, -6.9266095, 0.0 ], [ 107.2671329, -6.9264877, 0.0 ], [ 107.2669648, -6.9263621, 0.0 ], [ 107.2668742, -6.926286, 0.0 ], [ 107.2668473, -6.9262716, 0.0 ], [ 107.2668336, -6.9262642, 0.0 ], [ 107.2667586, -6.926224, 0.0 ], [ 107.2665707, -6.9262051, 0.0 ], [ 107.2663931, -6.9262521, 0.0 ], [ 107.2660661, -6.9264753, 0.0 ], [ 107.2657944, -6.9267211, 0.0 ], [ 107.2657367, -6.9269414, 0.0 ], [ 107.2657205, -6.9270035, 0.0 ], [ 107.2657131, -6.9270458, 0.0 ], [ 107.265638, -6.927474, 0.0 ], [ 107.2655915, -6.927587, 0.0 ], [ 107.2655473, -6.9278413, 0.0 ], [ 107.2655457, -6.9278505, 0.0 ], [ 107.2655081, -6.9279001, 0.0 ], [ 107.2654241, -6.9280109, 0.0 ], [ 107.265246, -6.9281434, 0.0 ], [ 107.2651135, -6.9283276, 0.0 ], [ 107.2650079, -6.9285319, 0.0 ], [ 107.264893, -6.9287454, 0.0 ], [ 107.2647454, -6.928899, 0.0 ], [ 107.2644124, -6.9288544, 0.0 ], [ 107.2644115, -6.9288542, 0.0 ], [ 107.2644024, -6.9288488, 0.0 ], [ 107.2640675, -6.9286475, 0.0 ], [ 107.2636632, -6.9284364, 0.0 ], [ 107.2636585, -6.9284352, 0.0 ], [ 107.2629856, -6.928259, 0.0 ], [ 107.2627999, -6.9281997, 0.0 ], [ 107.262341, -6.92811, 0.0 ], [ 107.2616663, -6.9280308, 0.0 ], [ 107.2614538, -6.9280554, 0.0 ], [ 107.2612516, -6.9280774, 0.0 ], [ 107.2610148, -6.9280441, 0.0 ], [ 107.2607497, -6.9280068, 0.0 ], [ 107.2603991, -6.9279562, 0.0 ], [ 107.2601867, -6.9279255, 0.0 ], [ 107.259899, -6.9279985, 0.0 ], [ 107.2596874, -6.9280396, 0.0 ], [ 107.2594736, -6.9280076, 0.0 ], [ 107.2594361, -6.928002, 0.0 ], [ 107.2592417, -6.9278909, 0.0 ], [ 107.2589497, -6.9277623, 0.0 ], [ 107.2583852, -6.9274605, 0.0 ], [ 107.2581196, -6.9273993, 0.0 ], [ 107.2578989, -6.9274085, 0.0 ], [ 107.2566216, -6.9275875, 0.0 ], [ 107.2562706, -6.9276518, 0.0 ], [ 107.2562702, -6.9276517, 0.0 ], [ 107.2562699, -6.9276516, 0.0 ], [ 107.2562695, -6.9276516, 0.0 ], [ 107.2561435, -6.9276353, 0.0 ], [ 107.2561361, -6.927627, 0.0 ], [ 107.2561288, -6.9276186, 0.0 ], [ 107.2560182, -6.9274732, 0.0 ], [ 107.2557194, -6.9272022, 0.0 ], [ 107.2554498, -6.9270729, 0.0 ], [ 107.2553457, -6.9270911, 0.0 ], [ 107.2552216, -6.9271127, 0.0 ], [ 107.2551488, -6.927133, 0.0 ], [ 107.2549231, -6.9272332, 0.0 ], [ 107.2546535, -6.9273158, 0.0 ], [ 107.2546117, -6.927329, 0.0 ], [ 107.2544011, -6.927406, 0.0 ], [ 107.254273, -6.927474, 0.0 ], [ 107.2542043, -6.9275437, 0.0 ], [ 107.2541297, -6.9276193, 0.0 ], [ 107.2541295, -6.9276195, 0.0 ], [ 107.2541274, -6.9276222, 0.0 ], [ 107.2541228, -6.9276279, 0.0 ], [ 107.2537657, -6.9279978, 0.0 ], [ 107.2535148, -6.9279749, 0.0 ], [ 107.2535148, -6.9279749, 0.0 ], [ 107.2535147, -6.9279749, 0.0 ], [ 107.2532146, -6.9278876, 0.0 ], [ 107.2527977, -6.9278028, 0.0 ], [ 107.2527128, -6.9278168, 0.0 ], [ 107.2524352, -6.9278626, 0.0 ], [ 107.2520341, -6.928015, 0.0 ], [ 107.2508998, -6.9285246, 0.0 ], [ 107.2506226, -6.9286741, 0.0 ], [ 107.2505498, -6.9287142, 0.0 ], [ 107.2503418, -6.9288782, 0.0 ], [ 107.2503373, -6.928884, 0.0 ], [ 107.2503328, -6.9288898, 0.0 ], [ 107.2502384, -6.92898, 0.0 ], [ 107.2501405, -6.9290735, 0.0 ], [ 107.2501105, -6.9291, 0.0 ], [ 107.2499987, -6.9291986, 0.0 ], [ 107.2498792, -6.929304, 0.0 ], [ 107.2498554, -6.9294861, 0.0 ], [ 107.2498556, -6.9295296, 0.0 ], [ 107.2498557, -6.9295599, 0.0 ], [ 107.2498558, -6.9295663, 0.0 ], [ 107.2498147, -6.9295954, 0.0 ], [ 107.249489, -6.9298291, 0.0 ], [ 107.2493399, -6.929936, 0.0 ], [ 107.2493168, -6.9299557, 0.0 ], [ 107.2493019, -6.92997, 0.0 ], [ 107.248801, -6.9304512, 0.0 ], [ 107.2487261, -6.9306479, 0.0 ], [ 107.248711, -6.9306828, 0.0 ], [ 107.2486562, -6.9308093, 0.0 ], [ 107.2486526, -6.9308175, 0.0 ], [ 107.248644, -6.9308229, 0.0 ], [ 107.2485373, -6.9308902, 0.0 ], [ 107.2484986, -6.9309146, 0.0 ], [ 107.248266, -6.9309702, 0.0 ], [ 107.2482568, -6.9309707, 0.0 ], [ 107.2482476, -6.9309712, 0.0 ], [ 107.2482173, -6.9309761, 0.0 ], [ 107.2479438, -6.9310204, 0.0 ], [ 107.2479346, -6.9310254, 0.0 ], [ 107.2479254, -6.9310303, 0.0 ], [ 107.2477494, -6.9311782, 0.0 ], [ 107.247483, -6.9315396, 0.0 ], [ 107.2472717, -6.9317693, 0.0 ], [ 107.2470776, -6.9318126, 0.0 ], [ 107.2469642, -6.9319862, 0.0 ], [ 107.2469082, -6.9320368, 0.0 ], [ 107.246705, -6.9322203, 0.0 ], [ 107.246642, -6.9322757, 0.0 ], [ 107.2464961, -6.9323531, 0.0 ], [ 107.2464538, -6.9323755, 0.0 ], [ 107.2464494, -6.9323765, 0.0 ], [ 107.2463528, -6.9324008, 0.0 ], [ 107.2461807, -6.9324439, 0.0 ], [ 107.2460578, -6.9324747, 0.0 ], [ 107.2458695, -6.9325393, 0.0 ], [ 107.2456476, -6.9325259, 0.0 ], [ 107.2456038, -6.9325232, 0.0 ], [ 107.2454857, -6.9324849, 0.0 ], [ 107.2454418, -6.9324707, 0.0 ], [ 107.2453413, -6.9324399, 0.0 ], [ 107.2453408, -6.9324397, 0.0 ], [ 107.2452622, -6.9324156, 0.0 ], [ 107.2451394, -6.9324151, 0.0 ], [ 107.2450609, -6.9324243, 0.0 ], [ 107.2450373, -6.93243, 0.0 ], [ 107.2449212, -6.9324579, 0.0 ], [ 107.244886, -6.932479, 0.0 ], [ 107.2448647, -6.9324956, 0.0 ], [ 107.2447058, -6.9326204, 0.0 ], [ 107.2446149, -6.9326917, 0.0 ], [ 107.2445947, -6.9327097, 0.0 ], [ 107.2443517, -6.9329245, 0.0 ], [ 107.2441969, -6.9330131, 0.0 ], [ 107.2440382, -6.9331287, 0.0 ], [ 107.2439546, -6.9331896, 0.0 ], [ 107.2438744, -6.9332581, 0.0 ], [ 107.2438398, -6.933284, 0.0 ], [ 107.2436623, -6.9335019, 0.0 ], [ 107.2436304, -6.9335411, 0.0 ], [ 107.2436004, -6.9335779, 0.0 ], [ 107.2435195, -6.9336292, 0.0 ], [ 107.2434653, -6.9336636, 0.0 ], [ 107.2433675, -6.9337256, 0.0 ], [ 107.2429832, -6.9338857, 0.0 ], [ 107.2426824, -6.9340109, 0.0 ], [ 107.2425535, -6.9340646, 0.0 ], [ 107.2423909, -6.9340477, 0.0 ], [ 107.2422621, -6.9340343, 0.0 ], [ 107.242262, -6.9340343, 0.0 ], [ 107.2422619, -6.9340343, 0.0 ], [ 107.2420952, -6.9340001, 0.0 ], [ 107.2418123, -6.9339655, 0.0 ], [ 107.2417456, -6.9339854, 0.0 ], [ 107.2416204, -6.9340229, 0.0 ], [ 107.2410697, -6.9343363, 0.0 ], [ 107.2410601, -6.9343418, 0.0 ], [ 107.2410505, -6.9343473, 0.0 ], [ 107.2407987, -6.9344946, 0.0 ], [ 107.240404, -6.9347255, 0.0 ], [ 107.240211, -6.9348185, 0.0 ], [ 107.2402016, -6.9348233, 0.0 ], [ 107.2401923, -6.934828, 0.0 ], [ 107.2400818, -6.9348839, 0.0 ], [ 107.2399338, -6.9349425, 0.0 ], [ 107.2399288, -6.9349436, 0.0 ], [ 107.2399237, -6.9349446, 0.0 ], [ 107.2398081, -6.9349677, 0.0 ], [ 107.2397426, -6.9349808, 0.0 ], [ 107.239619, -6.9350211, 0.0 ], [ 107.2393956, -6.9350938, 0.0 ], [ 107.2390939, -6.9352155, 0.0 ], [ 107.2388567, -6.9353112, 0.0 ], [ 107.2387631, -6.935418, 0.0 ], [ 107.2387251, -6.9354586, 0.0 ], [ 107.238577, -6.9356169, 0.0 ], [ 107.2383163, -6.9356833, 0.0 ], [ 107.2378944, -6.9357989, 0.0 ], [ 107.2375804, -6.9359568, 0.0 ], [ 107.2375348, -6.9359797, 0.0 ], [ 107.2374469, -6.9360597, 0.0 ], [ 107.2373749, -6.9361251, 0.0 ], [ 107.2371694, -6.936309, 0.0 ], [ 107.2369102, -6.9364268, 0.0 ], [ 107.2368824, -6.9364394, 0.0 ], [ 107.23679, -6.9365021, 0.0 ], [ 107.2366517, -6.9365958, 0.0 ], [ 107.2363399, -6.9368321, 0.0 ], [ 107.2360778, -6.9369227, 0.0 ], [ 107.2360533, -6.9369298, 0.0 ], [ 107.2358327, -6.9369939, 0.0 ], [ 107.2358031, -6.9370309, 0.0 ], [ 107.2355742, -6.9373171, 0.0 ], [ 107.2354262, -6.9373993, 0.0 ], [ 107.2352842, -6.9374217, 0.0 ], [ 107.2352153, -6.9374326, 0.0 ], [ 107.235073, -6.937443, 0.0 ], [ 107.2345799, -6.9374792, 0.0 ], [ 107.2341238, -6.9375621, 0.0 ], [ 107.2340749, -6.9375788, 0.0 ], [ 107.2338503, -6.9376557, 0.0 ], [ 107.2338145, -6.937668, 0.0 ], [ 107.2337929, -6.9376754, 0.0 ], [ 107.2337861, -6.93768, 0.0 ], [ 107.233786, -6.93768, 0.0 ], [ 107.2337792, -6.9376847, 0.0 ], [ 107.233655, -6.9377685, 0.0 ], [ 107.233655, -6.937771, 0.0 ], [ 107.233655, -6.9377735, 0.0 ], [ 107.2336057, -6.9378132, 0.0 ], [ 107.2334764, -6.9379643, 0.0 ], [ 107.2334408, -6.9380059, 0.0 ], [ 107.233208, -6.9382939, 0.0 ], [ 107.2332016, -6.9383018, 0.0 ], [ 107.2331453, -6.9383714, 0.0 ], [ 107.2330556, -6.9384503, 0.0 ], [ 107.2329205, -6.9385691, 0.0 ], [ 107.2327586, -6.9387115, 0.0 ], [ 107.2327457, -6.9387157, 0.0 ], [ 107.2327291, -6.9387194, 0.0 ], [ 107.2324076, -6.9387907, 0.0 ], [ 107.2315811, -6.9388475, 0.0 ], [ 107.2315721, -6.9388481, 0.0 ], [ 107.2315631, -6.9388487, 0.0 ], [ 107.231297, -6.938884, 0.0 ], [ 107.2309529, -6.9389901, 0.0 ], [ 107.2308585, -6.9390297, 0.0 ], [ 107.2307027, -6.9390951, 0.0 ], [ 107.2302394, -6.9392456, 0.0 ], [ 107.2301598, -6.9392607, 0.0 ], [ 107.2300324, -6.9393197, 0.0 ], [ 107.2298963, -6.9394145, 0.0 ], [ 107.2296569, -6.9395813, 0.0 ], [ 107.2295071, -6.9396204, 0.0 ], [ 107.2294427, -6.9396372, 0.0 ], [ 107.2293209, -6.9396807, 0.0 ], [ 107.2290422, -6.9398216, 0.0 ], [ 107.2289428, -6.9398913, 0.0 ], [ 107.2281311, -6.9403122, 0.0 ], [ 107.227254, -6.9409541, 0.0 ], [ 107.2265666, -6.9415779, 0.0 ], [ 107.2253786, -6.9423544, 0.0 ], [ 107.224409, -6.9433712, 0.0 ], [ 107.2232003, -6.9447197, 0.0 ], [ 107.2223279, -6.9457827, 0.0 ], [ 107.221116, -6.9472003, 0.0 ], [ 107.2203452, -6.9480224, 0.0 ], [ 107.2193724, -6.9491742, 0.0 ], [ 107.2193105, -6.9492475, 0.0 ], [ 107.2192469, -6.9493227, 0.0 ], [ 107.2192348, -6.949337, 0.0 ], [ 107.2191971, -6.9493528, 0.0 ], [ 107.2186477, -6.9495818, 0.0 ], [ 107.2184889, -6.949648, 0.0 ], [ 107.2180779, -6.949885, 0.0 ], [ 107.2178867, -6.9500591, 0.0 ], [ 107.2177891, -6.950148, 0.0 ], [ 107.2175783, -6.9503858, 0.0 ], [ 107.2172902, -6.950711, 0.0 ], [ 107.2172791, -6.9507219, 0.0 ], [ 107.216757, -6.951238, 0.0 ], [ 107.2164778, -6.9514542, 0.0 ], [ 107.2161461, -6.951711, 0.0 ], [ 107.2157081, -6.9520618, 0.0 ], [ 107.2156241, -6.952129, 0.0 ], [ 107.2150678, -6.952574, 0.0 ], [ 107.2146443, -6.9529944, 0.0 ], [ 107.2145459, -6.953092, 0.0 ], [ 107.2141358, -6.953483, 0.0 ], [ 107.2136121, -6.953702, 0.0 ], [ 107.2131779, -6.953695, 0.0 ], [ 107.2131676, -6.9536935, 0.0 ], [ 107.2124301, -6.9535899, 0.0 ], [ 107.2119059, -6.9537367, 0.0 ], [ 107.2118729, -6.9537459, 0.0 ], [ 107.2115659, -6.9541044, 0.0 ], [ 107.2115071, -6.954173, 0.0 ], [ 107.2110081, -6.9548169, 0.0 ], [ 107.2105881, -6.955542, 0.0 ], [ 107.2103221, -6.9559519, 0.0 ], [ 107.2102369, -6.9560833, 0.0 ], [ 107.2102118, -6.9561219, 0.0 ], [ 107.2099559, -6.956395, 0.0 ], [ 107.2097, -6.956577, 0.0 ], [ 107.2089321, -6.956851, 0.0 ], [ 107.20773, -6.9573, 0.0 ], [ 107.2073851, -6.957473, 0.0 ], [ 107.2068182, -6.95782, 0.0 ], [ 107.2062839, -6.958202, 0.0 ], [ 107.2056171, -6.958548, 0.0 ], [ 107.2051171, -6.958867, 0.0 ], [ 107.2044609, -6.959367, 0.0 ], [ 107.2043464, -6.9594342, 0.0 ], [ 107.2039939, -6.959641, 0.0 ], [ 107.2036379, -6.9598411, 0.0 ], [ 107.2031151, -6.9600419, 0.0 ], [ 107.202357, -6.9602721, 0.0 ], [ 107.2023333, -6.9602966, 0.0 ], [ 107.2019076, -6.9607361, 0.0 ], [ 107.2018911, -6.9607531, 0.0 ], [ 107.2018552, -6.9608165, 0.0 ], [ 107.2017249, -6.9610464, 0.0 ], [ 107.2016701, -6.961143, 0.0 ], [ 107.2015931, -6.961424, 0.0 ], [ 107.2015904, -6.961436, 0.0 ], [ 107.2015147, -6.961776, 0.0 ], [ 107.2014476, -6.9620773, 0.0 ], [ 107.2014301, -6.962156, 0.0 ], [ 107.2013299, -6.962437, 0.0 ], [ 107.201279, -6.9625059, 0.0 ], [ 107.2010751, -6.962782, 0.0 ], [ 107.2010589, -6.9627999, 0.0 ], [ 107.2010567, -6.9628023, 0.0 ], [ 107.200787, -6.9631, 0.0 ], [ 107.2001638, -6.9633279, 0.0 ], [ 107.1996059, -6.963349, 0.0 ], [ 107.1985792, -6.9632271, 0.0 ], [ 107.1979549, -6.963131, 0.0 ], [ 107.19733, -6.963098, 0.0 ], [ 107.1968011, -6.9629748, 0.0 ], [ 107.1965735, -6.9630189, 0.0 ], [ 107.1962127, -6.9632582, 0.0 ], [ 107.195927, -6.963674, 0.0 ], [ 107.195705, -6.963973, 0.0 ], [ 107.195597, -6.964588, 0.0 ], [ 107.1954529, -6.9650461, 0.0 ], [ 107.1951283, -6.9653698, 0.0 ], [ 107.1946208, -6.9656801, 0.0 ], [ 107.194042, -6.965969, 0.0 ], [ 107.193618, -6.966026, 0.0 ], [ 107.1926112, -6.9660467, 0.0 ], [ 107.1923582, -6.9662031, 0.0 ], [ 107.1922711, -6.9665679, 0.0 ], [ 107.1921971, -6.9673339, 0.0 ], [ 107.1920677, -6.967865, 0.0 ], [ 107.1918429, -6.9680771, 0.0 ], [ 107.1912301, -6.9681069, 0.0 ], [ 107.1905379, -6.968028, 0.0 ], [ 107.190229, -6.9681059, 0.0 ], [ 107.1900356, -6.9683927, 0.0 ], [ 107.1899579, -6.9687782, 0.0 ], [ 107.1900421, -6.969215, 0.0 ], [ 107.190391, -6.9698279, 0.0 ], [ 107.1907638, -6.9702831, 0.0 ], [ 107.1908192, -6.9703507, 0.0 ], [ 107.1907869, -6.9706488, 0.0 ], [ 107.1907448, -6.9706887, 0.0 ], [ 107.1905964, -6.9708296, 0.0 ], [ 107.1904741, -6.97093, 0.0 ], [ 107.1904749, -6.971301, 0.0 ], [ 107.1907412, -6.9717228, 0.0 ], [ 107.190804, -6.9719081, 0.0 ], [ 107.190816, -6.9720767, 0.0 ], [ 107.1906986, -6.9722515, 0.0 ], [ 107.1899307, -6.9727028, 0.0 ], [ 107.1898351, -6.972759, 0.0 ], [ 107.1896462, -6.9729137, 0.0 ], [ 107.1894128, -6.9731049, 0.0 ], [ 107.1888228, -6.9732064, 0.0 ], [ 107.188767, -6.973216, 0.0 ], [ 107.1882871, -6.973101, 0.0 ], [ 107.187538, -6.9727339, 0.0 ], [ 107.1873301, -6.9726575, 0.0 ], [ 107.1872471, -6.972627, 0.0 ], [ 107.186913, -6.9726099, 0.0 ], [ 107.1866765, -6.9726999, 0.0 ], [ 107.1865427, -6.9728066, 0.0 ], [ 107.1863821, -6.9731426, 0.0 ], [ 107.1863039, -6.973571, 0.0 ], [ 107.1862982, -6.974719, 0.0 ], [ 107.1862448, -6.975425, 0.0 ], [ 107.1862262, -6.975949, 0.0 ], [ 107.18613, -6.976917, 0.0 ], [ 107.1861159, -6.9770191, 0.0 ], [ 107.1860844, -6.9772481, 0.0 ], [ 107.1860541, -6.977468, 0.0 ], [ 107.1860469, -6.978183, 0.0 ], [ 107.1861651, -6.9791433, 0.0 ], [ 107.186197, -6.979402, 0.0 ], [ 107.1861971, -6.9794191, 0.0 ], [ 107.1861992, -6.979764, 0.0 ], [ 107.1861902, -6.9800098, 0.0 ], [ 107.1860305, -6.9802371, 0.0 ], [ 107.1860205, -6.9802513, 0.0 ], [ 107.1859977, -6.9802654, 0.0 ], [ 107.1859144, -6.980317, 0.0 ], [ 107.1855008, -6.9805731, 0.0 ], [ 107.1851822, -6.9810382, 0.0 ], [ 107.1851789, -6.981043, 0.0 ], [ 107.1849488, -6.982084, 0.0 ], [ 107.1849396, -6.9821536, 0.0 ], [ 107.1848631, -6.982735, 0.0 ], [ 107.184865, -6.983097, 0.0 ], [ 107.1849375, -6.9835461, 0.0 ], [ 107.1851071, -6.9839772, 0.0 ], [ 107.1851578, -6.984106, 0.0 ], [ 107.1852506, -6.9844143, 0.0 ], [ 107.1852508, -6.9844413, 0.0 ], [ 107.1852517, -6.9845657, 0.0 ], [ 107.1850641, -6.9851019, 0.0 ], [ 107.1851922, -6.985638, 0.0 ], [ 107.1852002, -6.985671, 0.0 ], [ 107.1852285, -6.9856903, 0.0 ], [ 107.1852804, -6.9857256, 0.0 ], [ 107.185491, -6.985869, 0.0 ], [ 107.186333, -6.9859863, 0.0 ], [ 107.1864374, -6.9861113, 0.0 ], [ 107.1864878, -6.9861715, 0.0 ], [ 107.1864651, -6.9865324, 0.0 ], [ 107.1864259, -6.9867155, 0.0 ], [ 107.1862162, -6.9871275, 0.0 ], [ 107.1859449, -6.98762, 0.0 ], [ 107.1858471, -6.988118, 0.0 ], [ 107.18594, -6.9888408, 0.0 ], [ 107.1860172, -6.9890284, 0.0 ], [ 107.1861986, -6.9892502, 0.0 ], [ 107.1863541, -6.9893437, 0.0 ], [ 107.1865654, -6.9893427, 0.0 ], [ 107.187477, -6.9891724, 0.0 ], [ 107.1877463, -6.9891221, 0.0 ], [ 107.1880464, -6.9890231, 0.0 ], [ 107.1881801, -6.989027, 0.0 ], [ 107.188249, -6.989029, 0.0 ], [ 107.1883177, -6.9890701, 0.0 ], [ 107.1884245, -6.9891339, 0.0 ], [ 107.1885242, -6.9891935, 0.0 ], [ 107.1887091, -6.989461, 0.0 ], [ 107.1894399, -6.99075, 0.0 ], [ 107.1898302, -6.991484, 0.0 ], [ 107.1899045, -6.9917171, 0.0 ], [ 107.190033, -6.9921197, 0.0 ], [ 107.1901514, -6.992549, 0.0 ], [ 107.1901861, -6.992806, 0.0 ], [ 107.1901921, -6.9928507, 0.0 ], [ 107.1901355, -6.9930697, 0.0 ], [ 107.1900711, -6.9931415, 0.0 ], [ 107.1899971, -6.993224, 0.0 ], [ 107.1896091, -6.9935239, 0.0 ], [ 107.189456, -6.9937315, 0.0 ], [ 107.1894583, -6.9937525, 0.0 ], [ 107.1894864, -6.9940167, 0.0 ], [ 107.18968, -6.9945451, 0.0 ], [ 107.1896799, -6.9945609, 0.0 ], [ 107.1896799, -6.9945754, 0.0 ], [ 107.1896789, -6.9948799, 0.0 ], [ 107.189582, -6.995007, 0.0 ], [ 107.1895496, -6.9950227, 0.0 ], [ 107.1893946, -6.9950979, 0.0 ], [ 107.1890865, -6.9950896, 0.0 ], [ 107.1884865, -6.9950309, 0.0 ], [ 107.1877731, -6.994681, 0.0 ], [ 107.187, -6.994632, 0.0 ], [ 107.1860558, -6.994589, 0.0 ], [ 107.185986, -6.9945963, 0.0 ], [ 107.1852456, -6.9946734, 0.0 ], [ 107.1850267, -6.9947758, 0.0 ], [ 107.1847198, -6.995201, 0.0 ], [ 107.1845808, -6.9956484, 0.0 ], [ 107.1845783, -6.9957216, 0.0 ], [ 107.1845781, -6.9957265, 0.0 ], [ 107.1845679, -6.9960204, 0.0 ], [ 107.1846789, -6.996348, 0.0 ], [ 107.1847369, -6.9964724, 0.0 ], [ 107.184793, -6.996593, 0.0 ], [ 107.185073, -6.9968269, 0.0 ], [ 107.1853324, -6.9969917, 0.0 ], [ 107.1856101, -6.997168, 0.0 ], [ 107.1858128, -6.997501, 0.0 ], [ 107.1859039, -6.997862, 0.0 ], [ 107.1859442, -6.9981233, 0.0 ], [ 107.1859846, -6.9983855, 0.0 ], [ 107.1860551, -6.999317, 0.0 ], [ 107.1862919, -7.0000046, 0.0 ], [ 107.1863222, -7.0000925, 0.0 ], [ 107.1865369, -7.0008119, 0.0 ], [ 107.1865535, -7.0012405, 0.0 ], [ 107.186557, -7.0013311, 0.0 ], [ 107.1864832, -7.001665, 0.0 ], [ 107.1863561, -7.0020177, 0.0 ], [ 107.1863528, -7.002027, 0.0 ], [ 107.1862229, -7.0024979, 0.0 ], [ 107.1861491, -7.0029501, 0.0 ], [ 107.1861393, -7.0030458, 0.0 ], [ 107.1861131, -7.003303, 0.0 ], [ 107.186153, -7.003628, 0.0 ], [ 107.1863619, -7.004061, 0.0 ], [ 107.1868169, -7.004394, 0.0 ], [ 107.1870539, -7.0046315, 0.0 ], [ 107.1871582, -7.004736, 0.0 ], [ 107.1871589, -7.004739, 0.0 ], [ 107.1872349, -7.005052, 0.0 ], [ 107.1872381, -7.005712, 0.0 ], [ 107.1871616, -7.0061908, 0.0 ], [ 107.1871529, -7.0062451, 0.0 ], [ 107.1871572, -7.0062918, 0.0 ], [ 107.1871849, -7.0065895, 0.0 ], [ 107.1873939, -7.006931, 0.0 ], [ 107.188056, -7.0072721, 0.0 ], [ 107.1885471, -7.0075131, 0.0 ], [ 107.1885604, -7.0075218, 0.0 ], [ 107.1888305, -7.007698, 0.0 ], [ 107.1890021, -7.00781, 0.0 ], [ 107.189306, -7.0082061, 0.0 ], [ 107.1894391, -7.008549, 0.0 ], [ 107.1893898, -7.0086987, 0.0 ], [ 107.189293, -7.0089922, 0.0 ], [ 107.1892901, -7.009001, 0.0 ], [ 107.189266, -7.009021, 0.0 ], [ 107.188839, -7.009374, 0.0 ], [ 107.1883321, -7.0097741, 0.0 ], [ 107.1880312, -7.010074, 0.0 ], [ 107.188016, -7.0101162, 0.0 ], [ 107.1879199, -7.010382, 0.0 ], [ 107.187921, -7.0107519, 0.0 ], [ 107.1879231, -7.011114, 0.0 ], [ 107.18802, -7.0114403, 0.0 ], [ 107.188057, -7.011565, 0.0 ], [ 107.1881768, -7.0117915, 0.0 ], [ 107.188267, -7.011962, 0.0 ], [ 107.188438, -7.01235, 0.0 ], [ 107.1886798, -7.0127897, 0.0 ], [ 107.188686, -7.012801, 0.0 ], [ 107.1887047, -7.0128166, 0.0 ], [ 107.1889132, -7.01299, 0.0 ], [ 107.1895169, -7.013213, 0.0 ], [ 107.1895857, -7.013207, 0.0 ], [ 107.1899511, -7.013175, 0.0 ], [ 107.1901432, -7.0131563, 0.0 ], [ 107.1903049, -7.0131406, 0.0 ], [ 107.1906316, -7.0131051, 0.0 ], [ 107.1910054, -7.0132543, 0.0 ], [ 107.1911309, -7.0134378, 0.0 ], [ 107.1911445, -7.0134577, 0.0 ], [ 107.1911456, -7.0134593, 0.0 ], [ 107.1912259, -7.0135767, 0.0 ], [ 107.191267, -7.0138621, 0.0 ], [ 107.1912752, -7.013919, 0.0 ], [ 107.1912834, -7.0141216, 0.0 ], [ 107.1912961, -7.0144341, 0.0 ], [ 107.191321, -7.0147165, 0.0 ], [ 107.191336, -7.014886, 0.0 ], [ 107.1912512, -7.0153036, 0.0 ], [ 107.1912442, -7.015338, 0.0 ], [ 107.1911329, -7.015754, 0.0 ], [ 107.1912334, -7.0160734, 0.0 ], [ 107.1914191, -7.016503, 0.0 ], [ 107.191836, -7.0168359, 0.0 ], [ 107.1922151, -7.017141, 0.0 ], [ 107.1924239, -7.0174209, 0.0 ], [ 107.1925761, -7.0178181, 0.0 ], [ 107.1927101, -7.0181511, 0.0 ], [ 107.1930701, -7.0184751, 0.0 ], [ 107.1933826, -7.0186123, 0.0 ], [ 107.1935705, -7.0185793, 0.0 ], [ 107.1936139, -7.0185717, 0.0 ], [ 107.1939513, -7.0184424, 0.0 ], [ 107.1940246, -7.018433, 0.0 ], [ 107.194106, -7.0183729, 0.0 ], [ 107.1941062, -7.0183728, 0.0 ], [ 107.194106, -7.0183728, 0.0 ], [ 107.19411, -7.01837, 0.0 ], [ 107.19445, -7.01812, 0.0 ], [ 107.19475, -7.01793, 0.0 ], [ 107.19508, -7.01777, 0.0 ], [ 107.19543, -7.01768, 0.0 ], [ 107.19564, -7.01761, 0.0 ], [ 107.19582, -7.01752, 0.0 ], [ 107.19601, -7.01741, 0.0 ], [ 107.19626, -7.01728, 0.0 ], [ 107.19639, -7.01712, 0.0 ], [ 107.19648, -7.01689, 0.0 ], [ 107.19655, -7.01656, 0.0 ], [ 107.19666, -7.01602, 0.0 ], [ 107.19677, -7.01553, 0.0 ], [ 107.19688, -7.015, 0.0 ], [ 107.19701, -7.01452, 0.0 ], [ 107.1971, -7.01407, 0.0 ], [ 107.19718, -7.01359, 0.0 ], [ 107.19723, -7.01326, 0.0 ], [ 107.19726, -7.01307, 0.0 ], [ 107.19724, -7.0128, 0.0 ], [ 107.19718, -7.01238, 0.0 ], [ 107.19711, -7.01215, 0.0 ], [ 107.19711, -7.01196, 0.0 ], [ 107.1972, -7.01177, 0.0 ], [ 107.19734, -7.01136, 0.0 ], [ 107.1975, -7.01093, 0.0 ], [ 107.19762, -7.01052, 0.0 ], [ 107.19776, -7.01011, 0.0 ], [ 107.19785, -7.0098, 0.0 ], [ 107.19791, -7.00953, 0.0 ], [ 107.19794, -7.00909, 0.0 ], [ 107.19803, -7.00852, 0.0 ], [ 107.1980722, -7.0083194, 0.0 ], [ 107.19811, -7.00814, 0.0 ], [ 107.19826, -7.00803, 0.0 ], [ 107.19843, -7.00795, 0.0 ], [ 107.1984478, -7.00795, 0.0 ], [ 107.19869, -7.00795, 0.0 ], [ 107.19891, -7.00804, 0.0 ], [ 107.1992, -7.0082, 0.0 ], [ 107.19954, -7.00846, 0.0 ], [ 107.19969, -7.00885, 0.0 ], [ 107.19985, -7.00915, 0.0 ], [ 107.2, -7.00945, 0.0 ], [ 107.2002, -7.0096, 0.0 ], [ 107.20037, -7.0096, 0.0 ], [ 107.20058, -7.00954, 0.0 ], [ 107.20075, -7.00949, 0.0 ], [ 107.20097, -7.00945, 0.0 ], [ 107.20115, -7.00946, 0.0 ], [ 107.20144, -7.00955, 0.0 ], [ 107.20189, -7.00964, 0.0 ], [ 107.20227, -7.00964, 0.0 ], [ 107.20258, -7.00956, 0.0 ], [ 107.20306, -7.00943, 0.0 ], [ 107.20343, -7.00932, 0.0 ], [ 107.20366, -7.00925, 0.0 ], [ 107.20389, -7.00921, 0.0 ], [ 107.20421, -7.00918, 0.0 ], [ 107.20446, -7.00916, 0.0 ], [ 107.20469, -7.00905, 0.0 ], [ 107.20498, -7.0089, 0.0 ], [ 107.20532, -7.00881, 0.0 ], [ 107.2055808, -7.00881, 0.0 ], [ 107.20562, -7.00881, 0.0 ], [ 107.20591, -7.0089, 0.0 ], [ 107.206, -7.00902, 0.0 ], [ 107.20608, -7.00917, 0.0 ], [ 107.20608, -7.00936, 0.0 ], [ 107.20607, -7.00958, 0.0 ], [ 107.20602, -7.00978, 0.0 ], [ 107.20599, -7.01003, 0.0 ], [ 107.20594, -7.01033, 0.0 ], [ 107.20588, -7.01059, 0.0 ], [ 107.20581, -7.01082, 0.0 ], [ 107.20575, -7.01115, 0.0 ], [ 107.20569, -7.0114, 0.0 ], [ 107.20569, -7.01168, 0.0 ], [ 107.20575, -7.01195, 0.0 ], [ 107.20583, -7.01215, 0.0 ], [ 107.20592, -7.01239, 0.0 ], [ 107.20592, -7.01257, 0.0 ], [ 107.20588, -7.01277, 0.0 ], [ 107.20586, -7.01295, 0.0 ], [ 107.20585, -7.01311, 0.0 ], [ 107.20586, -7.01324, 0.0 ], [ 107.20591, -7.01336, 0.0 ], [ 107.20599, -7.01342, 0.0 ], [ 107.20615, -7.01349, 0.0 ], [ 107.20635, -7.01351, 0.0 ], [ 107.20683, -7.01348, 0.0 ], [ 107.20729, -7.01343, 0.0 ], [ 107.20766, -7.01344, 0.0 ], [ 107.20808, -7.01348, 0.0 ], [ 107.20839, -7.01361, 0.0 ], [ 107.20854, -7.01379, 0.0 ], [ 107.20869, -7.0142, 0.0 ], [ 107.20873, -7.01448, 0.0 ], [ 107.20873, -7.01512, 0.0 ], [ 107.20875, -7.01563, 0.0 ], [ 107.20878, -7.01608, 0.0 ], [ 107.20879, -7.0164, 0.0 ], [ 107.20871, -7.0166, 0.0 ], [ 107.20859, -7.01669, 0.0 ], [ 107.2084, -7.01674, 0.0 ], [ 107.20802, -7.01675, 0.0 ], [ 107.20769, -7.01676, 0.0 ], [ 107.20744, -7.01676, 0.0 ], [ 107.20727, -7.01679, 0.0 ], [ 107.2071, -7.01687, 0.0 ], [ 107.20702, -7.01698, 0.0 ], [ 107.20702, -7.01715, 0.0 ], [ 107.20703, -7.01744, 0.0 ], [ 107.20706, -7.0178, 0.0 ], [ 107.20714, -7.01813, 0.0 ], [ 107.20726, -7.01827, 0.0 ], [ 107.20752, -7.01838, 0.0 ], [ 107.20777, -7.01839, 0.0 ], [ 107.20808, -7.01839, 0.0 ], [ 107.20839, -7.01837, 0.0 ], [ 107.20864, -7.01841, 0.0 ], [ 107.20871, -7.01845, 0.0 ], [ 107.20875, -7.01856, 0.0 ], [ 107.20875, -7.0187, 0.0 ], [ 107.20876, -7.01891, 0.0 ], [ 107.20879, -7.01911, 0.0 ], [ 107.20886, -7.01927, 0.0 ], [ 107.20891, -7.01947, 0.0 ], [ 107.20893, -7.0196, 0.0 ], [ 107.20886, -7.01975, 0.0 ], [ 107.20862, -7.02001, 0.0 ], [ 107.20843, -7.02025, 0.0 ], [ 107.20832, -7.02049, 0.0 ], [ 107.20834, -7.02074, 0.0 ], [ 107.20839, -7.02095, 0.0 ], [ 107.20868, -7.0211, 0.0 ], [ 107.20925, -7.02128, 0.0 ], [ 107.20962, -7.0214, 0.0 ], [ 107.20998, -7.02155, 0.0 ], [ 107.2103, -7.0216, 0.0 ], [ 107.2107, -7.02166, 0.0 ], [ 107.21115, -7.02165, 0.0 ], [ 107.21156, -7.0216, 0.0 ], [ 107.21214, -7.02142, 0.0 ], [ 107.21259, -7.02121, 0.0 ], [ 107.2128, -7.02076, 0.0 ], [ 107.21297, -7.02003, 0.0 ], [ 107.21303, -7.01937, 0.0 ], [ 107.21315, -7.01902, 0.0 ], [ 107.21332, -7.01873, 0.0 ], [ 107.21361, -7.01847, 0.0 ], [ 107.21376, -7.01816, 0.0 ], [ 107.21382, -7.01766, 0.0 ], [ 107.21377, -7.01721, 0.0 ], [ 107.21395, -7.01685, 0.0 ], [ 107.21428, -7.01652, 0.0 ], [ 107.21466, -7.01628, 0.0 ], [ 107.21502, -7.01621, 0.0 ], [ 107.2151266, -7.0162247, 0.0 ], [ 107.21531, -7.01625, 0.0 ], [ 107.21549, -7.01639, 0.0 ], [ 107.21578, -7.01672, 0.0 ], [ 107.21594, -7.0171, 0.0 ], [ 107.21611, -7.01752, 0.0 ], [ 107.21631, -7.01792, 0.0 ], [ 107.21643, -7.01828, 0.0 ], [ 107.21662, -7.01862, 0.0 ], [ 107.21687, -7.01887, 0.0 ], [ 107.21731, -7.01914, 0.0 ], [ 107.21811, -7.01954, 0.0 ], [ 107.21876, -7.01988, 0.0 ], [ 107.21907, -7.0199, 0.0 ], [ 107.2194, -7.01985, 0.0 ], [ 107.2197, -7.01992, 0.0 ], [ 107.22, -7.02013, 0.0 ], [ 107.22029, -7.02037, 0.0 ], [ 107.2205, -7.02048, 0.0 ], [ 107.22078, -7.02052, 0.0 ], [ 107.2211, -7.0205, 0.0 ], [ 107.22157, -7.02041, 0.0 ], [ 107.22217, -7.02032, 0.0 ], [ 107.22274, -7.02021, 0.0 ], [ 107.22315, -7.02006, 0.0 ], [ 107.22325, -7.01985, 0.0 ], [ 107.22327, -7.01951, 0.0 ], [ 107.22316, -7.01937, 0.0 ], [ 107.22297, -7.01934, 0.0 ], [ 107.22277, -7.01939, 0.0 ], [ 107.22262, -7.01946, 0.0 ], [ 107.22246, -7.01955, 0.0 ], [ 107.22231, -7.01948, 0.0 ], [ 107.22191, -7.01914, 0.0 ], [ 107.22142, -7.01883, 0.0 ], [ 107.22117, -7.01871, 0.0 ], [ 107.22093, -7.01867, 0.0 ], [ 107.2207, -7.01872, 0.0 ], [ 107.2206, -7.0188, 0.0 ], [ 107.22037, -7.01898, 0.0 ], [ 107.2202, -7.01906, 0.0 ], [ 107.21999, -7.01903, 0.0 ], [ 107.21978, -7.01889, 0.0 ], [ 107.2196, -7.01861, 0.0 ], [ 107.21944, -7.01841, 0.0 ], [ 107.21924, -7.01836, 0.0 ], [ 107.21905, -7.01837, 0.0 ], [ 107.21881, -7.01846, 0.0 ], [ 107.21853, -7.01856, 0.0 ], [ 107.21829, -7.01854, 0.0 ], [ 107.21808, -7.01846, 0.0 ], [ 107.21789, -7.01837, 0.0 ], [ 107.21781, -7.0182, 0.0 ], [ 107.2178, -7.018, 0.0 ], [ 107.21808, -7.01769, 0.0 ], [ 107.21842, -7.01744, 0.0 ], [ 107.21876, -7.01736, 0.0 ], [ 107.2194, -7.01727, 0.0 ], [ 107.21998, -7.01722, 0.0 ], [ 107.22075, -7.01722, 0.0 ], [ 107.22102, -7.01716, 0.0 ], [ 107.2212, -7.0171, 0.0 ], [ 107.22144, -7.01686, 0.0 ], [ 107.22178, -7.01638, 0.0 ], [ 107.22208, -7.01595, 0.0 ], [ 107.22236, -7.01555, 0.0 ], [ 107.22244, -7.01528, 0.0 ], [ 107.22245, -7.0151, 0.0 ], [ 107.2224, -7.0149, 0.0 ], [ 107.22225, -7.01472, 0.0 ], [ 107.22204, -7.0146, 0.0 ], [ 107.22182, -7.01459, 0.0 ], [ 107.22163, -7.01467, 0.0 ], [ 107.22149, -7.01477, 0.0 ], [ 107.22134, -7.01502, 0.0 ], [ 107.22119, -7.01519, 0.0 ], [ 107.22105, -7.01528, 0.0 ], [ 107.22081, -7.01527, 0.0 ], [ 107.22057, -7.01509, 0.0 ], [ 107.22034, -7.01488, 0.0 ], [ 107.22023, -7.01466, 0.0 ], [ 107.22022, -7.01445, 0.0 ], [ 107.22022, -7.01425, 0.0 ], [ 107.22027, -7.01406, 0.0 ], [ 107.22046, -7.01391, 0.0 ], [ 107.22095, -7.0137, 0.0 ], [ 107.22157, -7.01346, 0.0 ], [ 107.22223, -7.01317, 0.0 ], [ 107.22302, -7.0129, 0.0 ], [ 107.22346, -7.01274, 0.0 ], [ 107.22378, -7.0125, 0.0 ], [ 107.22392, -7.01215, 0.0 ], [ 107.224, -7.01166, 0.0 ], [ 107.22406, -7.01114, 0.0 ], [ 107.224098, -7.0106839, 0.0 ], [ 107.2241, -7.01066, 0.0 ], [ 107.22412, -7.01035, 0.0 ], [ 107.22424, -7.01017, 0.0 ], [ 107.22439, -7.01004, 0.0 ], [ 107.22468, -7.01, 0.0 ], [ 107.22497, -7.01002, 0.0 ], [ 107.2249725, -7.0100218, 0.0 ], [ 107.22524, -7.01021, 0.0 ], [ 107.22549, -7.01051, 0.0 ], [ 107.22566, -7.01076, 0.0 ], [ 107.22578, -7.01088, 0.0 ], [ 107.22594, -7.01091, 0.0 ], [ 107.22607, -7.0108, 0.0 ], [ 107.2261248, -7.0106905, 0.0 ], [ 107.22626, -7.01042, 0.0 ], [ 107.22645, -7.00986, 0.0 ], [ 107.2266, -7.00937, 0.0 ], [ 107.22677, -7.00929, 0.0 ], [ 107.22727, -7.00927, 0.0 ], [ 107.22771, -7.00924, 0.0 ], [ 107.22808, -7.00924, 0.0 ], [ 107.22839, -7.00928, 0.0 ], [ 107.22874, -7.0094, 0.0 ], [ 107.22906, -7.00969, 0.0 ], [ 107.2294, -7.01011, 0.0 ], [ 107.22965, -7.01037, 0.0 ], [ 107.22992, -7.01068, 0.0 ], [ 107.23017, -7.01087, 0.0 ], [ 107.2304, -7.01093, 0.0 ], [ 107.23058, -7.01088, 0.0 ], [ 107.23063, -7.01059, 0.0 ], [ 107.23062, -7.00998, 0.0 ], [ 107.23061, -7.00946, 0.0 ], [ 107.23069, -7.00885, 0.0 ], [ 107.23082, -7.00861, 0.0 ], [ 107.23099, -7.00849, 0.0 ], [ 107.23119, -7.00845, 0.0 ], [ 107.23142, -7.00849, 0.0 ], [ 107.23164, -7.00859, 0.0 ], [ 107.2318, -7.00876, 0.0 ], [ 107.23192, -7.00907, 0.0 ], [ 107.23186, -7.00944, 0.0 ], [ 107.23169, -7.0097, 0.0 ], [ 107.23149, -7.01013, 0.0 ], [ 107.23143, -7.01051, 0.0 ], [ 107.23142, -7.01087, 0.0 ], [ 107.23144, -7.01105, 0.0 ], [ 107.23148, -7.01114, 0.0 ], [ 107.23158, -7.01124, 0.0 ], [ 107.23172, -7.01125, 0.0 ], [ 107.23207, -7.01119, 0.0 ], [ 107.23229, -7.01117, 0.0 ], [ 107.23244, -7.0114, 0.0 ], [ 107.23263, -7.0118, 0.0 ], [ 107.23277, -7.01208, 0.0 ], [ 107.23288, -7.01228, 0.0 ], [ 107.23304, -7.01241, 0.0 ], [ 107.23317, -7.01239, 0.0 ], [ 107.23342, -7.01231, 0.0 ], [ 107.23365, -7.01222, 0.0 ], [ 107.23387, -7.01217, 0.0 ], [ 107.23407, -7.01215, 0.0 ], [ 107.23436, -7.01219, 0.0 ], [ 107.23476, -7.01225, 0.0 ], [ 107.23496, -7.01225, 0.0 ], [ 107.2350028, -7.0122407, 0.0 ], [ 107.23519, -7.0122, 0.0 ], [ 107.2354, -7.01196, 0.0 ], [ 107.23557, -7.01164, 0.0 ], [ 107.23578, -7.01128, 0.0 ], [ 107.23605, -7.011, 0.0 ], [ 107.23639, -7.01079, 0.0 ], [ 107.23673, -7.0107, 0.0 ], [ 107.23702, -7.01059, 0.0 ], [ 107.2370573, -7.0105829, 0.0 ], [ 107.23723, -7.01055, 0.0 ], [ 107.23746, -7.01063, 0.0 ], [ 107.23772, -7.01089, 0.0 ], [ 107.23806, -7.0111, 0.0 ], [ 107.2384, -7.01124, 0.0 ], [ 107.23863, -7.01134, 0.0 ], [ 107.23875, -7.01147, 0.0 ], [ 107.23881, -7.01165, 0.0 ], [ 107.23874, -7.01198, 0.0 ], [ 107.23861, -7.01221, 0.0 ], [ 107.23861, -7.0125, 0.0 ], [ 107.23873, -7.01271, 0.0 ], [ 107.2388851, -7.0128353, 0.0 ], [ 107.23899, -7.01292, 0.0 ], [ 107.23954, -7.01324, 0.0 ], [ 107.23988, -7.01341, 0.0 ], [ 107.24026, -7.01371, 0.0 ], [ 107.24035, -7.01399, 0.0 ], [ 107.24047, -7.01438, 0.0 ], [ 107.24062, -7.01474, 0.0 ], [ 107.24078, -7.01506, 0.0 ], [ 107.2409, -7.01524, 0.0 ], [ 107.24103, -7.01536, 0.0 ], [ 107.24119, -7.0154, 0.0 ], [ 107.24135, -7.01538, 0.0 ], [ 107.24163, -7.01529, 0.0 ], [ 107.24196, -7.01519, 0.0 ], [ 107.2419945, -7.0151681, 0.0 ], [ 107.24237, -7.01493, 0.0 ], [ 107.24263, -7.01474, 0.0 ], [ 107.24283, -7.01461, 0.0 ], [ 107.24288, -7.01438, 0.0 ], [ 107.24291, -7.01397, 0.0 ], [ 107.24299, -7.01359, 0.0 ], [ 107.24305, -7.01338, 0.0 ], [ 107.24317, -7.01334, 0.0 ], [ 107.24329, -7.01338, 0.0 ], [ 107.24342, -7.0135, 0.0 ], [ 107.24353, -7.01372, 0.0 ], [ 107.24359, -7.01402, 0.0 ], [ 107.24369, -7.01424, 0.0 ], [ 107.2439, -7.01453, 0.0 ], [ 107.24414, -7.01474, 0.0 ], [ 107.24451, -7.0148802, 0.0 ], [ 107.24469, -7.01485, 0.0 ], [ 107.24486, -7.01469, 0.0 ], [ 107.24502, -7.01437, 0.0 ], [ 107.24511, -7.01394, 0.0 ], [ 107.24524, -7.01349, 0.0 ], [ 107.24533, -7.01314, 0.0 ], [ 107.24551, -7.01285, 0.0 ], [ 107.24563, -7.01269, 0.0 ], [ 107.24579, -7.01264, 0.0 ], [ 107.24603, -7.01269, 0.0 ], [ 107.24641, -7.01286, 0.0 ], [ 107.24679, -7.01299, 0.0 ], [ 107.24717, -7.01313, 0.0 ], [ 107.2476, -7.0132898, 0.0 ], [ 107.2476001, -7.0132898, 0.0 ], [ 107.2481689, -7.0136341, 0.0 ], [ 107.2485012, -7.0138444, 0.0 ], [ 107.2490155, -7.0142259, 0.0 ], [ 107.2492326, -7.0143793, 0.0 ], [ 107.2493874, -7.0144051, 0.0 ], [ 107.2495197, -7.0143559, 0.0 ], [ 107.2498707, -7.0138643, 0.0 ], [ 107.2501513, -7.013426, 0.0 ], [ 107.2502651, -7.0132092, 0.0 ], [ 107.2504793, -7.0127271, 0.0 ], [ 107.2506149, -7.012444, 0.0 ], [ 107.250738, -7.0123242, 0.0 ], [ 107.2508481, -7.0122663, 0.0 ], [ 107.2509673, -7.0122481, 0.0 ], [ 107.2510912, -7.0122916, 0.0 ], [ 107.2512868, -7.0124268, 0.0 ], [ 107.2513442, -7.0125332, 0.0 ], [ 107.2513536, -7.0126479, 0.0 ], [ 107.2512924, -7.0127894, 0.0 ], [ 107.2511431, -7.0129711, 0.0 ], [ 107.2507216, -7.0135071, 0.0 ], [ 107.2506077, -7.0137151, 0.0 ], [ 107.2505863, -7.0138476, 0.0 ], [ 107.2506131, -7.0139137, 0.0 ], [ 107.2507326, -7.0139705, 0.0 ], [ 107.2511087, -7.0140879, 0.0 ], [ 107.2513564, -7.0141617, 0.0 ], [ 107.2518039, -7.0144376, 0.0 ], [ 107.2521229, -7.0146259, 0.0 ], [ 107.2523265, -7.0147043, 0.0 ], [ 107.2525559, -7.0146459, 0.0 ], [ 107.2526482, -7.0145395, 0.0 ], [ 107.25271, -7.01425, 0.0 ], [ 107.2526, -7.01378, 0.0 ], [ 107.25259, -7.01335, 0.0 ], [ 107.252597, -7.0130907, 0.0 ], [ 107.2526225, -7.0119533, 0.0 ], [ 107.2526265, -7.0110063, 0.0 ], [ 107.25261, -7.01057, 0.0 ], [ 107.25262, -7.0103, 0.0 ], [ 107.25266, -7.01015, 0.0 ], [ 107.25272, -7.00999, 0.0 ], [ 107.25289, -7.00974, 0.0 ], [ 107.2531293, -7.0095191, 0.0 ], [ 107.2530603, -7.0095338, 0.0 ], [ 107.2534861, -7.0093085, 0.0 ], [ 107.2541743, -7.0090572, 0.0 ], [ 107.2546491, -7.0088827, 0.0 ], [ 107.2546693, -7.0087724, 0.0 ], [ 107.2546342, -7.0086417, 0.0 ], [ 107.2544887, -7.0084909, 0.0 ], [ 107.2541498, -7.0082652, 0.0 ], [ 107.2537839, -7.0081636, 0.0 ], [ 107.2534943, -7.0081512, 0.0 ], [ 107.2532325, -7.0081938, 0.0 ], [ 107.2528402, -7.0083335, 0.0 ], [ 107.252585, -7.008314, 0.0 ], [ 107.2524535, -7.0082045, 0.0 ], [ 107.2521939, -7.0072385, 0.0 ], [ 107.25221, -7.00711, 0.0 ], [ 107.25228, -7.00693, 0.0 ], [ 107.25239, -7.0068, 0.0 ], [ 107.25258, -7.00676, 0.0 ], [ 107.2526753, -7.0067671, 0.0 ], [ 107.25285, -7.00678, 0.0 ], [ 107.2531, -7.00699, 0.0 ], [ 107.2531123, -7.0070039, 0.0 ], [ 107.2532685, -7.0071807, 0.0 ], [ 107.2534354, -7.00738, 0.0 ], [ 107.2536083, -7.0074963, 0.0 ], [ 107.2537464, -7.0075232, 0.0 ], [ 107.2537874, -7.0074541, 0.0 ], [ 107.2537868, -7.007337, 0.0 ], [ 107.2537029, -7.0070963, 0.0 ], [ 107.2536539, -7.0069313, 0.0 ], [ 107.2536257, -7.0068143, 0.0 ], [ 107.2536323, -7.0067454, 0.0 ], [ 107.2536941, -7.0066969, 0.0 ], [ 107.2538554, -7.0066376, 0.0 ], [ 107.25398, -7.00665, 0.0 ], [ 107.25433, -7.00662, 0.0 ], [ 107.2544198, -7.0066055, 0.0 ], [ 107.25464, -7.00657, 0.0 ], [ 107.25482, -7.00648, 0.0 ], [ 107.25499, -7.00625, 0.0 ], [ 107.25519, -7.00597, 0.0 ], [ 107.25532, -7.00578, 0.0 ], [ 107.25572, -7.00537, 0.0 ], [ 107.25593, -7.00516, 0.0 ], [ 107.25619, -7.00491, 0.0 ], [ 107.25631, -7.00477, 0.0 ], [ 107.25646, -7.00468, 0.0 ], [ 107.25669, -7.004616, 0.0 ], [ 107.2568763, -7.0046565, 0.0 ], [ 107.2570353, -7.0047384, 0.0 ], [ 107.2572575, -7.0050748, 0.0 ], [ 107.2577651, -7.0059678, 0.0 ], [ 107.2582653, -7.0067645, 0.0 ], [ 107.2587235, -7.0074098, 0.0 ], [ 107.258849, -7.0077053, 0.0 ], [ 107.2590436, -7.0080282, 0.0 ], [ 107.2591265, -7.0080691, 0.0 ], [ 107.2592781, -7.0080615, 0.0 ], [ 107.2594018, -7.0079782, 0.0 ], [ 107.2596835, -7.0077702, 0.0 ], [ 107.2598409, -7.0075353, 0.0 ], [ 107.2598675, -7.0073285, 0.0 ], [ 107.259893, -7.0069013, 0.0 ], [ 107.2598921, -7.0067153, 0.0 ], [ 107.2599332, -7.0066531, 0.0 ], [ 107.2601336, -7.0065381, 0.0 ], [ 107.2603599, -7.0065064, 0.0 ], [ 107.2607, -7.00657, 0.0 ], [ 107.2608791, -7.0065885, 0.0 ], [ 107.26099, -7.0066, 0.0 ], [ 107.26121, -7.00664, 0.0 ], [ 107.2615, -7.00665, 0.0 ], [ 107.2618982, -7.006583, 0.0 ], [ 107.2620623, -7.0065854, 0.0 ], [ 107.2623512, -7.0065776, 0.0 ], [ 107.26258, -7.00664, 0.0 ], [ 107.26269, -7.00678, 0.0 ], [ 107.2627267, -7.0068681, 0.0 ], [ 107.2627554, -7.0070062, 0.0 ], [ 107.2627274, -7.0071641, 0.0 ], [ 107.2626377, -7.0074181, 0.0 ], [ 107.2625669, -7.0076241, 0.0 ], [ 107.2625723, -7.0077628, 0.0 ], [ 107.2626877, -7.0078627, 0.0 ], [ 107.2630044, -7.0080094, 0.0 ], [ 107.2634124, -7.0082291, 0.0 ], [ 107.26348, -7.00826, 0.0 ], [ 107.263639, -7.0084373, 0.0 ], [ 107.2639273, -7.0087799, 0.0 ], [ 107.2641293, -7.008975, 0.0 ], [ 107.2642493, -7.0090318, 0.0 ], [ 107.2643738, -7.0090456, 0.0 ], [ 107.2644549, -7.008983, 0.0 ], [ 107.2644781, -7.008825, 0.0 ], [ 107.2645049, -7.0076553, 0.0 ], [ 107.26455, -7.00746, 0.0 ], [ 107.26465, -7.00725, 0.0 ], [ 107.2646569, -7.0072392, 0.0 ], [ 107.26474, -7.00711, 0.0 ], [ 107.26491, -7.00693, 0.0 ], [ 107.26508, -7.00682, 0.0 ], [ 107.26528, -7.00672, 0.0 ], [ 107.26547, -7.00669, 0.0 ], [ 107.26574, -7.00671, 0.0 ], [ 107.2661, -7.00682, 0.0 ], [ 107.26666, -7.00711, 0.0 ], [ 107.26694, -7.00725, 0.0 ], [ 107.2670183, -7.0072741, 0.0 ], [ 107.2672, -7.00733, 0.0 ], [ 107.2675, -7.00735, 0.0 ], [ 107.2679315, -7.007206, 0.0 ], [ 107.2682753, -7.007013, 0.0 ], [ 107.2684181, -7.0068401, 0.0 ], [ 107.2684268, -7.0066679, 0.0 ], [ 107.2683157, -7.0064676, 0.0 ], [ 107.2680548, -7.0059761, 0.0 ], [ 107.2679533, -7.0057614, 0.0 ], [ 107.2679337, -7.0056658, 0.0 ], [ 107.2679334, -7.0056132, 0.0 ], [ 107.26799, -7.00553, 0.0 ], [ 107.26812, -7.00547, 0.0 ], [ 107.26844, -7.00545, 0.0 ], [ 107.2684538, -7.0054473, 0.0 ], [ 107.2687314, -7.0053932, 0.0 ], [ 107.26885, -7.00537, 0.0 ], [ 107.26917, -7.00533, 0.0 ], [ 107.26962, -7.00529, 0.0 ], [ 107.26987, -7.00531, 0.0 ], [ 107.2701998, -7.00537, 0.0 ], [ 107.2702, -7.00537, 0.0 ], [ 107.2706, -7.00546, 0.0 ], [ 107.27082, -7.00549, 0.0 ], [ 107.27098, -7.00546, 0.0 ], [ 107.27126, -7.00538, 0.0 ], [ 107.2717515, -7.0051547, 0.0 ], [ 107.2722628, -7.0049561, 0.0 ], [ 107.2725641, -7.0048973, 0.0 ], [ 107.2728179, -7.0049152, 0.0 ], [ 107.2730337, -7.0049811, 0.0 ], [ 107.2732258, -7.0051093, 0.0 ], [ 107.2733224, -7.0052954, 0.0 ], [ 107.2735214, -7.0058493, 0.0 ], [ 107.2737094, -7.0061258, 0.0 ], [ 107.2739164, -7.0063496, 0.0 ], [ 107.2742188, -7.0065108, 0.0 ], [ 107.2747412, -7.0066422, 0.0 ], [ 107.2749426, -7.0067034, 0.0 ], [ 107.2749763, -7.006751, 0.0 ], [ 107.2749482, -7.0068708, 0.0 ], [ 107.2749151, -7.0069666, 0.0 ], [ 107.274796, -7.0070772, 0.0 ], [ 107.2741267, -7.0072622, 0.0 ], [ 107.2739068, -7.0073398, 0.0 ], [ 107.2737924, -7.007436, 0.0 ], [ 107.2737592, -7.0075079, 0.0 ], [ 107.2738079, -7.0076655, 0.0 ], [ 107.2739718, -7.0079134, 0.0 ], [ 107.2742808, -7.0081787, 0.0 ], [ 107.2746488, -7.0083072, 0.0 ], [ 107.2755114, -7.0084943, 0.0 ], [ 107.276029, -7.0086018, 0.0 ], [ 107.27635, -7.00888, 0.0 ], [ 107.2763636, -7.0088996, 0.0 ], [ 107.2765523, -7.0091714, 0.0 ], [ 107.2766501, -7.0093354, 0.0 ], [ 107.2767376, -7.0096076, 0.0 ], [ 107.2768024, -7.0101382, 0.0 ], [ 107.2768568, -7.0105063, 0.0 ], [ 107.2769582, -7.0106827, 0.0 ], [ 107.2770736, -7.0107779, 0.0 ], [ 107.2771981, -7.010782, 0.0 ], [ 107.2772409, -7.0107196, 0.0 ], [ 107.2772689, -7.0105712, 0.0 ], [ 107.2773439, -7.0102504, 0.0 ], [ 107.2774152, -7.0101353, 0.0 ], [ 107.2775988, -7.0099883, 0.0 ], [ 107.27781, -7.00993, 0.0 ], [ 107.27805, -7.00988, 0.0 ], [ 107.27833, -7.00988, 0.0 ], [ 107.27854, -7.00994, 0.0 ], [ 107.27872, -7.01007, 0.0 ], [ 107.27897, -7.01036, 0.0 ], [ 107.27917, -7.01068, 0.0 ], [ 107.27939, -7.01106, 0.0 ], [ 107.27944, -7.01124, 0.0 ], [ 107.27958, -7.01169, 0.0 ], [ 107.27965, -7.01192, 0.0 ], [ 107.27974, -7.01195, 0.0 ], [ 107.2797887, -7.0119449, 0.0 ], [ 107.27993, -7.01193, 0.0 ], [ 107.28014, -7.01176, 0.0 ], [ 107.28043, -7.0115, 0.0 ], [ 107.2807, -7.01128, 0.0 ], [ 107.28086, -7.01122, 0.0 ], [ 107.28103, -7.01122, 0.0 ], [ 107.28123, -7.01122, 0.0 ], [ 107.28147, -7.01131, 0.0 ], [ 107.2818, -7.01142, 0.0 ], [ 107.28238, -7.01172, 0.0 ], [ 107.28275, -7.01187, 0.0 ], [ 107.28307, -7.01199, 0.0 ], [ 107.283088, -7.0120071, 0.0 ], [ 107.28327, -7.01218, 0.0 ], [ 107.28339, -7.01235, 0.0 ], [ 107.28345, -7.01255, 0.0 ], [ 107.28353, -7.01295, 0.0 ], [ 107.28361, -7.01328, 0.0 ], [ 107.28374, -7.01355, 0.0 ], [ 107.2839, -7.01375, 0.0 ], [ 107.2839613, -7.0138039, 0.0 ], [ 107.28415, -7.01397, 0.0 ], [ 107.28458, -7.01426, 0.0 ], [ 107.28497, -7.01454, 0.0 ], [ 107.2850085, -7.0145853, 0.0 ], [ 107.28514, -7.01474, 0.0 ], [ 107.28538, -7.01511, 0.0 ], [ 107.2856127, -7.0153616, 0.0 ], [ 107.2857567, -7.0154375, 0.0 ], [ 107.2858762, -7.015413, 0.0 ], [ 107.2860096, -7.0152736, 0.0 ], [ 107.2862625, -7.015105, 0.0 ], [ 107.2864, -7.01512, 0.0 ], [ 107.28645, -7.01522, 0.0 ], [ 107.28653, -7.0154, 0.0 ], [ 107.28663, -7.01563, 0.0 ], [ 107.28681, -7.0159, 0.0 ], [ 107.28693, -7.016, 0.0 ], [ 107.287155, -7.016117, 0.0 ], [ 107.28718, -7.01613, 0.0 ], [ 107.28748, -7.01626, 0.0 ], [ 107.28768, -7.01634, 0.0 ], [ 107.28793, -7.01646, 0.0 ], [ 107.28804, -7.01652, 0.0 ], [ 107.28806, -7.01663, 0.0 ], [ 107.28788, -7.01697, 0.0 ], [ 107.28771, -7.01726, 0.0 ], [ 107.2876, -7.01751, 0.0 ], [ 107.28756, -7.01772, 0.0 ], [ 107.28759, -7.01786, 0.0 ], [ 107.28767, -7.0181, 0.0 ], [ 107.28783, -7.01825, 0.0 ], [ 107.28813, -7.01837, 0.0 ], [ 107.28847, -7.01846, 0.0 ], [ 107.28865, -7.01841, 0.0 ], [ 107.28916, -7.01814, 0.0 ], [ 107.28971, -7.01788, 0.0 ], [ 107.28991, -7.0178, 0.0 ], [ 107.29003, -7.01768, 0.0 ], [ 107.29011, -7.01758, 0.0 ], [ 107.29018, -7.01742, 0.0 ], [ 107.29023, -7.01733, 0.0 ], [ 107.29038, -7.01723, 0.0 ], [ 107.29055, -7.01719, 0.0 ], [ 107.29135, -7.01752, 0.0 ], [ 107.29181, -7.01766, 0.0 ], [ 107.29213, -7.01783, 0.0 ], [ 107.29225, -7.01788, 0.0 ], [ 107.29239, -7.01785, 0.0 ], [ 107.29272, -7.01717, 0.0 ], [ 107.29274, -7.01694, 0.0 ], [ 107.29266, -7.01638, 0.0 ], [ 107.29264, -7.01623, 0.0 ], [ 107.2929, -7.01598, 0.0 ], [ 107.29298, -7.01568, 0.0 ], [ 107.29312, -7.01523, 0.0 ], [ 107.29312, -7.01483, 0.0 ], [ 107.2933, -7.01432, 0.0 ], [ 107.29367, -7.01356, 0.0 ], [ 107.293674, -7.0135489, 0.0 ], [ 107.294, -7.01264, 0.0 ], [ 107.29431, -7.01187, 0.0 ], [ 107.2948533, -7.0110989, 0.0 ], [ 107.29524, -7.01055, 0.0 ], [ 107.2955718, -7.0101696, 0.0 ], [ 107.29565, -7.01008, 0.0 ] ] ] ] } },
{ "type": "Feature", "properties": { "kd_propinsi": "32", "kd_dati2": "17", "kd_kecamatan": "014", "nama_kecamatan": "Sindangkerta", "id_kecamatan": 14 }, "geometry": { "type": "MultiPolygon", "coordinates": [ [ [ [ 107.4199, -7.06732, 0.0 ], [ 107.42, -7.06694, 0.0 ], [ 107.42045, -7.06625, 0.0 ], [ 107.420529, -7.0661025, 0.0 ], [ 107.4206, -7.06597, 0.0 ], [ 107.42071, -7.0654, 0.0 ], [ 107.42072, -7.06534, 0.0 ], [ 107.4205832, -7.0647144, 0.0 ], [ 107.4205994, -7.0646402, 0.0 ], [ 107.4206564, -7.0644553, 0.0 ], [ 107.4208246, -7.06428, 0.0 ], [ 107.4210204, -7.0640595, 0.0 ], [ 107.4210291, -7.064049, 0.0 ], [ 107.4211799, -7.0638683, 0.0 ], [ 107.4213392, -7.0637644, 0.0 ], [ 107.4214987, -7.0636655, 0.0 ], [ 107.4216813, -7.0635859, 0.0 ], [ 107.4217287, -7.063552, 0.0 ], [ 107.421706, -7.063293, 0.0 ], [ 107.4216509, -7.0631373, 0.0 ], [ 107.42157, -7.062909, 0.0 ], [ 107.421507, -7.062658, 0.0 ], [ 107.4214924, -7.0624664, 0.0 ], [ 107.421476, -7.062251, 0.0 ], [ 107.421401, -7.061991, 0.0 ], [ 107.4210768, -7.0618739, 0.0 ], [ 107.4210068, -7.0618486, 0.0 ], [ 107.42085, -7.061792, 0.0 ], [ 107.420563, -7.061679, 0.0 ], [ 107.4205131, -7.0616442, 0.0 ], [ 107.420431, -7.061587, 0.0 ], [ 107.420204, -7.061203, 0.0 ], [ 107.420206, -7.060933, 0.0 ], [ 107.420212, -7.060595, 0.0 ], [ 107.420226, -7.060409, 0.0 ], [ 107.420259, -7.06026, 0.0 ], [ 107.420188, -7.060104, 0.0 ], [ 107.420035, -7.059913, 0.0 ], [ 107.42003, -7.059894, 0.0 ], [ 107.419981, -7.059731, 0.0 ], [ 107.420002, -7.059457, 0.0 ], [ 107.419976, -7.05922, 0.0 ], [ 107.420034, -7.058567, 0.0 ], [ 107.420196, -7.058273, 0.0 ], [ 107.420301, -7.058066, 0.0 ], [ 107.420097, -7.057722, 0.0 ], [ 107.419914, -7.057377, 0.0 ], [ 107.419598, -7.057081, 0.0 ], [ 107.41947, -7.056928, 0.0 ], [ 107.419415, -7.056717, 0.0 ], [ 107.419734, -7.056183, 0.0 ], [ 107.419839, -7.056072, 0.0 ], [ 107.420312, -7.055927, 0.0 ], [ 107.420646, -7.055869, 0.0 ], [ 107.421379, -7.055736, 0.0 ], [ 107.421869, -7.055672, 0.0 ], [ 107.422272, -7.055583, 0.0 ], [ 107.422419, -7.055511, 0.0 ], [ 107.422631, -7.055243, 0.0 ], [ 107.422773, -7.054965, 0.0 ], [ 107.422818, -7.054773, 0.0 ], [ 107.422817, -7.054772, 0.0 ], [ 107.423014, -7.054477, 0.0 ], [ 107.423223, -7.054236, 0.0 ], [ 107.423383, -7.053964, 0.0 ], [ 107.423636, -7.053706, 0.0 ], [ 107.423866, -7.053481, 0.0 ], [ 107.423982, -7.05328, 0.0 ], [ 107.424241, -7.052651, 0.0 ], [ 107.424262, -7.052604, 0.0 ], [ 107.424297, -7.052161, 0.0 ], [ 107.424329, -7.051982, 0.0 ], [ 107.424339, -7.051958, 0.0 ], [ 107.424691, -7.051562, 0.0 ], [ 107.424762, -7.051472, 0.0 ], [ 107.424768, -7.051252, 0.0 ], [ 107.424763, -7.051117, 0.0 ], [ 107.424813, -7.051031, 0.0 ], [ 107.425564, -7.051015, 0.0 ], [ 107.425805, -7.051001, 0.0 ], [ 107.425947, -7.050933, 0.0 ], [ 107.4262866, -7.050874, 0.0 ], [ 107.426381, -7.050939, 0.0 ], [ 107.426722, -7.051091, 0.0 ], [ 107.427008, -7.051219, 0.0 ], [ 107.427501, -7.051277, 0.0 ], [ 107.427635, -7.051158, 0.0 ], [ 107.427903, -7.050976, 0.0 ], [ 107.428117, -7.050812, 0.0 ], [ 107.428247, -7.050694, 0.0 ], [ 107.428398, -7.050549, 0.0 ], [ 107.428541, -7.050413, 0.0 ], [ 107.42865, -7.050313, 0.0 ], [ 107.42875, -7.050231, 0.0 ], [ 107.4293423, -7.049596, 0.0 ], [ 107.4294026, -7.0495187, 0.0 ], [ 107.4295394, -7.0494473, 0.0 ], [ 107.4298963, -7.0493283, 0.0 ], [ 107.43086, -7.0489714, 0.0 ], [ 107.4312645, -7.0489179, 0.0 ], [ 107.4324459, -7.0487331, 0.0 ], [ 107.4328099, -7.0486778, 0.0 ], [ 107.4328349, -7.048674, 0.0 ], [ 107.434146, -7.048061, 0.0 ], [ 107.434187, -7.048033, 0.0 ], [ 107.434303, -7.0479489, 0.0 ], [ 107.434387, -7.047888, 0.0 ], [ 107.4344771, -7.0478048, 0.0 ], [ 107.434505, -7.047779, 0.0 ], [ 107.434658, -7.047651, 0.0 ], [ 107.434686, -7.047624, 0.0 ], [ 107.4347285, -7.0476018, 0.0 ], [ 107.434791, -7.047569, 0.0 ], [ 107.4351255, -7.0474352, 0.0 ], [ 107.435156, -7.047423, 0.0 ], [ 107.4352961, -7.0473676, 0.0 ], [ 107.435434, -7.047313, 0.0 ], [ 107.4359344, -7.0471248, 0.0 ], [ 107.435995, -7.047102, 0.0 ], [ 107.436322, -7.046974, 0.0 ], [ 107.4363717, -7.0469459, 0.0 ], [ 107.436537, -7.046819, 0.0 ], [ 107.436554, -7.046801, 0.0 ], [ 107.436788, -7.046628, 0.0 ], [ 107.437025, -7.046419, 0.0 ], [ 107.437232, -7.046192, 0.0 ], [ 107.437251, -7.046263, 0.0 ], [ 107.437417, -7.046228, 0.0 ], [ 107.43751, -7.0461, 0.0 ], [ 107.437651, -7.046044, 0.0 ], [ 107.438018, -7.046263, 0.0 ], [ 107.438172, -7.046377, 0.0 ], [ 107.438226, -7.046489, 0.0 ], [ 107.438082, -7.046862, 0.0 ], [ 107.438082, -7.046864, 0.0 ], [ 107.4380161, -7.047038, 0.0 ], [ 107.437979, -7.047136, 0.0 ], [ 107.438038, -7.047385, 0.0 ], [ 107.438107, -7.04763, 0.0 ], [ 107.437901, -7.048092, 0.0 ], [ 107.4379056, -7.048104, 0.0 ], [ 107.437906, -7.048105, 0.0 ], [ 107.437936, -7.048196, 0.0 ], [ 107.438448, -7.048474, 0.0 ], [ 107.438627, -7.048561, 0.0 ], [ 107.438641, -7.048566, 0.0 ], [ 107.438872, -7.048543, 0.0 ], [ 107.4390513, -7.0484993, 0.0 ], [ 107.440049, -7.048256, 0.0 ], [ 107.4402551, -7.0482369, 0.0 ], [ 107.440384, -7.048225, 0.0 ], [ 107.4405879, -7.0482524, 0.0 ], [ 107.440942, -7.0483, 0.0 ], [ 107.4413176, -7.0483645, 0.0 ], [ 107.441478, -7.048392, 0.0 ], [ 107.441761, -7.04842, 0.0 ], [ 107.4421085, -7.048327, 0.0 ], [ 107.4424585, -7.0482333, 0.0 ], [ 107.442762, -7.048152, 0.0 ], [ 107.443354, -7.04823, 0.0 ], [ 107.44371, -7.048176, 0.0 ], [ 107.443967, -7.047994, 0.0 ], [ 107.444132, -7.047859, 0.0 ], [ 107.4441493, -7.0478537, 0.0 ], [ 107.44425, -7.047823, 0.0 ], [ 107.444384, -7.047917, 0.0 ], [ 107.4444748, -7.0480372, 0.0 ], [ 107.444575, -7.04817, 0.0 ], [ 107.444667, -7.048281, 0.0 ], [ 107.4449641, -7.048418, 0.0 ], [ 107.445233, -7.048542, 0.0 ], [ 107.445301, -7.048565, 0.0 ], [ 107.445346, -7.048642, 0.0 ], [ 107.4452641, -7.048744, 0.0 ], [ 107.4451715, -7.0488594, 0.0 ], [ 107.4452039, -7.0488579, 0.0 ], [ 107.4457563, -7.0488335, 0.0 ], [ 107.4460487, -7.0488225, 0.0 ], [ 107.4463818, -7.0487368, 0.0 ], [ 107.44689, -7.04856, 0.0 ], [ 107.4475714, -7.04844, 0.0 ], [ 107.4479438, -7.0483632, 0.0 ], [ 107.4479514, -7.0483627, 0.0 ], [ 107.4481065, -7.0483527, 0.0 ], [ 107.448691, -7.0484405, 0.0 ], [ 107.4491511, -7.0485386, 0.0 ], [ 107.4493477, -7.0486141, 0.0 ], [ 107.4496064, -7.0488067, 0.0 ], [ 107.4499923, -7.0491941, 0.0 ], [ 107.4501487, -7.049294, 0.0 ], [ 107.4502418, -7.0493533, 0.0 ], [ 107.4503287, -7.0493887, 0.0 ], [ 107.4504277, -7.04943, 0.0 ], [ 107.4505865, -7.04948, 0.0 ], [ 107.4506735, -7.0495184, 0.0 ], [ 107.4507697, -7.0495956, 0.0 ], [ 107.450908, -7.0497234, 0.0 ], [ 107.4511092, -7.0498778, 0.0 ], [ 107.451299, -7.050013, 0.0 ], [ 107.4517145, -7.0504244, 0.0 ], [ 107.4518197, -7.0505076, 0.0 ], [ 107.4518946, -7.0505401, 0.0 ], [ 107.4519725, -7.0505606, 0.0 ], [ 107.4520325, -7.0505842, 0.0 ], [ 107.4524592, -7.0509376, 0.0 ], [ 107.4531045, -7.0513198, 0.0 ], [ 107.45396, -7.05171, 0.0 ], [ 107.45507, -7.05182, 0.0 ], [ 107.4565252, -7.0518798, 0.0 ], [ 107.45653, -7.05188, 0.0 ], [ 107.45653, -7.0518798, 0.0 ], [ 107.45682, -7.05061, 0.0 ], [ 107.457, -7.04968, 0.0 ], [ 107.45714, -7.04904, 0.0 ], [ 107.45748, -7.04841, 0.0 ], [ 107.45787, -7.04786, 0.0 ], [ 107.45822, -7.04693, 0.0 ], [ 107.4583217, -7.0467071, 0.0 ], [ 107.45864, -7.04601, 0.0 ], [ 107.459185, -7.0445899, 0.0 ], [ 107.4588461, -7.0443893, 0.0 ], [ 107.4586034, -7.0442751, 0.0 ], [ 107.4581608, -7.0441037, 0.0 ], [ 107.4577468, -7.0438325, 0.0 ], [ 107.4575612, -7.043704, 0.0 ], [ 107.4572185, -7.0434613, 0.0 ], [ 107.4572899, -7.04319, 0.0 ], [ 107.457447, -7.0430044, 0.0 ], [ 107.4575612, -7.0427903, 0.0 ], [ 107.4575469, -7.042519, 0.0 ], [ 107.4573899, -7.0424191, 0.0 ], [ 107.4572043, -7.042519, 0.0 ], [ 107.4568331, -7.0426761, 0.0 ], [ 107.4566046, -7.0426047, 0.0 ], [ 107.4564761, -7.0424905, 0.0 ], [ 107.4563762, -7.0422906, 0.0 ], [ 107.4562192, -7.0420051, 0.0 ], [ 107.456105, -7.0418337, 0.0 ], [ 107.4559479, -7.0416624, 0.0 ], [ 107.4558194, -7.0414625, 0.0 ], [ 107.4558908, -7.0409914, 0.0 ], [ 107.4556053, -7.0409057, 0.0 ], [ 107.455334, -7.0408629, 0.0 ], [ 107.4550913, -7.0407344, 0.0 ], [ 107.4550056, -7.0406345, 0.0 ], [ 107.4551056, -7.0404489, 0.0 ], [ 107.4553197, -7.0403347, 0.0 ], [ 107.4553197, -7.0401776, 0.0 ], [ 107.4552055, -7.0400777, 0.0 ], [ 107.4550627, -7.0398493, 0.0 ], [ 107.4551912, -7.039735, 0.0 ], [ 107.4552483, -7.0396066, 0.0 ], [ 107.4551341, -7.0395352, 0.0 ], [ 107.4550342, -7.0394067, 0.0 ], [ 107.454663, -7.0393924, 0.0 ], [ 107.4547201, -7.0391211, 0.0 ], [ 107.454663, -7.0388356, 0.0 ], [ 107.4545631, -7.0387642, 0.0 ], [ 107.4543204, -7.0389213, 0.0 ], [ 107.4539492, -7.0390212, 0.0 ], [ 107.4536922, -7.0388356, 0.0 ], [ 107.4535351, -7.03865, 0.0 ], [ 107.4534923, -7.0385358, 0.0 ], [ 107.453478, -7.0383359, 0.0 ], [ 107.4536208, -7.0383216, 0.0 ], [ 107.4537636, -7.0382645, 0.0 ], [ 107.4537207, -7.0381789, 0.0 ], [ 107.4536065, -7.0380218, 0.0 ], [ 107.4535922, -7.0378791, 0.0 ], [ 107.4535066, -7.0377934, 0.0 ], [ 107.4533638, -7.0377363, 0.0 ], [ 107.4532353, -7.0376649, 0.0 ], [ 107.4532782, -7.0374365, 0.0 ], [ 107.4534637, -7.0374222, 0.0 ], [ 107.4537921, -7.0373651, 0.0 ], [ 107.4541062, -7.0372652, 0.0 ], [ 107.4539206, -7.0370796, 0.0 ], [ 107.4538349, -7.0368083, 0.0 ], [ 107.4538064, -7.0365942, 0.0 ], [ 107.4538492, -7.0363372, 0.0 ], [ 107.4540777, -7.0362801, 0.0 ], [ 107.4542775, -7.0364228, 0.0 ], [ 107.4544488, -7.0363943, 0.0 ], [ 107.4547201, -7.0359517, 0.0 ], [ 107.4547629, -7.0356804, 0.0 ], [ 107.4542632, -7.0357376, 0.0 ], [ 107.4542204, -7.0357376, 0.0 ], [ 107.4537493, -7.0354663, 0.0 ], [ 107.4535066, -7.035295, 0.0 ], [ 107.4532924, -7.0349952, 0.0 ], [ 107.4530354, -7.0347667, 0.0 ], [ 107.4525358, -7.0346811, 0.0 ], [ 107.4522502, -7.0344955, 0.0 ], [ 107.4520932, -7.0342956, 0.0 ], [ 107.4517791, -7.0340243, 0.0 ], [ 107.4514222, -7.0337245, 0.0 ], [ 107.4510653, -7.0334818, 0.0 ], [ 107.4506798, -7.0332677, 0.0 ], [ 107.4503371, -7.0330107, 0.0 ], [ 107.4493949, -7.0327109, 0.0 ], [ 107.4490237, -7.0324111, 0.0 ], [ 107.4487952, -7.0321398, 0.0 ], [ 107.4486525, -7.0317401, 0.0 ], [ 107.4485954, -7.0316401, 0.0 ], [ 107.4481813, -7.0314831, 0.0 ], [ 107.4474247, -7.0311833, 0.0 ], [ 107.4471962, -7.0308549, 0.0 ], [ 107.4470107, -7.0305123, 0.0 ], [ 107.4467251, -7.0302981, 0.0 ], [ 107.4466109, -7.0302553, 0.0 ], [ 107.4464967, -7.0300697, 0.0 ], [ 107.446511, -7.0298698, 0.0 ], [ 107.4466966, -7.0294558, 0.0 ], [ 107.4468108, -7.029156, 0.0 ], [ 107.446925, -7.0288847, 0.0 ], [ 107.4472248, -7.0286563, 0.0 ], [ 107.4476817, -7.0283565, 0.0 ], [ 107.44811, -7.0280852, 0.0 ], [ 107.4483669, -7.0278139, 0.0 ], [ 107.4484954, -7.0274856, 0.0 ], [ 107.4485811, -7.0273285, 0.0 ], [ 107.4489237, -7.0273714, 0.0 ], [ 107.4491093, -7.0273, 0.0 ], [ 107.4493235, -7.0272, 0.0 ], [ 107.4495376, -7.0273285, 0.0 ], [ 107.4498089, -7.0272714, 0.0 ], [ 107.4500944, -7.0267432, 0.0 ], [ 107.4504514, -7.0262435, 0.0 ], [ 107.4507797, -7.0259294, 0.0 ], [ 107.4510653, -7.0257153, 0.0 ], [ 107.451516, -7.0253925, 0.0 ], [ 107.4500373, -7.0249729, 0.0 ], [ 107.4494948, -7.0246017, 0.0 ], [ 107.4490808, -7.0241591, 0.0 ], [ 107.4488095, -7.0235309, 0.0 ], [ 107.4485525, -7.0229027, 0.0 ], [ 107.4481242, -7.0223174, 0.0 ], [ 107.4463825, -7.0205756, 0.0 ], [ 107.4461112, -7.0201616, 0.0 ], [ 107.4459256, -7.0197333, 0.0 ], [ 107.4454688, -7.019305, 0.0 ], [ 107.4454545, -7.0191194, 0.0 ], [ 107.4446343, -7.0176562, 0.0 ], [ 107.4443837, -7.017292, 0.0 ], [ 107.4441125, -7.0168208, 0.0 ], [ 107.4438983, -7.0166495, 0.0 ], [ 107.4432416, -7.0164782, 0.0 ], [ 107.4426556, -7.0163809, 0.0 ], [ 107.44256, -7.01616, 0.0 ], [ 107.4423, -7.01529, 0.0 ], [ 107.4416499, -7.01416, 0.0 ], [ 107.43691, -7.01061, 0.0 ], [ 107.4355945, -7.0097572, 0.0 ], [ 107.4345788, -7.0090986, 0.0 ], [ 107.43364, -7.00849, 0.0 ], [ 107.4323403, -7.0060053, 0.0 ], [ 107.43194, -7.00524, 0.0 ], [ 107.4314698, -7.0038109, 0.0 ], [ 107.4319281, -7.0035432, 0.0 ], [ 107.4318567, -7.0034243, 0.0 ], [ 107.4318567, -7.0033053, 0.0 ], [ 107.4318686, -7.0030793, 0.0 ], [ 107.4319043, -7.0028294, 0.0 ], [ 107.4319162, -7.0025915, 0.0 ], [ 107.4318329, -7.0023892, 0.0 ], [ 107.4318329, -7.0022583, 0.0 ], [ 107.43194, -7.002068, 0.0 ], [ 107.4321898, -7.0018776, 0.0 ], [ 107.4323445, -7.001723, 0.0 ], [ 107.4323921, -7.0016516, 0.0 ], [ 107.4325824, -7.0016278, 0.0 ], [ 107.4327133, -7.0015445, 0.0 ], [ 107.4327014, -7.0012828, 0.0 ], [ 107.4326419, -7.0011876, 0.0 ], [ 107.4326895, -7.0009853, 0.0 ], [ 107.4326419, -7.0007117, 0.0 ], [ 107.4325824, -7.0005332, 0.0 ], [ 107.4325348, -7.0003548, 0.0 ], [ 107.4325348, -7.000212, 0.0 ], [ 107.4325467, -7.000093, 0.0 ], [ 107.4325943, -7.0000454, 0.0 ], [ 107.4331178, -7.0000097, 0.0 ], [ 107.4331773, -6.9997837, 0.0 ], [ 107.4331892, -6.9994625, 0.0 ], [ 107.4332606, -6.9994387, 0.0 ], [ 107.4333439, -6.999284, 0.0 ], [ 107.4332963, -6.9990461, 0.0 ], [ 107.433213, -6.9989033, 0.0 ], [ 107.4331416, -6.998701, 0.0 ], [ 107.4330226, -6.9985464, 0.0 ], [ 107.4329869, -6.9984869, 0.0 ], [ 107.4330345, -6.9983441, 0.0 ], [ 107.4332011, -6.9981538, 0.0 ], [ 107.4332725, -6.9979158, 0.0 ], [ 107.4331773, -6.9977969, 0.0 ], [ 107.4331297, -6.9975827, 0.0 ], [ 107.4330583, -6.9974637, 0.0 ], [ 107.4329512, -6.9972853, 0.0 ], [ 107.432868, -6.9971425, 0.0 ], [ 107.4290443, -6.997256, 0.0 ], [ 107.42857, -6.99652, 0.0 ], [ 107.42855, -6.99628, 0.0 ], [ 107.42857, -6.99601, 0.0 ], [ 107.4286137, -6.9957207, 0.0 ], [ 107.42865, -6.99548, 0.0 ], [ 107.4287478, -6.9947424, 0.0 ], [ 107.42876, -6.99465, 0.0 ], [ 107.42863, -6.99433, 0.0 ], [ 107.42858, -6.99393, 0.0 ], [ 107.42833, -6.99339, 0.0 ], [ 107.4282161, -6.9940433, 0.0 ], [ 107.4280971, -6.9943883, 0.0 ], [ 107.4277759, -6.9946143, 0.0 ], [ 107.4273595, -6.99465, 0.0 ], [ 107.4270859, -6.994531, 0.0 ], [ 107.4270026, -6.9943288, 0.0 ], [ 107.4268717, -6.9942217, 0.0 ], [ 107.4266695, -6.9941979, 0.0 ], [ 107.4263601, -6.9943169, 0.0 ], [ 107.4260865, -6.9944953, 0.0 ], [ 107.4259556, -6.9947214, 0.0 ], [ 107.4257534, -6.9949474, 0.0 ], [ 107.4256463, -6.9949237, 0.0 ], [ 107.4255273, -6.9948761, 0.0 ], [ 107.4254203, -6.9948999, 0.0 ], [ 107.4252656, -6.9949712, 0.0 ], [ 107.4251395, -6.9949617, 0.0 ], [ 107.4250919, -6.9949141, 0.0 ], [ 107.4250824, -6.9947809, 0.0 ], [ 107.4250253, -6.9947714, 0.0 ], [ 107.4249967, -6.9947047, 0.0 ], [ 107.4249872, -6.994562, 0.0 ], [ 107.4249301, -6.9944478, 0.0 ], [ 107.4249777, -6.9942574, 0.0 ], [ 107.424942, -6.9941479, 0.0 ], [ 107.4248635, -6.9940266, 0.0 ], [ 107.4248349, -6.9938838, 0.0 ], [ 107.4249134, -6.9934984, 0.0 ], [ 107.424992, -6.9933056, 0.0 ], [ 107.4249777, -6.9931771, 0.0 ], [ 107.4250062, -6.9930701, 0.0 ], [ 107.424992, -6.9926917, 0.0 ], [ 107.4249634, -6.9924062, 0.0 ], [ 107.4248992, -6.9923419, 0.0 ], [ 107.4246279, -6.9921563, 0.0 ], [ 107.4244923, -6.9921349, 0.0 ], [ 107.4242067, -6.991935, 0.0 ], [ 107.4240568, -6.9917923, 0.0 ], [ 107.423807, -6.9915639, 0.0 ], [ 107.4235857, -6.991364, 0.0 ], [ 107.4234358, -6.9910713, 0.0 ], [ 107.4234643, -6.9908215, 0.0 ], [ 107.4234786, -6.990486, 0.0 ], [ 107.4236642, -6.9902218, 0.0 ], [ 107.4238284, -6.9900434, 0.0 ], [ 107.4238998, -6.989715, 0.0 ], [ 107.4239569, -6.9894009, 0.0 ], [ 107.4240711, -6.9892867, 0.0 ], [ 107.4242067, -6.9891582, 0.0 ], [ 107.4241853, -6.9890297, 0.0 ], [ 107.4242353, -6.9888584, 0.0 ], [ 107.4243352, -6.9886014, 0.0 ], [ 107.4244566, -6.9884158, 0.0 ], [ 107.4247206, -6.9880385, 0.0 ], [ 107.42428, -6.98733, 0.0 ], [ 107.4241555, -6.9870658, 0.0 ], [ 107.4233994, -6.9849588, 0.0 ], [ 107.4231913, -6.984947, 0.0 ], [ 107.4230604, -6.985066, 0.0 ], [ 107.4228819, -6.9848399, 0.0 ], [ 107.4226202, -6.9845187, 0.0 ], [ 107.4223228, -6.9845068, 0.0 ], [ 107.4220967, -6.9843878, 0.0 ], [ 107.421835, -6.984138, 0.0 ], [ 107.4215256, -6.9839239, 0.0 ], [ 107.4212877, -6.9838406, 0.0 ], [ 107.420907, -6.9838882, 0.0 ], [ 107.4205144, -6.9839476, 0.0 ], [ 107.420324, -6.9839952, 0.0 ], [ 107.420205, -6.983329, 0.0 ], [ 107.4197886, -6.9834004, 0.0 ], [ 107.4193246, -6.983448, 0.0 ], [ 107.419051, -6.9835312, 0.0 ], [ 107.4188467, -6.9835226, 0.0 ], [ 107.4178657, -6.9839088, 0.0 ], [ 107.4180079, -6.9833363, 0.0 ], [ 107.4176225, -6.9829794, 0.0 ], [ 107.4170799, -6.9830507, 0.0 ], [ 107.416823, -6.9828651, 0.0 ], [ 107.4168801, -6.9823512, 0.0 ], [ 107.4171799, -6.98198, 0.0 ], [ 107.4173369, -6.9816944, 0.0 ], [ 107.4176653, -6.9815231, 0.0 ], [ 107.4178937, -6.9811091, 0.0 ], [ 107.4182935, -6.981052, 0.0 ], [ 107.418422, -6.9808807, 0.0 ], [ 107.4181364, -6.9805666, 0.0 ], [ 107.418065, -6.9800526, 0.0 ], [ 107.4180222, -6.9797385, 0.0 ], [ 107.418322, -6.9792674, 0.0 ], [ 107.4187646, -6.9788105, 0.0 ], [ 107.4192786, -6.9783251, 0.0 ], [ 107.4196355, -6.9781538, 0.0 ], [ 107.4198354, -6.977854, 0.0 ], [ 107.4201066, -6.9775827, 0.0 ], [ 107.4205492, -6.9773115, 0.0 ], [ 107.4208633, -6.9773543, 0.0 ], [ 107.4211631, -6.9772401, 0.0 ], [ 107.4212916, -6.9770259, 0.0 ], [ 107.4213201, -6.9768118, 0.0 ], [ 107.4214058, -6.9763978, 0.0 ], [ 107.4214058, -6.9761122, 0.0 ], [ 107.42162, -6.9760408, 0.0 ], [ 107.4217484, -6.9759552, 0.0 ], [ 107.421777, -6.975327, 0.0 ], [ 107.4219769, -6.9751129, 0.0 ], [ 107.4222196, -6.9749273, 0.0 ], [ 107.4223481, -6.9746988, 0.0 ], [ 107.4223623, -6.9743705, 0.0 ], [ 107.4226051, -6.974242, 0.0 ], [ 107.4227621, -6.9741563, 0.0 ], [ 107.4228478, -6.9739564, 0.0 ], [ 107.4228763, -6.9737137, 0.0 ], [ 107.4229477, -6.9736138, 0.0 ], [ 107.4231333, -6.9735567, 0.0 ], [ 107.4232475, -6.9732997, 0.0 ], [ 107.423219, -6.9730427, 0.0 ], [ 107.4231975, -6.9729, 0.0 ], [ 107.4232404, -6.9727072, 0.0 ], [ 107.4232903, -6.9725716, 0.0 ], [ 107.4232618, -6.972386, 0.0 ], [ 107.4232118, -6.9722932, 0.0 ], [ 107.423119, -6.9721861, 0.0 ], [ 107.4230334, -6.9721005, 0.0 ], [ 107.4229763, -6.9720362, 0.0 ], [ 107.4229977, -6.9719363, 0.0 ], [ 107.4229977, -6.9718435, 0.0 ], [ 107.4229834, -6.9717435, 0.0 ], [ 107.4230619, -6.9716436, 0.0 ], [ 107.4231547, -6.9716079, 0.0 ], [ 107.4232832, -6.9715008, 0.0 ], [ 107.4234474, -6.9713438, 0.0 ], [ 107.4236116, -6.9712938, 0.0 ], [ 107.4236401, -6.9711154, 0.0 ], [ 107.42384, -6.9710297, 0.0 ], [ 107.4240113, -6.9709369, 0.0 ], [ 107.4239376, -6.9707703, 0.0 ], [ 107.4239947, -6.9706775, 0.0 ], [ 107.4239661, -6.9706062, 0.0 ], [ 107.4239233, -6.9698638, 0.0 ], [ 107.4240946, -6.9696282, 0.0 ], [ 107.424166, -6.9695568, 0.0 ], [ 107.4233451, -6.968743, 0.0 ], [ 107.4215761, -6.9674156, 0.0 ], [ 107.4215622, -6.9674383, 0.0 ], [ 107.4211885, -6.9680466, 0.0 ], [ 107.4200717, -6.9693182, 0.0 ], [ 107.4194162, -6.9698297, 0.0 ], [ 107.4177467, -6.9704072, 0.0 ], [ 107.4129038, -6.9696702, 0.0 ], [ 107.41168, -6.96972, 0.0 ], [ 107.4109906, -6.9698673, 0.0 ], [ 107.41051, -6.96997, 0.0 ], [ 107.40938, -6.9702, 0.0 ], [ 107.4092146, -6.9702268, 0.0 ], [ 107.40833, -6.97037, 0.0 ], [ 107.4076387, -6.9705244, 0.0 ], [ 107.4073, -6.9706, 0.0 ], [ 107.4064, -6.97074, 0.0 ], [ 107.4058695, -6.9707545, 0.0 ], [ 107.40567, -6.97076, 0.0 ], [ 107.40521, -6.97068, 0.0 ], [ 107.40472, -6.97036, 0.0 ], [ 107.4042818, -6.9698518, 0.0 ], [ 107.4042802, -6.96985, 0.0 ], [ 107.4039983, -6.9699055, 0.0 ], [ 107.4035488, -6.9700034, 0.0 ], [ 107.4031941, -6.9698905, 0.0 ], [ 107.4028486, -6.9697296, 0.0 ], [ 107.402694, -6.9694434, 0.0 ], [ 107.4025296, -6.969119, 0.0 ], [ 107.4021737, -6.9687956, 0.0 ], [ 107.4019327, -6.9684621, 0.0 ], [ 107.4017398, -6.9681856, 0.0 ], [ 107.4012805, -6.9679651, 0.0 ], [ 107.4009761, -6.9679359, 0.0 ], [ 107.4004795, -6.9678883, 0.0 ], [ 107.40008, -6.96785, 0.0 ], [ 107.3987, -6.96764, 0.0 ], [ 107.39752, -6.96738, 0.0 ], [ 107.3970504, -6.9672909, 0.0 ], [ 107.39636, -6.96716, 0.0 ], [ 107.39539, -6.9669902, 0.0 ], [ 107.39522, -6.96696, 0.0 ], [ 107.3951525, -6.9669197, 0.0 ], [ 107.3947, -6.96665, 0.0 ], [ 107.39428, -6.96625, 0.0 ], [ 107.39383, -6.9657, 0.0 ], [ 107.39351, -6.96524, 0.0 ], [ 107.39311, -6.96474, 0.0 ], [ 107.39265, -6.96436, 0.0 ], [ 107.39231, -6.96415, 0.0 ], [ 107.39202, -6.9640798, 0.0 ], [ 107.3919992, -6.9640856, 0.0 ], [ 107.39155, -6.96421, 0.0 ], [ 107.391099, -6.9646709, 0.0 ], [ 107.39109, -6.96468, 0.0 ], [ 107.39057, -6.96538, 0.0 ], [ 107.39049, -6.96588, 0.0 ], [ 107.39022, -6.96682, 0.0 ], [ 107.39009, -6.96697, 0.0 ], [ 107.38956, -6.96771, 0.0 ], [ 107.38932, -6.96803, 0.0 ], [ 107.38903, -6.96826, 0.0 ], [ 107.38881, -6.96835, 0.0 ], [ 107.38843, -6.96849, 0.0 ], [ 107.38827, -6.96862, 0.0 ], [ 107.38779, -6.96906, 0.0 ], [ 107.38765, -6.96918, 0.0 ], [ 107.38735, -6.96966, 0.0 ], [ 107.3873478, -6.9696635, 0.0 ], [ 107.3871086, -6.9700494, 0.0 ], [ 107.38704, -6.97016, 0.0 ], [ 107.38685, -6.97063, 0.0 ], [ 107.38681, -6.97135, 0.0 ], [ 107.38685, -6.97209, 0.0 ], [ 107.38684, -6.97294, 0.0 ], [ 107.38666, -6.97358, 0.0 ], [ 107.3865976, -6.9736736, 0.0 ], [ 107.3864, -6.97397, 0.0 ], [ 107.38544, -6.97442, 0.0 ], [ 107.38462, -6.97489, 0.0 ], [ 107.3845194, -6.974964, 0.0 ], [ 107.3844925, -6.9751706, 0.0 ], [ 107.3845435, -6.9753282, 0.0 ], [ 107.3845946, -6.9754929, 0.0 ], [ 107.3846455, -6.9756218, 0.0 ], [ 107.3844734, -6.9756586, 0.0 ], [ 107.3843604, -6.9760322, 0.0 ], [ 107.3844845, -6.9764261, 0.0 ], [ 107.3843095, -6.9773238, 0.0 ], [ 107.3841765, -6.9779917, 0.0 ], [ 107.3839519, -6.9784514, 0.0 ], [ 107.38406, -6.97862, 0.0 ], [ 107.3842471, -6.978853, 0.0 ], [ 107.38459, -6.97928, 0.0 ], [ 107.385, -6.97974, 0.0 ], [ 107.3851928, -6.980097, 0.0 ], [ 107.38527, -6.98024, 0.0 ], [ 107.38543, -6.98061, 0.0 ], [ 107.38534, -6.98101, 0.0 ], [ 107.38509, -6.98151, 0.0 ], [ 107.38495, -6.98166, 0.0 ], [ 107.38416, -6.98188, 0.0 ], [ 107.3836, -6.98212, 0.0 ], [ 107.3831, -6.98259, 0.0 ], [ 107.38253, -6.98321, 0.0 ], [ 107.38184, -6.98396, 0.0 ], [ 107.38113, -6.98487, 0.0 ], [ 107.38032, -6.98566, 0.0 ], [ 107.3800276, -6.985862, 0.0 ], [ 107.37977, -6.98604, 0.0 ], [ 107.37896, -6.98648, 0.0 ], [ 107.37808, -6.9866301, 0.0 ], [ 107.377414, -6.9870278, 0.0 ], [ 107.37736, -6.98706, 0.0 ], [ 107.37718, -6.9871999, 0.0 ], [ 107.37682, -6.98748, 0.0 ], [ 107.37643, -6.9879, 0.0 ], [ 107.376, -6.98848, 0.0 ], [ 107.37583, -6.98902, 0.0 ], [ 107.37559, -6.99, 0.0 ], [ 107.37539, -6.99089, 0.0 ], [ 107.37537, -6.99185, 0.0 ], [ 107.37539, -6.99222, 0.0 ], [ 107.37536, -6.99255, 0.0 ], [ 107.37531, -6.9928, 0.0 ], [ 107.375, -6.99313, 0.0 ], [ 107.37407, -6.99399, 0.0 ], [ 107.37362, -6.9944469, 0.0 ], [ 107.37342, -6.99465, 0.0 ], [ 107.3733671, -6.9946832, 0.0 ], [ 107.3724, -6.99529, 0.0 ], [ 107.37155, -6.99584, 0.0 ], [ 107.3706, -6.99637, 0.0 ], [ 107.36956, -6.99698, 0.0 ], [ 107.3693109, -6.9971107, 0.0 ], [ 107.36834, -6.99762, 0.0 ], [ 107.36782, -6.99784, 0.0 ], [ 107.3675866, -6.9979234, 0.0 ], [ 107.36754, -6.9979401, 0.0 ], [ 107.36761, -6.99808, 0.0 ], [ 107.3676, -6.99822, 0.0 ], [ 107.3676, -6.99847, 0.0 ], [ 107.36768, -6.99861, 0.0 ], [ 107.36796, -6.99886, 0.0 ], [ 107.36838, -6.99921, 0.0 ], [ 107.36859, -6.9993, 0.0 ], [ 107.36893, -6.99946, 0.0 ], [ 107.36891, -6.9996, 0.0 ], [ 107.36889, -6.99984, 0.0 ], [ 107.36893, -7.0, 0.0 ], [ 107.36905, -7.0005, 0.0 ], [ 107.36901, -7.00087, 0.0 ], [ 107.36886, -7.00138, 0.0 ], [ 107.36872, -7.00142, 0.0 ], [ 107.3685862, -7.0014515, 0.0 ], [ 107.3684068, -7.0017098, 0.0 ], [ 107.3680752, -7.0019331, 0.0 ], [ 107.3677919, -7.0021189, 0.0 ], [ 107.3674962, -7.002346, 0.0 ], [ 107.3673883, -7.0025232, 0.0 ], [ 107.3671736, -7.0027687, 0.0 ], [ 107.3667869, -7.0030477, 0.0 ], [ 107.3663994, -7.0031974, 0.0 ], [ 107.3660308, -7.0034024, 0.0 ], [ 107.3656807, -7.0036258, 0.0 ], [ 107.3653679, -7.0039228, 0.0 ], [ 107.3650919, -7.0041643, 0.0 ], [ 107.3647232, -7.0043693, 0.0 ], [ 107.3645023, -7.0045551, 0.0 ], [ 107.3643737, -7.0047035, 0.0 ], [ 107.3643406, -7.0047958, 0.0 ], [ 107.3643008, -7.004907, 0.0 ], [ 107.3641909, -7.0051108, 0.0 ], [ 107.3642473, -7.0052952, 0.0 ], [ 107.3643409, -7.0055348, 0.0 ], [ 107.3643049, -7.0057196, 0.0 ], [ 107.3642134, -7.0059048, 0.0 ], [ 107.364165, -7.0059928, 0.0 ], [ 107.3641218, -7.0060715, 0.0 ], [ 107.3641226, -7.0062377, 0.0 ], [ 107.364142, -7.0064038, 0.0 ], [ 107.364217, -7.0066251, 0.0 ], [ 107.3642181, -7.0068467, 0.0 ], [ 107.364182, -7.0070131, 0.0 ], [ 107.3641275, -7.007198, 0.0 ], [ 107.3640175, -7.0073833, 0.0 ], [ 107.3639814, -7.0075497, 0.0 ], [ 107.3640009, -7.0077527, 0.0 ], [ 107.3640202, -7.0079188, 0.0 ], [ 107.3640584, -7.0081587, 0.0 ], [ 107.363967, -7.0083624, 0.0 ], [ 107.3638757, -7.0085844, 0.0 ], [ 107.3638026, -7.008751, 0.0 ], [ 107.3637481, -7.008936, 0.0 ], [ 107.3637304, -7.0091023, 0.0 ], [ 107.3637682, -7.0092683, 0.0 ], [ 107.3638802, -7.0094894, 0.0 ], [ 107.3639365, -7.0096553, 0.0 ], [ 107.363993, -7.0098582, 0.0 ], [ 107.3641049, -7.0100423, 0.0 ], [ 107.3641797, -7.0102266, 0.0 ], [ 107.364236, -7.0103926, 0.0 ], [ 107.3642555, -7.0105956, 0.0 ], [ 107.3642749, -7.0107617, 0.0 ], [ 107.3642204, -7.0109652, 0.0 ], [ 107.3641844, -7.01115, 0.0 ], [ 107.3641667, -7.0113163, 0.0 ], [ 107.3640938, -7.0115199, 0.0 ], [ 107.3639839, -7.0117236, 0.0 ], [ 107.3638927, -7.0119641, 0.0 ], [ 107.3638203, -7.01226, 0.0 ], [ 107.3638027, -7.0124448, 0.0 ], [ 107.3638222, -7.0126478, 0.0 ], [ 107.3638604, -7.0128877, 0.0 ], [ 107.3639538, -7.0130719, 0.0 ], [ 107.3640841, -7.013256, 0.0 ], [ 107.3642511, -7.0133844, 0.0 ], [ 107.3643812, -7.013513, 0.0 ], [ 107.3644929, -7.0136787, 0.0 ], [ 107.3646046, -7.0138259, 0.0 ], [ 107.3647902, -7.0139727, 0.0 ], [ 107.3649202, -7.0141013, 0.0 ], [ 107.3652169, -7.0142845, 0.0 ], [ 107.3655321, -7.0144861, 0.0 ], [ 107.3657733, -7.0146511, 0.0 ], [ 107.3659774, -7.0147978, 0.0 ], [ 107.3661261, -7.0149633, 0.0 ], [ 107.3662748, -7.0151287, 0.0 ], [ 107.3664236, -7.0153127, 0.0 ], [ 107.3665722, -7.0154597, 0.0 ], [ 107.3667027, -7.0156622, 0.0 ], [ 107.36687, -7.015846, 0.0 ], [ 107.367, -7.0159746, 0.0 ], [ 107.3671674, -7.0161769, 0.0 ], [ 107.3672834, -7.0162766, 0.0 ], [ 107.3673848, -7.0163769, 0.0 ], [ 107.3674717, -7.0164557, 0.0 ], [ 107.3675445, -7.0166065, 0.0 ], [ 107.3675833, -7.0167009, 0.0 ], [ 107.3676169, -7.0167783, 0.0 ], [ 107.3676395, -7.0168612, 0.0 ], [ 107.3676732, -7.0169442, 0.0 ], [ 107.3677124, -7.017016, 0.0 ], [ 107.3677182, -7.0170714, 0.0 ], [ 107.3677352, -7.0171322, 0.0 ], [ 107.3677508, -7.0171784, 0.0 ], [ 107.3677531, -7.0171888, 0.0 ], [ 107.3677764, -7.0172234, 0.0 ], [ 107.3677766, -7.0172524, 0.0 ], [ 107.3677695, -7.017315, 0.0 ], [ 107.3677752, -7.0173703, 0.0 ], [ 107.3677644, -7.0174313, 0.0 ], [ 107.3677536, -7.0174923, 0.0 ], [ 107.3677206, -7.0175478, 0.0 ], [ 107.3676932, -7.0176145, 0.0 ], [ 107.3676658, -7.0176755, 0.0 ], [ 107.3676329, -7.0177422, 0.0 ], [ 107.3676, -7.0178255, 0.0 ], [ 107.3675782, -7.0178976, 0.0 ], [ 107.3675453, -7.0179642, 0.0 ], [ 107.3675179, -7.0180419, 0.0 ], [ 107.3674851, -7.0181197, 0.0 ], [ 107.3674523, -7.018214, 0.0 ], [ 107.367414, -7.0183195, 0.0 ], [ 107.3673978, -7.0184082, 0.0 ], [ 107.3673594, -7.0184804, 0.0 ], [ 107.3673377, -7.0185858, 0.0 ], [ 107.3672904, -7.0187683, 0.0 ], [ 107.3672685, -7.0189041, 0.0 ], [ 107.3672663, -7.0189175, 0.0 ], [ 107.3672465, -7.0190399, 0.0 ], [ 107.3672358, -7.0191531, 0.0 ], [ 107.3672478, -7.0192887, 0.0 ], [ 107.3672711, -7.0194243, 0.0 ], [ 107.3672607, -7.0196053, 0.0 ], [ 107.3672613, -7.0197297, 0.0 ], [ 107.3672961, -7.0198878, 0.0 ], [ 107.3672969, -7.0200574, 0.0 ], [ 107.367298, -7.0202723, 0.0 ], [ 107.3673104, -7.0204871, 0.0 ], [ 107.3672774, -7.0206682, 0.0 ], [ 107.3672339, -7.0210302, 0.0 ], [ 107.3672921, -7.0213353, 0.0 ], [ 107.3673387, -7.0215951, 0.0 ], [ 107.3674863, -7.0216961, 0.0 ], [ 107.3676114, -7.0218086, 0.0 ], [ 107.3677709, -7.0220113, 0.0 ], [ 107.3677717, -7.0221696, 0.0 ], [ 107.3677271, -7.0223169, 0.0 ], [ 107.3677051, -7.0224414, 0.0 ], [ 107.3677398, -7.0225769, 0.0 ], [ 107.3677971, -7.0227236, 0.0 ], [ 107.3678545, -7.0228816, 0.0 ], [ 107.3678902, -7.023232, 0.0 ], [ 107.3677912, -7.0237979, 0.0 ], [ 107.3676468, -7.0243301, 0.0 ], [ 107.367513, -7.0247266, 0.0 ], [ 107.3674125, -7.0250098, 0.0 ], [ 107.3674245, -7.0251454, 0.0 ], [ 107.3674037, -7.0255074, 0.0 ], [ 107.3675523, -7.0257893, 0.0 ], [ 107.3676784, -7.0261053, 0.0 ], [ 107.3676798, -7.026388, 0.0 ], [ 107.3675905, -7.0266373, 0.0 ], [ 107.3674558, -7.0268415, 0.0 ], [ 107.367219, -7.0270236, 0.0 ], [ 107.366925, -7.0270816, 0.0 ], [ 107.3667102, -7.027128, 0.0 ], [ 107.3665297, -7.0272533, 0.0 ], [ 107.3664975, -7.0272976, 0.0 ], [ 107.36655, -7.02741, 0.0 ], [ 107.3665, -7.02762, 0.0 ], [ 107.36647, -7.02773, 0.0 ], [ 107.36657, -7.0279, 0.0 ], [ 107.36674, -7.02804, 0.0 ], [ 107.36688, -7.02808, 0.0 ], [ 107.36702, -7.02802, 0.0 ], [ 107.36727, -7.02767, 0.0 ], [ 107.36736, -7.02756, 0.0 ], [ 107.36747, -7.02753, 0.0 ], [ 107.36761, -7.02761, 0.0 ], [ 107.36776, -7.02792, 0.0 ], [ 107.36783, -7.02817, 0.0 ], [ 107.36783, -7.02833, 0.0 ], [ 107.3677931, -7.0286491, 0.0 ], [ 107.3677036, -7.0288418, 0.0 ], [ 107.3676135, -7.028944, 0.0 ], [ 107.3675963, -7.029, 0.0 ], [ 107.3675579, -7.0291252, 0.0 ], [ 107.3675472, -7.0291453, 0.0 ], [ 107.36782, -7.02926, 0.0 ], [ 107.36802, -7.02935, 0.0 ], [ 107.36813, -7.02946, 0.0 ], [ 107.36816, -7.02955, 0.0 ], [ 107.36807, -7.02965, 0.0 ], [ 107.36787, -7.02978, 0.0 ], [ 107.3680268, -7.030084, 0.0 ], [ 107.3680616, -7.0302535, 0.0 ], [ 107.3680738, -7.030423, 0.0 ], [ 107.3680069, -7.0306269, 0.0 ], [ 107.3679059, -7.0308084, 0.0 ], [ 107.3677142, -7.030945, 0.0 ], [ 107.3673978, -7.0310371, 0.0 ], [ 107.367081, -7.0310613, 0.0 ], [ 107.3667068, -7.0309275, 0.0 ], [ 107.3663211, -7.0307711, 0.0 ], [ 107.3659705, -7.0308068, 0.0 ], [ 107.3657112, -7.031023, 0.0 ], [ 107.3652632, -7.0319638, 0.0 ], [ 107.3650931, -7.0327316, 0.0 ], [ 107.36542, -7.03332, 0.0 ], [ 107.36557, -7.03344, 0.0 ], [ 107.36573, -7.03346, 0.0 ], [ 107.36594, -7.03349, 0.0 ], [ 107.3661, -7.03359, 0.0 ], [ 107.36654, -7.0339, 0.0 ], [ 107.3667, -7.03467, 0.0 ], [ 107.36687, -7.03483, 0.0 ], [ 107.36741, -7.03525, 0.0 ], [ 107.36748, -7.03533, 0.0 ], [ 107.36752, -7.03538, 0.0 ], [ 107.3675302, -7.0354222, 0.0 ], [ 107.3675719, -7.0355948, 0.0 ], [ 107.36759, -7.03567, 0.0 ], [ 107.36765, -7.03599, 0.0 ], [ 107.36765, -7.03629, 0.0 ], [ 107.36746, -7.03677, 0.0 ], [ 107.3674058, -7.0370869, 0.0 ], [ 107.367279, -7.0373047, 0.0 ], [ 107.36724, -7.03749, 0.0 ], [ 107.36725, -7.03802, 0.0 ], [ 107.36723, -7.03818, 0.0 ], [ 107.36717, -7.03834, 0.0 ], [ 107.3672, -7.03848, 0.0 ], [ 107.367, -7.03852, 0.0 ], [ 107.3669039, -7.0385595, 0.0 ], [ 107.3667682, -7.0385828, 0.0 ], [ 107.3665985, -7.0385949, 0.0 ], [ 107.366497, -7.0386746, 0.0 ], [ 107.3663954, -7.0387317, 0.0 ], [ 107.3663166, -7.0388112, 0.0 ], [ 107.3662492, -7.0389133, 0.0 ], [ 107.36622, -7.03904, 0.0 ], [ 107.36637, -7.03932, 0.0 ], [ 107.36692, -7.04019, 0.0 ], [ 107.36715, -7.04063, 0.0 ], [ 107.36718, -7.04086, 0.0 ], [ 107.36712, -7.04108, 0.0 ], [ 107.367, -7.04127, 0.0 ], [ 107.3668866, -7.0414285, 0.0 ], [ 107.3668294, -7.0417148, 0.0 ], [ 107.3665597, -7.0421007, 0.0 ], [ 107.3658622, -7.0429523, 0.0 ], [ 107.3657394, -7.0432922, 0.0 ], [ 107.3656277, -7.0435754, 0.0 ], [ 107.3657642, -7.0437104, 0.0 ], [ 107.3659803, -7.0439242, 0.0 ], [ 107.366118, -7.0442967, 0.0 ], [ 107.3662439, -7.0445674, 0.0 ], [ 107.3663084, -7.0446427, 0.0 ], [ 107.36641, -7.04465, 0.0 ], [ 107.36671, -7.04434, 0.0 ], [ 107.3669, -7.04412, 0.0 ], [ 107.36706, -7.04439, 0.0 ], [ 107.36716, -7.04462, 0.0 ], [ 107.3672, -7.04488, 0.0 ], [ 107.3673, -7.04532, 0.0 ], [ 107.3676, -7.04603, 0.0 ], [ 107.36788, -7.0467, 0.0 ], [ 107.36781, -7.04736, 0.0 ], [ 107.36759, -7.0482, 0.0 ], [ 107.3673751, -7.0487478, 0.0 ], [ 107.36728, -7.04899, 0.0 ], [ 107.3666441, -7.0505517, 0.0 ], [ 107.3666481, -7.0506152, 0.0 ], [ 107.366785, -7.0508181, 0.0 ], [ 107.3669893, -7.0509301, 0.0 ], [ 107.3674312, -7.0510183, 0.0 ], [ 107.3678727, -7.0510274, 0.0 ], [ 107.3681557, -7.0510373, 0.0 ], [ 107.3684732, -7.0511374, 0.0 ], [ 107.3688938, -7.0514972, 0.0 ], [ 107.3692017, -7.0519479, 0.0 ], [ 107.3694067, -7.0521844, 0.0 ], [ 107.3693892, -7.0523341, 0.0 ], [ 107.3694, -7.05235, 0.0 ], [ 107.3694698, -7.05278, 0.0 ], [ 107.3694702, -7.0527841, 0.0 ], [ 107.36948, -7.05289, 0.0 ], [ 107.36943, -7.05334, 0.0 ], [ 107.36929, -7.05394, 0.0 ], [ 107.36925, -7.05403, 0.0 ], [ 107.3691511, -7.0541828, 0.0 ], [ 107.3690187, -7.0543286, 0.0 ], [ 107.3689227, -7.0544984, 0.0 ], [ 107.36864, -7.05489, 0.0 ], [ 107.36837, -7.05523, 0.0 ], [ 107.36818, -7.05546, 0.0 ], [ 107.36807, -7.05559, 0.0 ], [ 107.368, -7.05574, 0.0 ], [ 107.36792, -7.0561, 0.0 ], [ 107.36793, -7.05627, 0.0 ], [ 107.36798, -7.05673, 0.0 ], [ 107.3679, -7.05675, 0.0 ], [ 107.36765, -7.05692, 0.0 ], [ 107.36734, -7.05714, 0.0 ], [ 107.36723, -7.05718, 0.0 ], [ 107.3669533, -7.0576895, 0.0 ], [ 107.3665317, -7.058115, 0.0 ], [ 107.3663272, -7.0583822, 0.0 ], [ 107.3661344, -7.0585525, 0.0 ], [ 107.3659896, -7.0586621, 0.0 ], [ 107.3657725, -7.0588204, 0.0 ], [ 107.3655311, -7.0589668, 0.0 ], [ 107.3653021, -7.0591615, 0.0 ], [ 107.365061, -7.0593804, 0.0 ], [ 107.3648441, -7.0595751, 0.0 ], [ 107.3647719, -7.0596722, 0.0 ], [ 107.3646397, -7.0598664, 0.0 ], [ 107.3644354, -7.0601577, 0.0 ], [ 107.3642799, -7.0605335, 0.0 ], [ 107.3641004, -7.0609577, 0.0 ], [ 107.363898, -7.061624, 0.0 ], [ 107.3637794, -7.0621084, 0.0 ], [ 107.36368, -7.06284, 0.0 ], [ 107.36368, -7.06312, 0.0 ], [ 107.3637579, -7.063358, 0.0 ], [ 107.363749, -7.0635129, 0.0 ], [ 107.3638078, -7.0636577, 0.0 ], [ 107.363828, -7.0638125, 0.0 ], [ 107.3637896, -7.0638804, 0.0 ], [ 107.3637609, -7.0639483, 0.0 ], [ 107.3637321, -7.0640162, 0.0 ], [ 107.3636163, -7.0640941, 0.0 ], [ 107.3634328, -7.0642015, 0.0 ], [ 107.3631136, -7.0642902, 0.0 ], [ 107.3628236, -7.0643981, 0.0 ], [ 107.3625627, -7.0645349, 0.0 ], [ 107.362302, -7.0646911, 0.0 ], [ 107.3620511, -7.0648665, 0.0 ], [ 107.3618871, -7.0650125, 0.0 ], [ 107.3617817, -7.0652259, 0.0 ], [ 107.36172, -7.06542, 0.0 ], [ 107.36181, -7.06552, 0.0 ], [ 107.36191, -7.06562, 0.0 ], [ 107.36203, -7.06572, 0.0 ], [ 107.36213, -7.06586, 0.0 ], [ 107.36218, -7.06593, 0.0 ], [ 107.36231, -7.06611, 0.0 ], [ 107.36241, -7.06628, 0.0 ], [ 107.36248, -7.06638, 0.0 ], [ 107.36262, -7.06652, 0.0 ], [ 107.36278, -7.06666, 0.0 ], [ 107.36299, -7.06686, 0.0 ], [ 107.36311, -7.06692, 0.0 ], [ 107.36328, -7.06701, 0.0 ], [ 107.36357, -7.06707, 0.0 ], [ 107.36388, -7.06715, 0.0 ], [ 107.36396, -7.06725, 0.0 ], [ 107.364, -7.06739, 0.0 ], [ 107.3638339, -7.0676682, 0.0 ], [ 107.3639353, -7.0677793, 0.0 ], [ 107.3639372, -7.068147, 0.0 ], [ 107.3639361, -7.0682271, 0.0 ], [ 107.3639333, -7.0684313, 0.0 ], [ 107.3639301, -7.0686599, 0.0 ], [ 107.3639187, -7.069284, 0.0 ], [ 107.3639219, -7.0699033, 0.0 ], [ 107.3638588, -7.0708326, 0.0 ], [ 107.363934, -7.0714323, 0.0 ], [ 107.36394, -7.07148, 0.0 ], [ 107.36439, -7.07248, 0.0 ], [ 107.36455, -7.07334, 0.0 ], [ 107.36484, -7.07418, 0.0 ], [ 107.36496, -7.07444, 0.0 ], [ 107.36503, -7.07477, 0.0 ], [ 107.365, -7.07501, 0.0 ], [ 107.36495, -7.0752, 0.0 ], [ 107.36497, -7.07532, 0.0 ], [ 107.36542, -7.07576, 0.0 ], [ 107.36582, -7.07624, 0.0 ], [ 107.36615, -7.07668, 0.0 ], [ 107.36621, -7.0768, 0.0 ], [ 107.3662824, -7.0769449, 0.0 ], [ 107.3666, -7.07758, 0.0 ], [ 107.36695, -7.07824, 0.0 ], [ 107.36721, -7.07872, 0.0 ], [ 107.36739, -7.07897, 0.0 ], [ 107.36768, -7.07933, 0.0 ], [ 107.36773, -7.0794, 0.0 ], [ 107.3680986, -7.0797686, 0.0 ], [ 107.36828, -7.07995, 0.0 ], [ 107.36871, -7.08046, 0.0 ], [ 107.36889, -7.08086, 0.0 ], [ 107.3691747, -7.0819722, 0.0 ], [ 107.36921, -7.08211, 0.0 ], [ 107.3693, -7.08257, 0.0 ], [ 107.3692546, -7.0828104, 0.0 ], [ 107.3693271, -7.0832487, 0.0 ], [ 107.3693989, -7.0840224, 0.0 ], [ 107.3692426, -7.0847151, 0.0 ], [ 107.3689932, -7.0852002, 0.0 ], [ 107.3685991, -7.0857925, 0.0 ], [ 107.3682634, -7.0864522, 0.0 ], [ 107.3681362, -7.0871447, 0.0 ], [ 107.3679567, -7.0880262, 0.0 ], [ 107.3676697, -7.088734, 0.0 ], [ 107.3675267, -7.0891798, 0.0 ], [ 107.3673259, -7.0896937, 0.0 ], [ 107.3670108, -7.0905952, 0.0 ], [ 107.3669662, -7.0913502, 0.0 ], [ 107.3670489, -7.0923658, 0.0 ], [ 107.3667822, -7.0932574, 0.0 ], [ 107.3662355, -7.0943246, 0.0 ], [ 107.3658705, -7.0949264, 0.0 ], [ 107.3656112, -7.0953632, 0.0 ], [ 107.3654555, -7.095715, 0.0 ], [ 107.3655598, -7.095762, 0.0 ], [ 107.3657205, -7.0958967, 0.0 ], [ 107.3660163, -7.0961661, 0.0 ], [ 107.3664341, -7.0965132, 0.0 ], [ 107.3664719, -7.0966533, 0.0 ], [ 107.3664597, -7.096824, 0.0 ], [ 107.3664309, -7.0971249, 0.0 ], [ 107.366481, -7.0974935, 0.0 ], [ 107.3665993, -7.0979082, 0.0 ], [ 107.3666179, -7.0980745, 0.0 ], [ 107.3666888, -7.0983234, 0.0 ], [ 107.3667673, -7.0984725, 0.0 ], [ 107.3669576, -7.0987049, 0.0 ], [ 107.3670682, -7.0987818, 0.0 ], [ 107.3673462, -7.0989818, 0.0 ], [ 107.3675708, -7.0991152, 0.0 ], [ 107.3677794, -7.0992408, 0.0 ], [ 107.3679208, -7.0993215, 0.0 ], [ 107.3683337, -7.0995307, 0.0 ], [ 107.3684742, -7.0996193, 0.0 ], [ 107.3686435, -7.0997123, 0.0 ], [ 107.3688625, -7.0998703, 0.0 ], [ 107.3690355, -7.0999962, 0.0 ], [ 107.3691443, -7.1000882, 0.0 ], [ 107.3692501, -7.1001663, 0.0 ], [ 107.3693726, -7.1002812, 0.0 ], [ 107.3695023, -7.1004673, 0.0 ], [ 107.3695939, -7.1005936, 0.0 ], [ 107.3696469, -7.1006912, 0.0 ], [ 107.3696811, -7.1007797, 0.0 ], [ 107.3697189, -7.1008852, 0.0 ], [ 107.3697538, -7.1009634, 0.0 ], [ 107.3698047, -7.1010779, 0.0 ], [ 107.3698298, -7.101166, 0.0 ], [ 107.3698641, -7.1013582, 0.0 ], [ 107.3698835, -7.1015032, 0.0 ], [ 107.3699324, -7.101711, 0.0 ], [ 107.369957, -7.1017931, 0.0 ], [ 107.369993, -7.1018542, 0.0 ], [ 107.3700561, -7.1020117, 0.0 ], [ 107.3700711, -7.102136, 0.0 ], [ 107.3700715, -7.1022221, 0.0 ], [ 107.3700601, -7.1023393, 0.0 ], [ 107.3700488, -7.1024791, 0.0 ], [ 107.3700681, -7.1026917, 0.0 ], [ 107.3700839, -7.1027649, 0.0 ], [ 107.3701175, -7.1029153, 0.0 ], [ 107.3702357, -7.1031886, 0.0 ], [ 107.3703139, -7.1032719, 0.0 ], [ 107.3704601, -7.1033793, 0.0 ], [ 107.3705901, -7.1034498, 0.0 ], [ 107.3707456, -7.1035232, 0.0 ], [ 107.3709358, -7.1032562, 0.0 ], [ 107.3711231, -7.1030281, 0.0 ], [ 107.3712658, -7.102833, 0.0 ], [ 107.3714325, -7.1026708, 0.0 ], [ 107.3715, -7.102631, 0.0 ], [ 107.371537, -7.102613, 0.0 ], [ 107.3716, -7.102576, 0.0 ], [ 107.371658, -7.102531, 0.0 ], [ 107.371661, -7.102522, 0.0 ], [ 107.371694, -7.102449, 0.0 ], [ 107.371708, -7.102404, 0.0 ], [ 107.371713, -7.102368, 0.0 ], [ 107.371714, -7.102359, 0.0 ], [ 107.371715, -7.102341, 0.0 ], [ 107.371722, -7.102305, 0.0 ], [ 107.371736, -7.10225, 0.0 ], [ 107.371756, -7.102205, 0.0 ], [ 107.371792, -7.102133, 0.0 ], [ 107.371838, -7.102051, 0.0 ], [ 107.371893, -7.101969, 0.0 ], [ 107.371927, -7.101933, 0.0 ], [ 107.371964, -7.10187, 0.0 ], [ 107.372011, -7.101797, 0.0 ], [ 107.372076, -7.101697, 0.0 ], [ 107.372111, -7.101643, 0.0 ], [ 107.372159, -7.101543, 0.0 ], [ 107.372188, -7.101462, 0.0 ], [ 107.372212, -7.10138, 0.0 ], [ 107.37222, -7.101353, 0.0 ], [ 107.372245, -7.101281, 0.0 ], [ 107.372268, -7.101217, 0.0 ], [ 107.372286, -7.101172, 0.0 ], [ 107.372302, -7.101091, 0.0 ], [ 107.372328, -7.100982, 0.0 ], [ 107.372356, -7.100873, 0.0 ], [ 107.372397, -7.100765, 0.0 ], [ 107.372446, -7.100656, 0.0 ], [ 107.37249, -7.100574, 0.0 ], [ 107.372496, -7.100565, 0.0 ], [ 107.372549, -7.100484, 0.0 ], [ 107.372606, -7.100411, 0.0 ], [ 107.372682, -7.100302, 0.0 ], [ 107.372781, -7.100166, 0.0 ], [ 107.372809, -7.10013, 0.0 ], [ 107.37291, -7.100012, 0.0 ], [ 107.373012, -7.09993, 0.0 ], [ 107.37316, -7.09983, 0.0 ], [ 107.3733, -7.099748, 0.0 ], [ 107.373367, -7.099702, 0.0 ], [ 107.373486, -7.099602, 0.0 ], [ 107.373559, -7.099529, 0.0 ], [ 107.373728, -7.099357, 0.0 ], [ 107.373897, -7.099184, 0.0 ], [ 107.374076, -7.099021, 0.0 ], [ 107.374128, -7.098984, 0.0 ], [ 107.374345, -7.098829, 0.0 ], [ 107.374624, -7.09862, 0.0 ], [ 107.374646, -7.098602, 0.0 ], [ 107.374938, -7.098356, 0.0 ], [ 107.374999, -7.09832, 0.0 ], [ 107.375192, -7.098183, 0.0 ], [ 107.375534, -7.097965, 0.0 ], [ 107.37582, -7.097819, 0.0 ], [ 107.376354, -7.097536, 0.0 ], [ 107.376839, -7.097226, 0.0 ], [ 107.377185, -7.096989, 0.0 ], [ 107.377165, -7.096917, 0.0 ], [ 107.377006, -7.096511, 0.0 ], [ 107.376689, -7.09579, 0.0 ], [ 107.37651, -7.095411, 0.0 ], [ 107.376481, -7.095176, 0.0 ], [ 107.376531, -7.09495, 0.0 ], [ 107.3765679, -7.094891, 0.0 ], [ 107.376633, -7.094787, 0.0 ], [ 107.376871, -7.0944449, 0.0 ], [ 107.37693, -7.09436, 0.0 ], [ 107.377049, -7.093628, 0.0 ], [ 107.377049, -7.093601, 0.0 ], [ 107.376985, -7.093086, 0.0 ], [ 107.376891, -7.092923, 0.0 ], [ 107.37664, -7.092663, 0.0 ], [ 107.376194, -7.092213, 0.0 ], [ 107.3768851, -7.0922514, 0.0 ], [ 107.3790751, -7.0930889, 0.0 ], [ 107.3795697, -7.0930319, 0.0 ], [ 107.3797329, -7.0929953, 0.0 ], [ 107.3799514, -7.0930061, 0.0 ], [ 107.3801192, -7.0930382, 0.0 ], [ 107.3803228, -7.093064, 0.0 ], [ 107.3805656, -7.0930702, 0.0 ], [ 107.3806728, -7.0930562, 0.0 ], [ 107.3807535, -7.0930319, 0.0 ], [ 107.3809029, -7.0929803, 0.0 ], [ 107.3810672, -7.0929379, 0.0 ], [ 107.3811571, -7.0929585, 0.0 ], [ 107.3812292, -7.0930155, 0.0 ], [ 107.3813496, -7.0931488, 0.0 ], [ 107.3815425, -7.0934132, 0.0 ], [ 107.3816438, -7.0935538, 0.0 ], [ 107.3819089, -7.093856, 0.0 ], [ 107.3821796, -7.094108, 0.0 ], [ 107.3824382, -7.0943398, 0.0 ], [ 107.3830245, -7.094781, 0.0 ], [ 107.3832297, -7.0948608, 0.0 ], [ 107.383595, -7.0950486, 0.0 ], [ 107.383928, -7.0951921, 0.0 ], [ 107.3841223, -7.0952746, 0.0 ], [ 107.3843974, -7.0954922, 0.0 ], [ 107.3847441, -7.0957327, 0.0 ], [ 107.3848965, -7.0958407, 0.0 ], [ 107.3851776, -7.0962446, 0.0 ], [ 107.3853624, -7.0964479, 0.0 ], [ 107.3854332, -7.0965024, 0.0 ], [ 107.3854844, -7.096556, 0.0 ], [ 107.3855087, -7.0966306, 0.0 ], [ 107.3855243, -7.096759, 0.0 ], [ 107.3855346, -7.0970161, 0.0 ], [ 107.3855959, -7.0972937, 0.0 ], [ 107.3856715, -7.0974458, 0.0 ], [ 107.3857557, -7.0975171, 0.0 ], [ 107.3858755, -7.0975404, 0.0 ], [ 107.3860012, -7.0975487, 0.0 ], [ 107.3861478, -7.097539, 0.0 ], [ 107.3863273, -7.0975291, 0.0 ], [ 107.386402, -7.09752, 0.0 ], [ 107.386502, -7.097529, 0.0 ], [ 107.386545, -7.097538, 0.0 ], [ 107.386671, -7.097609, 0.0 ], [ 107.3868, -7.097699, 0.0 ], [ 107.386838, -7.097735, 0.0 ], [ 107.38703, -7.09787, 0.0 ], [ 107.387181, -7.09795, 0.0 ], [ 107.387308, -7.097995, 0.0 ], [ 107.387358, -7.098022, 0.0 ], [ 107.387609, -7.098129, 0.0 ], [ 107.387742, -7.098164, 0.0 ], [ 107.388007, -7.098199, 0.0 ], [ 107.388049, -7.098199, 0.0 ], [ 107.388262, -7.098216, 0.0 ], [ 107.388468, -7.098323, 0.0 ], [ 107.388631, -7.098485, 0.0 ], [ 107.388798, -7.098647, 0.0 ], [ 107.38881, -7.098656, 0.0 ], [ 107.388912, -7.098773, 0.0 ], [ 107.3889601, -7.0988658, 0.0 ], [ 107.388996, -7.098935, 0.0 ], [ 107.38907, -7.09907, 0.0 ], [ 107.389076, -7.099079, 0.0 ], [ 107.389175, -7.099196, 0.0 ], [ 107.389211, -7.099223, 0.0 ], [ 107.389325, -7.099277, 0.0 ], [ 107.389453, -7.099312, 0.0 ], [ 107.389566, -7.099321, 0.0 ], [ 107.389697, -7.099329, 0.0 ], [ 107.389863, -7.099355, 0.0 ], [ 107.390021, -7.099391, 0.0 ], [ 107.390187, -7.099435, 0.0 ], [ 107.390213, -7.099444, 0.0 ], [ 107.3902522, -7.0994535, 0.0 ], [ 107.3902831, -7.099461, 0.0 ], [ 107.390394, -7.099488, 0.0 ], [ 107.390518, -7.099506, 0.0 ], [ 107.3907, -7.09955, 0.0 ], [ 107.390709, -7.099559, 0.0 ], [ 107.390969, -7.099603, 0.0 ], [ 107.391351, -7.099565, 0.0 ], [ 107.391381, -7.099564, 0.0 ], [ 107.391942, -7.099489, 0.0 ], [ 107.392184, -7.099488, 0.0 ], [ 107.392356, -7.099171, 0.0 ], [ 107.3923604, -7.0991649, 0.0 ], [ 107.3923692, -7.0991526, 0.0 ], [ 107.39248, -7.098998, 0.0 ], [ 107.393116, -7.09829, 0.0 ], [ 107.393217, -7.098181, 0.0 ], [ 107.39374, -7.097537, 0.0 ], [ 107.393769, -7.097491, 0.0 ], [ 107.394039, -7.096839, 0.0 ], [ 107.394361, -7.096106, 0.0 ], [ 107.394519, -7.095797, 0.0 ], [ 107.394888, -7.095425, 0.0 ], [ 107.395308, -7.095061, 0.0 ], [ 107.39539, -7.095007, 0.0 ], [ 107.39522, -7.094628, 0.0 ], [ 107.395203, -7.094393, 0.0 ], [ 107.395269, -7.093932, 0.0 ], [ 107.395368, -7.09366, 0.0 ], [ 107.395666, -7.093152, 0.0 ], [ 107.395779, -7.092817, 0.0 ], [ 107.396049, -7.092436, 0.0 ], [ 107.3961284, -7.092327, 0.0 ], [ 107.396234, -7.092182, 0.0 ], [ 107.396776, -7.092279, 0.0 ], [ 107.3968539, -7.0923232, 0.0 ], [ 107.3988707, -7.0923128, 0.0 ], [ 107.400274, -7.092189, 0.0 ], [ 107.400352, -7.092152, 0.0 ], [ 107.400682, -7.092033, 0.0 ], [ 107.401076, -7.091877, 0.0 ], [ 107.401315, -7.09184, 0.0 ], [ 107.40145, -7.091875, 0.0 ], [ 107.401663, -7.092118, 0.0 ], [ 107.401757, -7.092316, 0.0 ], [ 107.401829, -7.092587, 0.0 ], [ 107.4020131, -7.0928146, 0.0 ], [ 107.4020665, -7.0928807, 0.0 ], [ 107.402142, -7.092974, 0.0 ], [ 107.402714, -7.093514, 0.0 ], [ 107.40276, -7.093513, 0.0 ], [ 107.4031, -7.093503, 0.0 ], [ 107.4031442, -7.0935058, 0.0 ], [ 107.403489, -7.093528, 0.0 ], [ 107.403733, -7.093608, 0.0 ], [ 107.403751, -7.093617, 0.0 ], [ 107.404054, -7.093724, 0.0 ], [ 107.404298, -7.093822, 0.0 ], [ 107.404539, -7.093965, 0.0 ], [ 107.404821, -7.094153, 0.0 ], [ 107.405026, -7.094351, 0.0 ], [ 107.405269, -7.094648, 0.0 ], [ 107.405535, -7.094954, 0.0 ], [ 107.405633, -7.095053, 0.0 ], [ 107.405828, -7.095161, 0.0 ], [ 107.4059966, -7.0952275, 0.0 ], [ 107.406031, -7.095241, 0.0 ], [ 107.406205, -7.095321, 0.0 ], [ 107.406405, -7.095429, 0.0 ], [ 107.406548, -7.095518, 0.0 ], [ 107.406684, -7.09559, 0.0 ], [ 107.406803, -7.095662, 0.0 ], [ 107.406959, -7.09576, 0.0 ], [ 107.407087, -7.09585, 0.0 ], [ 107.40723, -7.095939, 0.0 ], [ 107.407442, -7.096056, 0.0 ], [ 107.407623, -7.096172, 0.0 ], [ 107.407769, -7.096271, 0.0 ], [ 107.4077923, -7.0962861, 0.0 ], [ 107.40788, -7.096343, 0.0 ], [ 107.408043, -7.096469, 0.0 ], [ 107.408158, -7.096567, 0.0 ], [ 107.408173, -7.096576, 0.0 ], [ 107.408279, -7.096666, 0.0 ], [ 107.408373, -7.096756, 0.0 ], [ 107.408456, -7.096828, 0.0 ], [ 107.408548, -7.096873, 0.0 ], [ 107.4086, -7.0969, 0.0 ], [ 107.4087325, -7.0969209, 0.0 ], [ 107.4088761, -7.0969094, 0.0 ], [ 107.4089476, -7.096889, 0.0 ], [ 107.408982, -7.0968592, 0.0 ], [ 107.4089962, -7.0967913, 0.0 ], [ 107.4090013, -7.0966506, 0.0 ], [ 107.4090038, -7.0965609, 0.0 ], [ 107.4089731, -7.0964086, 0.0 ], [ 107.4089328, -7.0962871, 0.0 ], [ 107.4088602, -7.096131, 0.0 ], [ 107.4087852, -7.0959463, 0.0 ], [ 107.4087033, -7.0957464, 0.0 ], [ 107.4086453, -7.0955136, 0.0 ], [ 107.4085968, -7.0953973, 0.0 ], [ 107.4085275, -7.095305, 0.0 ], [ 107.408431, -7.095165, 0.0 ], [ 107.4083674, -7.0950278, 0.0 ], [ 107.4082796, -7.094825, 0.0 ], [ 107.408206, -7.094651, 0.0 ], [ 107.408192, -7.094633, 0.0 ], [ 107.408139, -7.094588, 0.0 ], [ 107.407994, -7.094417, 0.0 ], [ 107.407927, -7.094345, 0.0 ], [ 107.407882, -7.0943, 0.0 ], [ 107.407848, -7.094228, 0.0 ], [ 107.4078, -7.094111, 0.0 ], [ 107.407753, -7.09403, 0.0 ], [ 107.40773, -7.094003, 0.0 ], [ 107.407684, -7.093895, 0.0 ], [ 107.407673, -7.09384, 0.0 ], [ 107.407662, -7.093696, 0.0 ], [ 107.407641, -7.093524, 0.0 ], [ 107.407605, -7.093344, 0.0 ], [ 107.407584, -7.093136, 0.0 ], [ 107.407585, -7.093091, 0.0 ], [ 107.4075844, -7.0930661, 0.0 ], [ 107.40758, -7.092883, 0.0 ], [ 107.407551, -7.092747, 0.0 ], [ 107.407457, -7.092495, 0.0 ], [ 107.407389, -7.092369, 0.0 ], [ 107.407143, -7.092072, 0.0 ], [ 107.407046, -7.091783, 0.0 ], [ 107.407046, -7.091765, 0.0 ], [ 107.407074, -7.091421, 0.0 ], [ 107.407098, -7.091331, 0.0 ], [ 107.407206, -7.091122, 0.0 ], [ 107.407358, -7.090941, 0.0 ], [ 107.407869, -7.090369, 0.0 ], [ 107.40819, -7.089798, 0.0 ], [ 107.4082628, -7.0895275, 0.0 ], [ 107.408285, -7.089445, 0.0 ], [ 107.408376, -7.089173, 0.0 ], [ 107.408464, -7.089109, 0.0 ], [ 107.408558, -7.089127, 0.0 ], [ 107.409061, -7.08926, 0.0 ], [ 107.409313, -7.089231, 0.0 ], [ 107.4095, -7.089131, 0.0 ], [ 107.40981, -7.088831, 0.0 ], [ 107.409946, -7.088605, 0.0 ], [ 107.410092, -7.088342, 0.0 ], [ 107.410219, -7.088196, 0.0 ], [ 107.410271, -7.08807, 0.0 ], [ 107.4103512, -7.0878373, 0.0 ], [ 107.410521, -7.087345, 0.0 ], [ 107.41048, -7.086894, 0.0 ], [ 107.410394, -7.086361, 0.0 ], [ 107.410323, -7.086081, 0.0 ], [ 107.410345, -7.085909, 0.0 ], [ 107.410387, -7.085846, 0.0 ], [ 107.410681, -7.085546, 0.0 ], [ 107.410913, -7.085418, 0.0 ], [ 107.411154, -7.085308, 0.0 ], [ 107.411201, -7.085182, 0.0 ], [ 107.411256, -7.084838, 0.0 ], [ 107.41155, -7.084312, 0.0 ], [ 107.411582, -7.084068, 0.0 ], [ 107.4116507, -7.0840419, 0.0 ], [ 107.411884, -7.0840009, 0.0 ], [ 107.4121532, -7.0839756, 0.0 ], [ 107.4123795, -7.0839641, 0.0 ], [ 107.4126846, -7.0839325, 0.0 ], [ 107.4130085, -7.0838935, 0.0 ], [ 107.4132668, -7.0838475, 0.0 ], [ 107.4135105, -7.0837414, 0.0 ], [ 107.4137494, -7.0836565, 0.0 ], [ 107.4140601, -7.0835532, 0.0 ], [ 107.4145384, -7.083467, 0.0 ], [ 107.4150347, -7.0833867, 0.0 ], [ 107.4152616, -7.0832899, 0.0 ], [ 107.4154583, -7.0831394, 0.0 ], [ 107.4156682, -7.0829288, 0.0 ], [ 107.416136, -7.0824353, 0.0 ], [ 107.4163649, -7.0820707, 0.0 ], [ 107.4164363, -7.0817994, 0.0 ], [ 107.4164791, -7.0815567, 0.0 ], [ 107.4164838, -7.0813521, 0.0 ], [ 107.4164126, -7.0811801, 0.0 ], [ 107.4163387, -7.0810976, 0.0 ], [ 107.416245, -7.080993, 0.0 ], [ 107.416131, -7.08077, 0.0 ], [ 107.416007, -7.080563, 0.0 ], [ 107.415713, -7.080303, 0.0 ], [ 107.415592, -7.080143, 0.0 ], [ 107.415563, -7.079994, 0.0 ], [ 107.415596, -7.079774, 0.0 ], [ 107.415751, -7.079256, 0.0 ], [ 107.415775, -7.079164, 0.0 ], [ 107.4157851, -7.0791218, 0.0 ], [ 107.4158034, -7.0791211, 0.0 ], [ 107.4158657, -7.0791568, 0.0 ], [ 107.415939, -7.079288, 0.0 ], [ 107.415995, -7.079373, 0.0 ], [ 107.416022, -7.079414, 0.0 ], [ 107.41617, -7.07969, 0.0 ], [ 107.416258, -7.079693, 0.0 ], [ 107.41655, -7.079597, 0.0 ], [ 107.416782, -7.079545, 0.0 ], [ 107.417022, -7.079502, 0.0 ], [ 107.417066, -7.079407, 0.0 ], [ 107.417149, -7.079273, 0.0 ], [ 107.417265, -7.079231, 0.0 ], [ 107.417412, -7.079257, 0.0 ], [ 107.417659, -7.079283, 0.0 ], [ 107.4177361, -7.0792586, 0.0 ], [ 107.4177364, -7.0792585, 0.0 ], [ 107.417823, -7.079231, 0.0 ], [ 107.417862, -7.079164, 0.0 ], [ 107.417983, -7.078818, 0.0 ], [ 107.4180146, -7.0787896, 0.0 ], [ 107.41813, -7.078686, 0.0 ], [ 107.418302, -7.078626, 0.0 ], [ 107.4184721, -7.0786324, 0.0 ], [ 107.4184921, -7.0784717, 0.0 ], [ 107.4185278, -7.0782992, 0.0 ], [ 107.4185456, -7.0781148, 0.0 ], [ 107.4185383, -7.0780262, 0.0 ], [ 107.4185843, -7.0778382, 0.0 ], [ 107.418623, -7.0777133, 0.0 ], [ 107.4186754, -7.0775711, 0.0 ], [ 107.4187013, -7.0774139, 0.0 ], [ 107.4186662, -7.0772709, 0.0 ], [ 107.41872, -7.07722, 0.0 ], [ 107.41886, -7.07709, 0.0 ], [ 107.4190609, -7.0768174, 0.0 ], [ 107.41914, -7.07671, 0.0 ], [ 107.41921, -7.07658, 0.0 ], [ 107.41934, -7.07646, 0.0 ], [ 107.41957, -7.07634, 0.0 ], [ 107.41994, -7.07611, 0.0 ], [ 107.42041, -7.07575, 0.0 ], [ 107.42078, -7.07565, 0.0 ], [ 107.42103, -7.07567, 0.0 ], [ 107.4213, -7.07575, 0.0 ], [ 107.42151, -7.07575, 0.0 ], [ 107.42169, -7.0757, 0.0 ], [ 107.42179, -7.0756, 0.0 ], [ 107.42184, -7.07544, 0.0 ], [ 107.42193, -7.07529, 0.0 ], [ 107.42214, -7.07516, 0.0 ], [ 107.422, -7.07468, 0.0 ], [ 107.4219, -7.07384, 0.0 ], [ 107.4218935, -7.0737042, 0.0 ], [ 107.42189, -7.07363, 0.0 ], [ 107.42152, -7.07321, 0.0 ], [ 107.42141, -7.07308, 0.0 ], [ 107.42136, -7.07291, 0.0 ], [ 107.42143, -7.07262, 0.0 ], [ 107.4216, -7.07225, 0.0 ], [ 107.42172, -7.07204, 0.0 ], [ 107.4217, -7.07169, 0.0 ], [ 107.42175, -7.07091, 0.0 ], [ 107.42135, -7.07036, 0.0 ], [ 107.42116, -7.07008, 0.0 ], [ 107.42109, -7.06985, 0.0 ], [ 107.4209, -7.0691, 0.0 ], [ 107.42078, -7.06863, 0.0 ], [ 107.42036, -7.06812, 0.0 ], [ 107.42023, -7.06793, 0.0 ], [ 107.42, -7.06763, 0.0 ], [ 107.41992, -7.06751, 0.0 ], [ 107.4199, -7.06732, 0.0 ] ] ] ] } },
{ "type": "Feature", "properties": { "kd_propinsi": "32", "kd_dati2": "17", "kd_kecamatan": "015", "nama_kecamatan": "Gununghalu", "id_kecamatan": 15 }, "geometry": { "type": "MultiPolygon", "coordinates": [ [ [ [ 107.36948, -7.05289, 0.0 ], [ 107.3694702, -7.0527841, 0.0 ], [ 107.3694698, -7.05278, 0.0 ], [ 107.3694, -7.05235, 0.0 ], [ 107.3693892, -7.0523341, 0.0 ], [ 107.3694067, -7.0521844, 0.0 ], [ 107.3692017, -7.0519479, 0.0 ], [ 107.3688938, -7.0514972, 0.0 ], [ 107.3684732, -7.0511374, 0.0 ], [ 107.3681557, -7.0510373, 0.0 ], [ 107.3678727, -7.0510274, 0.0 ], [ 107.3674312, -7.0510183, 0.0 ], [ 107.3669893, -7.0509301, 0.0 ], [ 107.366785, -7.0508181, 0.0 ], [ 107.3666481, -7.0506152, 0.0 ], [ 107.3666441, -7.0505517, 0.0 ], [ 107.36728, -7.04899, 0.0 ], [ 107.3673751, -7.0487478, 0.0 ], [ 107.36759, -7.0482, 0.0 ], [ 107.36781, -7.04736, 0.0 ], [ 107.36788, -7.0467, 0.0 ], [ 107.3676, -7.04603, 0.0 ], [ 107.3673, -7.04532, 0.0 ], [ 107.3672, -7.04488, 0.0 ], [ 107.36716, -7.04462, 0.0 ], [ 107.36706, -7.04439, 0.0 ], [ 107.3669, -7.04412, 0.0 ], [ 107.36671, -7.04434, 0.0 ], [ 107.36641, -7.04465, 0.0 ], [ 107.3663084, -7.0446427, 0.0 ], [ 107.3662439, -7.0445674, 0.0 ], [ 107.366118, -7.0442967, 0.0 ], [ 107.3659803, -7.0439242, 0.0 ], [ 107.3657642, -7.0437104, 0.0 ], [ 107.3656277, -7.0435754, 0.0 ], [ 107.3657394, -7.0432922, 0.0 ], [ 107.3658622, -7.0429523, 0.0 ], [ 107.3665597, -7.0421007, 0.0 ], [ 107.3668294, -7.0417148, 0.0 ], [ 107.3668866, -7.0414285, 0.0 ], [ 107.367, -7.04127, 0.0 ], [ 107.36712, -7.04108, 0.0 ], [ 107.36718, -7.04086, 0.0 ], [ 107.36715, -7.04063, 0.0 ], [ 107.36692, -7.04019, 0.0 ], [ 107.36637, -7.03932, 0.0 ], [ 107.36622, -7.03904, 0.0 ], [ 107.3662492, -7.0389133, 0.0 ], [ 107.3663166, -7.0388112, 0.0 ], [ 107.3663954, -7.0387317, 0.0 ], [ 107.366497, -7.0386746, 0.0 ], [ 107.3665985, -7.0385949, 0.0 ], [ 107.3667682, -7.0385828, 0.0 ], [ 107.3669039, -7.0385595, 0.0 ], [ 107.367, -7.03852, 0.0 ], [ 107.3672, -7.03848, 0.0 ], [ 107.36717, -7.03834, 0.0 ], [ 107.36723, -7.03818, 0.0 ], [ 107.36725, -7.03802, 0.0 ], [ 107.36724, -7.03749, 0.0 ], [ 107.367279, -7.0373047, 0.0 ], [ 107.3674058, -7.0370869, 0.0 ], [ 107.36746, -7.03677, 0.0 ], [ 107.36765, -7.03629, 0.0 ], [ 107.36765, -7.03599, 0.0 ], [ 107.36759, -7.03567, 0.0 ], [ 107.3675719, -7.0355948, 0.0 ], [ 107.3675302, -7.0354222, 0.0 ], [ 107.36752, -7.03538, 0.0 ], [ 107.36748, -7.03533, 0.0 ], [ 107.36741, -7.03525, 0.0 ], [ 107.36687, -7.03483, 0.0 ], [ 107.3667, -7.03467, 0.0 ], [ 107.36654, -7.0339, 0.0 ], [ 107.3661, -7.03359, 0.0 ], [ 107.36594, -7.03349, 0.0 ], [ 107.36573, -7.03346, 0.0 ], [ 107.36557, -7.03344, 0.0 ], [ 107.36542, -7.03332, 0.0 ], [ 107.3650931, -7.0327316, 0.0 ], [ 107.3652632, -7.0319638, 0.0 ], [ 107.3657112, -7.031023, 0.0 ], [ 107.3659705, -7.0308068, 0.0 ], [ 107.3663211, -7.0307711, 0.0 ], [ 107.3667068, -7.0309275, 0.0 ], [ 107.367081, -7.0310613, 0.0 ], [ 107.3673978, -7.0310371, 0.0 ], [ 107.3677142, -7.030945, 0.0 ], [ 107.3679059, -7.0308084, 0.0 ], [ 107.3680069, -7.0306269, 0.0 ], [ 107.3680738, -7.030423, 0.0 ], [ 107.3680616, -7.0302535, 0.0 ], [ 107.3680268, -7.030084, 0.0 ], [ 107.36787, -7.02978, 0.0 ], [ 107.36807, -7.02965, 0.0 ], [ 107.36816, -7.02955, 0.0 ], [ 107.36813, -7.02946, 0.0 ], [ 107.36802, -7.02935, 0.0 ], [ 107.36782, -7.02926, 0.0 ], [ 107.3675472, -7.0291453, 0.0 ], [ 107.3675579, -7.0291252, 0.0 ], [ 107.3675963, -7.029, 0.0 ], [ 107.3676135, -7.028944, 0.0 ], [ 107.3677036, -7.0288418, 0.0 ], [ 107.3677931, -7.0286491, 0.0 ], [ 107.36783, -7.02833, 0.0 ], [ 107.36783, -7.02817, 0.0 ], [ 107.36776, -7.02792, 0.0 ], [ 107.36761, -7.02761, 0.0 ], [ 107.36747, -7.02753, 0.0 ], [ 107.36736, -7.02756, 0.0 ], [ 107.36727, -7.02767, 0.0 ], [ 107.36702, -7.02802, 0.0 ], [ 107.36688, -7.02808, 0.0 ], [ 107.36674, -7.02804, 0.0 ], [ 107.36657, -7.0279, 0.0 ], [ 107.36647, -7.02773, 0.0 ], [ 107.3665, -7.02762, 0.0 ], [ 107.36655, -7.02741, 0.0 ], [ 107.3664975, -7.0272976, 0.0 ], [ 107.3665297, -7.0272533, 0.0 ], [ 107.3667102, -7.027128, 0.0 ], [ 107.366925, -7.0270816, 0.0 ], [ 107.367219, -7.0270236, 0.0 ], [ 107.3674558, -7.0268415, 0.0 ], [ 107.3675905, -7.0266373, 0.0 ], [ 107.3676798, -7.026388, 0.0 ], [ 107.3676784, -7.0261053, 0.0 ], [ 107.3675523, -7.0257893, 0.0 ], [ 107.3674037, -7.0255074, 0.0 ], [ 107.3674245, -7.0251454, 0.0 ], [ 107.3674125, -7.0250098, 0.0 ], [ 107.367513, -7.0247266, 0.0 ], [ 107.3676468, -7.0243301, 0.0 ], [ 107.3677912, -7.0237979, 0.0 ], [ 107.3678902, -7.023232, 0.0 ], [ 107.3678545, -7.0228816, 0.0 ], [ 107.3677971, -7.0227236, 0.0 ], [ 107.3677398, -7.0225769, 0.0 ], [ 107.3677051, -7.0224414, 0.0 ], [ 107.3677271, -7.0223169, 0.0 ], [ 107.3677717, -7.0221696, 0.0 ], [ 107.3677709, -7.0220113, 0.0 ], [ 107.3676114, -7.0218086, 0.0 ], [ 107.3674863, -7.0216961, 0.0 ], [ 107.3673387, -7.0215951, 0.0 ], [ 107.3672921, -7.0213353, 0.0 ], [ 107.3672339, -7.0210302, 0.0 ], [ 107.3672774, -7.0206682, 0.0 ], [ 107.3673104, -7.0204871, 0.0 ], [ 107.367298, -7.0202723, 0.0 ], [ 107.3672969, -7.0200574, 0.0 ], [ 107.3672961, -7.0198878, 0.0 ], [ 107.3672613, -7.0197297, 0.0 ], [ 107.3672607, -7.0196053, 0.0 ], [ 107.3672711, -7.0194243, 0.0 ], [ 107.3672478, -7.0192887, 0.0 ], [ 107.3672358, -7.0191531, 0.0 ], [ 107.3672465, -7.0190399, 0.0 ], [ 107.3672663, -7.0189175, 0.0 ], [ 107.3672685, -7.0189041, 0.0 ], [ 107.3672904, -7.0187683, 0.0 ], [ 107.3673377, -7.0185858, 0.0 ], [ 107.3673594, -7.0184804, 0.0 ], [ 107.3673978, -7.0184082, 0.0 ], [ 107.367414, -7.0183195, 0.0 ], [ 107.3674523, -7.018214, 0.0 ], [ 107.3674851, -7.0181197, 0.0 ], [ 107.3675179, -7.0180419, 0.0 ], [ 107.3675453, -7.0179642, 0.0 ], [ 107.3675782, -7.0178976, 0.0 ], [ 107.3676, -7.0178255, 0.0 ], [ 107.3676329, -7.0177422, 0.0 ], [ 107.3676658, -7.0176755, 0.0 ], [ 107.3676932, -7.0176145, 0.0 ], [ 107.3677206, -7.0175478, 0.0 ], [ 107.3677536, -7.0174923, 0.0 ], [ 107.3677644, -7.0174313, 0.0 ], [ 107.3677752, -7.0173703, 0.0 ], [ 107.3677695, -7.017315, 0.0 ], [ 107.3677766, -7.0172524, 0.0 ], [ 107.3677764, -7.0172234, 0.0 ], [ 107.3677531, -7.0171888, 0.0 ], [ 107.3677508, -7.0171784, 0.0 ], [ 107.3677352, -7.0171322, 0.0 ], [ 107.3677182, -7.0170714, 0.0 ], [ 107.3677124, -7.017016, 0.0 ], [ 107.3676732, -7.0169442, 0.0 ], [ 107.3676395, -7.0168612, 0.0 ], [ 107.3676169, -7.0167783, 0.0 ], [ 107.3675833, -7.0167009, 0.0 ], [ 107.3675445, -7.0166065, 0.0 ], [ 107.3674717, -7.0164557, 0.0 ], [ 107.3673848, -7.0163769, 0.0 ], [ 107.3672834, -7.0162766, 0.0 ], [ 107.3671674, -7.0161769, 0.0 ], [ 107.367, -7.0159746, 0.0 ], [ 107.36687, -7.015846, 0.0 ], [ 107.3667027, -7.0156622, 0.0 ], [ 107.3665722, -7.0154597, 0.0 ], [ 107.3664236, -7.0153127, 0.0 ], [ 107.3662748, -7.0151287, 0.0 ], [ 107.3661261, -7.0149633, 0.0 ], [ 107.3659774, -7.0147978, 0.0 ], [ 107.3657733, -7.0146511, 0.0 ], [ 107.3655321, -7.0144861, 0.0 ], [ 107.3652169, -7.0142845, 0.0 ], [ 107.3649202, -7.0141013, 0.0 ], [ 107.3647902, -7.0139727, 0.0 ], [ 107.3646046, -7.0138259, 0.0 ], [ 107.3644929, -7.0136787, 0.0 ], [ 107.3643812, -7.013513, 0.0 ], [ 107.3642511, -7.0133844, 0.0 ], [ 107.3640841, -7.013256, 0.0 ], [ 107.3639538, -7.0130719, 0.0 ], [ 107.3638604, -7.0128877, 0.0 ], [ 107.3638222, -7.0126478, 0.0 ], [ 107.3638027, -7.0124448, 0.0 ], [ 107.3638203, -7.01226, 0.0 ], [ 107.3638927, -7.0119641, 0.0 ], [ 107.3639839, -7.0117236, 0.0 ], [ 107.3640938, -7.0115199, 0.0 ], [ 107.3641667, -7.0113163, 0.0 ], [ 107.3641844, -7.01115, 0.0 ], [ 107.3642204, -7.0109652, 0.0 ], [ 107.3642749, -7.0107617, 0.0 ], [ 107.3642555, -7.0105956, 0.0 ], [ 107.364236, -7.0103926, 0.0 ], [ 107.3641797, -7.0102266, 0.0 ], [ 107.3641049, -7.0100423, 0.0 ], [ 107.363993, -7.0098582, 0.0 ], [ 107.3639365, -7.0096553, 0.0 ], [ 107.3638802, -7.0094894, 0.0 ], [ 107.3637682, -7.0092683, 0.0 ], [ 107.3637304, -7.0091023, 0.0 ], [ 107.3637481, -7.008936, 0.0 ], [ 107.3638026, -7.008751, 0.0 ], [ 107.3638757, -7.0085844, 0.0 ], [ 107.363967, -7.0083624, 0.0 ], [ 107.3640584, -7.0081587, 0.0 ], [ 107.3640202, -7.0079188, 0.0 ], [ 107.3640009, -7.0077527, 0.0 ], [ 107.3639814, -7.0075497, 0.0 ], [ 107.3640175, -7.0073833, 0.0 ], [ 107.3641275, -7.007198, 0.0 ], [ 107.364182, -7.0070131, 0.0 ], [ 107.3642181, -7.0068467, 0.0 ], [ 107.364217, -7.0066251, 0.0 ], [ 107.364142, -7.0064038, 0.0 ], [ 107.3641226, -7.0062377, 0.0 ], [ 107.3641218, -7.0060715, 0.0 ], [ 107.364165, -7.0059928, 0.0 ], [ 107.3642134, -7.0059048, 0.0 ], [ 107.3643049, -7.0057196, 0.0 ], [ 107.3643409, -7.0055348, 0.0 ], [ 107.3642473, -7.0052952, 0.0 ], [ 107.3641909, -7.0051108, 0.0 ], [ 107.3643008, -7.004907, 0.0 ], [ 107.3643406, -7.0047958, 0.0 ], [ 107.3643737, -7.0047035, 0.0 ], [ 107.3645023, -7.0045551, 0.0 ], [ 107.3647232, -7.0043693, 0.0 ], [ 107.3650919, -7.0041643, 0.0 ], [ 107.3653679, -7.0039228, 0.0 ], [ 107.3656807, -7.0036258, 0.0 ], [ 107.3660308, -7.0034024, 0.0 ], [ 107.3663994, -7.0031974, 0.0 ], [ 107.3667869, -7.0030477, 0.0 ], [ 107.3671736, -7.0027687, 0.0 ], [ 107.3673883, -7.0025232, 0.0 ], [ 107.3674962, -7.002346, 0.0 ], [ 107.3677919, -7.0021189, 0.0 ], [ 107.3680752, -7.0019331, 0.0 ], [ 107.3684068, -7.0017098, 0.0 ], [ 107.3685862, -7.0014515, 0.0 ], [ 107.36872, -7.00142, 0.0 ], [ 107.36886, -7.00138, 0.0 ], [ 107.36901, -7.00087, 0.0 ], [ 107.36905, -7.0005, 0.0 ], [ 107.36893, -7.0, 0.0 ], [ 107.36889, -6.99984, 0.0 ], [ 107.36891, -6.9996, 0.0 ], [ 107.36893, -6.99946, 0.0 ], [ 107.36859, -6.9993, 0.0 ], [ 107.36838, -6.99921, 0.0 ], [ 107.36796, -6.99886, 0.0 ], [ 107.36768, -6.99861, 0.0 ], [ 107.3676, -6.99847, 0.0 ], [ 107.3676, -6.99822, 0.0 ], [ 107.36761, -6.99808, 0.0 ], [ 107.36754, -6.9979401, 0.0 ], [ 107.3675866, -6.9979234, 0.0 ], [ 107.3671009, -6.9974377, 0.0 ], [ 107.3669977, -6.9974817, 0.0 ], [ 107.3668578, -6.9974591, 0.0 ], [ 107.3666417, -6.9973613, 0.0 ], [ 107.3664636, -6.9972719, 0.0 ], [ 107.3662767, -6.9971856, 0.0 ], [ 107.3661427, -6.9971862, 0.0 ], [ 107.366043, -6.9970529, 0.0 ], [ 107.365856, -6.9969432, 0.0 ], [ 107.3657043, -6.9969032, 0.0 ], [ 107.3655175, -6.9968227, 0.0 ], [ 107.3654415, -6.9967765, 0.0 ], [ 107.3654005, -6.9967243, 0.0 ], [ 107.3653477, -6.9966547, 0.0 ], [ 107.3652245, -6.9964923, 0.0 ], [ 107.36513, -6.99635, 0.0 ], [ 107.3651, -6.99628, 0.0 ], [ 107.36492, -6.99621, 0.0 ], [ 107.3647479, -6.9961367, 0.0 ], [ 107.3646717, -6.996044, 0.0 ], [ 107.3645, -6.99577, 0.0 ], [ 107.3644334, -6.995693, 0.0 ], [ 107.3644268, -6.9956091, 0.0 ], [ 107.3643187, -6.9954611, 0.0 ], [ 107.3641766, -6.9954006, 0.0 ], [ 107.3641367, -6.9953836, 0.0 ], [ 107.363839, -6.9953109, 0.0 ], [ 107.3636652, -6.9952416, 0.0 ], [ 107.3635485, -6.9950153, 0.0 ], [ 107.3635227, -6.9948091, 0.0 ], [ 107.3634354, -6.9946982, 0.0 ], [ 107.3633193, -6.9946039, 0.0 ], [ 107.3632394, -6.9945241, 0.0 ], [ 107.3631944, -6.9944024, 0.0 ], [ 107.3631443, -6.9942912, 0.0 ], [ 107.3631109, -6.9942212, 0.0 ], [ 107.3630651, -6.9941307, 0.0 ], [ 107.3629659, -6.9941271, 0.0 ], [ 107.3629041, -6.9941439, 0.0 ], [ 107.3628547, -6.9941771, 0.0 ], [ 107.3628053, -6.994198, 0.0 ], [ 107.3628053, -6.9942145, 0.0 ], [ 107.3627724, -6.9942353, 0.0 ], [ 107.3627396, -6.9942726, 0.0 ], [ 107.3627314, -6.9942892, 0.0 ], [ 107.3627191, -6.9943057, 0.0 ], [ 107.3627109, -6.9943181, 0.0 ], [ 107.3626861, -6.9943141, 0.0 ], [ 107.3626779, -6.9943348, 0.0 ], [ 107.3626533, -6.9943556, 0.0 ], [ 107.3626289, -6.9944423, 0.0 ], [ 107.3626003, -6.9945044, 0.0 ], [ 107.3625635, -6.9945705, 0.0 ], [ 107.3625112, -6.9946768, 0.0 ], [ 107.3623869, -6.9947486, 0.0 ], [ 107.3622094, -6.9948651, 0.0 ], [ 107.3620853, -6.9949635, 0.0 ], [ 107.3619263, -6.9952134, 0.0 ], [ 107.3617761, -6.9954365, 0.0 ], [ 107.3615549, -6.9956866, 0.0 ], [ 107.3612807, -6.9958277, 0.0 ], [ 107.3611282, -6.9958133, 0.0 ], [ 107.3608888, -6.9959924, 0.0 ], [ 107.3606796, -6.9959533, 0.0 ], [ 107.3606571, -6.9959491, 0.0 ], [ 107.3604433, -6.9959234, 0.0 ], [ 107.3602922, -6.9959598, 0.0 ], [ 107.3601771, -6.9960849, 0.0 ], [ 107.3600532, -6.9962189, 0.0 ], [ 107.3598848, -6.9963709, 0.0 ], [ 107.3597164, -6.9965141, 0.0 ], [ 107.3593966, -6.9966491, 0.0 ], [ 107.3592001, -6.9965167, 0.0 ], [ 107.3591159, -6.9964906, 0.0 ], [ 107.3590307, -6.9964642, 0.0 ], [ 107.3588351, -6.9965096, 0.0 ], [ 107.3588142, -6.9965144, 0.0 ], [ 107.3585923, -6.9965657, 0.0 ], [ 107.3584531, -6.9965871, 0.0 ], [ 107.3583996, -6.996655, 0.0 ], [ 107.358396, -6.9967656, 0.0 ], [ 107.3581617, -6.9968, 0.0 ], [ 107.35799, -6.9968642, 0.0 ], [ 107.3578366, -6.9969645, 0.0 ], [ 107.357701, -6.9970194, 0.0 ], [ 107.3575837, -6.9970924, 0.0 ], [ 107.3574481, -6.9971383, 0.0 ], [ 107.3572946, -6.9972205, 0.0 ], [ 107.3571317, -6.9972394, 0.0 ], [ 107.3569776, -6.997213, 0.0 ], [ 107.3568143, -6.9971415, 0.0 ], [ 107.3566329, -6.9970791, 0.0 ], [ 107.3564699, -6.9970799, 0.0 ], [ 107.3563068, -6.9970535, 0.0 ], [ 107.3561707, -6.9969999, 0.0 ], [ 107.3559714, -6.9969648, 0.0 ], [ 107.3557357, -6.9969207, 0.0 ], [ 107.3555728, -6.9969306, 0.0 ], [ 107.3554006, -6.9969043, 0.0 ], [ 107.3552377, -6.9969051, 0.0 ], [ 107.3551111, -6.996951, 0.0 ], [ 107.3549847, -6.9970059, 0.0 ], [ 107.3548763, -6.9970698, 0.0 ], [ 107.3547134, -6.9970796, 0.0 ], [ 107.3546134, -6.9969987, 0.0 ], [ 107.3545044, -6.9969359, 0.0 ], [ 107.3544043, -6.9968369, 0.0 ], [ 107.3542925, -6.9967785, 0.0 ], [ 107.3541909, -6.9967384, 0.0 ], [ 107.3541663, -6.9967287, 0.0 ], [ 107.3540625, -6.9966985, 0.0 ], [ 107.3539644, -6.9966766, 0.0 ], [ 107.353799, -6.9966383, 0.0 ], [ 107.3536785, -6.9966249, 0.0 ], [ 107.3536227, -6.9966643, 0.0 ], [ 107.3535392, -6.9967599, 0.0 ], [ 107.3534867, -6.9968888, 0.0 ], [ 107.353464, -6.9969278, 0.0 ], [ 107.3534491, -6.996947, 0.0 ], [ 107.3534218, -6.9969502, 0.0 ], [ 107.3534022, -6.9969464, 0.0 ], [ 107.3533775, -6.996953, 0.0 ], [ 107.3532695, -6.9968414, 0.0 ], [ 107.3530698, -6.9966476, 0.0 ], [ 107.3529095, -6.9963582, 0.0 ], [ 107.3529397, -6.9960119, 0.0 ], [ 107.3531253, -6.9958353, 0.0 ], [ 107.3535214, -6.995655, 0.0 ], [ 107.3537442, -6.9954622, 0.0 ], [ 107.3541314, -6.9951036, 0.0 ], [ 107.3544023, -6.9949265, 0.0 ], [ 107.3547107, -6.9948078, 0.0 ], [ 107.3549737, -6.9946548, 0.0 ], [ 107.3550792, -6.9945275, 0.0 ], [ 107.3550965, -6.9945066, 0.0 ], [ 107.3552439, -6.9943287, 0.0 ], [ 107.3552618, -6.9943121, 0.0 ], [ 107.3554879, -6.9941038, 0.0 ], [ 107.3556618, -6.9937196, 0.0 ], [ 107.3555963, -6.9934112, 0.0 ], [ 107.3554528, -6.992962, 0.0 ], [ 107.3553497, -6.9925898, 0.0 ], [ 107.3553183, -6.9921774, 0.0 ], [ 107.3552334, -6.9917999, 0.0 ], [ 107.3552161, -6.9909108, 0.0 ], [ 107.3551068, -6.9903736, 0.0 ], [ 107.3550995, -6.989969, 0.0 ], [ 107.3552205, -6.9896596, 0.0 ], [ 107.3553864, -6.9892728, 0.0 ], [ 107.3555074, -6.988974, 0.0 ], [ 107.3555803, -6.9886223, 0.0 ], [ 107.355622, -6.9884464, 0.0 ], [ 107.3556799, -6.9883023, 0.0 ], [ 107.3557614, -6.9880703, 0.0 ], [ 107.3557858, -6.9880435, 0.0 ], [ 107.3558832, -6.9879366, 0.0 ], [ 107.3561164, -6.9876799, 0.0 ], [ 107.3563226, -6.9873647, 0.0 ], [ 107.356374, -6.9869758, 0.0 ], [ 107.3563646, -6.986707, 0.0 ], [ 107.3561655, -6.986314, 0.0 ], [ 107.3561001, -6.9860162, 0.0 ], [ 107.3562265, -6.9857174, 0.0 ], [ 107.3563712, -6.9853573, 0.0 ], [ 107.35637, -6.9851124, 0.0 ], [ 107.3563268, -6.9850115, 0.0 ], [ 107.3562571, -6.9849107, 0.0 ], [ 107.3561286, -6.9847889, 0.0 ], [ 107.3559946, -6.9846405, 0.0 ], [ 107.3559142, -6.9845397, 0.0 ], [ 107.355882, -6.984492, 0.0 ], [ 107.355871, -6.9844334, 0.0 ], [ 107.3558601, -6.9843803, 0.0 ], [ 107.3558545, -6.9843217, 0.0 ], [ 107.3558326, -6.9842047, 0.0 ], [ 107.3558161, -6.9841036, 0.0 ], [ 107.3558183, -6.9840051, 0.0 ], [ 107.3558228, -6.9838401, 0.0 ], [ 107.3558435, -6.9837175, 0.0 ], [ 107.3558696, -6.9836269, 0.0 ], [ 107.355901, -6.9835042, 0.0 ], [ 107.3559638, -6.9832803, 0.0 ], [ 107.3560028, -6.9830938, 0.0 ], [ 107.3561349, -6.9830617, 0.0 ], [ 107.3563776, -6.9827048, 0.0 ], [ 107.3564561, -6.9824371, 0.0 ], [ 107.3566804, -6.9822039, 0.0 ], [ 107.3568895, -6.9820093, 0.0 ], [ 107.3569348, -6.9819152, 0.0 ], [ 107.3570736, -6.9816661, 0.0 ], [ 107.3571779, -6.98152, 0.0 ], [ 107.3573392, -6.9812716, 0.0 ], [ 107.357726, -6.9808491, 0.0 ], [ 107.3581739, -6.9803757, 0.0 ], [ 107.3581088, -6.9801524, 0.0 ], [ 107.3580972, -6.9799554, 0.0 ], [ 107.3581143, -6.979918, 0.0 ], [ 107.3581551, -6.9798601, 0.0 ], [ 107.3583238, -6.9795477, 0.0 ], [ 107.3583613, -6.9794909, 0.0 ], [ 107.3583688, -6.9794644, 0.0 ], [ 107.3584192, -6.9793711, 0.0 ], [ 107.3584148, -6.9793027, 0.0 ], [ 107.3585001, -6.9790031, 0.0 ], [ 107.3584887, -6.9788541, 0.0 ], [ 107.3583708, -6.9787375, 0.0 ], [ 107.3582531, -6.9786423, 0.0 ], [ 107.358189, -6.9786107, 0.0 ], [ 107.3581303, -6.978579, 0.0 ], [ 107.3580663, -6.978574, 0.0 ], [ 107.3580075, -6.978537, 0.0 ], [ 107.3579808, -6.9785265, 0.0 ], [ 107.3578766, -6.9784552, 0.0 ], [ 107.3577803, -6.9783646, 0.0 ], [ 107.3576197, -6.978204, 0.0 ], [ 107.3574234, -6.9780648, 0.0 ], [ 107.3571735, -6.9780291, 0.0 ], [ 107.3568523, -6.9780541, 0.0 ], [ 107.3566739, -6.9781255, 0.0 ], [ 107.3565872, -6.9782029, 0.0 ], [ 107.3565672, -6.9782086, 0.0 ], [ 107.3563598, -6.9780184, 0.0 ], [ 107.3561813, -6.9780327, 0.0 ], [ 107.3560635, -6.977947, 0.0 ], [ 107.3560207, -6.9778293, 0.0 ], [ 107.3558744, -6.9777614, 0.0 ], [ 107.3556688, -6.9777874, 0.0 ], [ 107.35548, -6.97777, 0.0 ], [ 107.3554277, -6.9777792, 0.0 ], [ 107.3553388, -6.9777433, 0.0 ], [ 107.3552048, -6.9776981, 0.0 ], [ 107.354905, -6.9774733, 0.0 ], [ 107.354648, -6.9774804, 0.0 ], [ 107.3541484, -6.9775375, 0.0 ], [ 107.3537407, -6.9775626, 0.0 ], [ 107.3534376, -6.9776459, 0.0 ], [ 107.3532914, -6.9777489, 0.0 ], [ 107.3531861, -6.9778139, 0.0 ], [ 107.3531062, -6.9778302, 0.0 ], [ 107.3528313, -6.977848, 0.0 ], [ 107.3526636, -6.9779765, 0.0 ], [ 107.3525922, -6.978105, 0.0 ], [ 107.3525706, -6.9781994, 0.0 ], [ 107.3523513, -6.9782989, 0.0 ], [ 107.35227, -6.97831, 0.0 ], [ 107.3517083, -6.9782819, 0.0 ], [ 107.3516438, -6.9782522, 0.0 ], [ 107.3515459, -6.978055, 0.0 ], [ 107.3514412, -6.977832, 0.0 ], [ 107.3514128, -6.9776141, 0.0 ], [ 107.35134, -6.9774054, 0.0 ], [ 107.3512301, -6.9772467, 0.0 ], [ 107.3511539, -6.9770716, 0.0 ], [ 107.351125, -6.9770177, 0.0 ], [ 107.3511253, -6.9770129, 0.0 ], [ 107.3511178, -6.9770043, 0.0 ], [ 107.3510746, -6.9769237, 0.0 ], [ 107.350989, -6.9768282, 0.0 ], [ 107.3509329, -6.9767917, 0.0 ], [ 107.3508147, -6.9766559, 0.0 ], [ 107.35069, -6.97662, 0.0 ], [ 107.3505926, -6.9764369, 0.0 ], [ 107.3504983, -6.9764373, 0.0 ], [ 107.3504686, -6.976434, 0.0 ], [ 107.3503037, -6.9764161, 0.0 ], [ 107.3502533, -6.9764106, 0.0 ], [ 107.3501724, -6.9763563, 0.0 ], [ 107.3501277, -6.9763011, 0.0 ], [ 107.3501078, -6.9762238, 0.0 ], [ 107.3500847, -6.9761341, 0.0 ], [ 107.3500108, -6.9759437, 0.0 ], [ 107.3498746, -6.9758617, 0.0 ], [ 107.3496029, -6.9758182, 0.0 ], [ 107.3494229, -6.9758579, 0.0 ], [ 107.3491403, -6.9760062, 0.0 ], [ 107.3489296, -6.9760694, 0.0 ], [ 107.3487828, -6.9760166, 0.0 ], [ 107.3485097, -6.9759129, 0.0 ], [ 107.3476407, -6.9759225, 0.0 ], [ 107.3474007, -6.97586, 0.0 ], [ 107.3470113, -6.9757578, 0.0 ], [ 107.3468987, -6.9757556, 0.0 ], [ 107.3468561, -6.9757456, 0.0 ], [ 107.3467913, -6.9757303, 0.0 ], [ 107.3457466, -6.9757348, 0.0 ], [ 107.3450027, -6.9757597, 0.0 ], [ 107.3447251, -6.9757448, 0.0 ], [ 107.3443488, -6.9755609, 0.0 ], [ 107.343859, -6.975478, 0.0 ], [ 107.3437056, -6.9754935, 0.0 ], [ 107.3434268, -6.9756248, 0.0 ], [ 107.3433473, -6.9756417, 0.0 ], [ 107.3432768, -6.9756568, 0.0 ], [ 107.3429535, -6.9754734, 0.0 ], [ 107.3427304, -6.975388, 0.0 ], [ 107.3425093, -6.9753224, 0.0 ], [ 107.3422287, -6.9749454, 0.0 ], [ 107.3420204, -6.9747696, 0.0 ], [ 107.3418379, -6.974594, 0.0 ], [ 107.3411985, -6.9743545, 0.0 ], [ 107.3409456, -6.9742508, 0.0 ], [ 107.3409252, -6.9742399, 0.0 ], [ 107.3405654, -6.9742173, 0.0 ], [ 107.3399267, -6.9737945, 0.0 ], [ 107.3393517, -6.9734317, 0.0 ], [ 107.33934, -6.97343, 0.0 ], [ 107.3388847, -6.9732636, 0.0 ], [ 107.3388269, -6.9732431, 0.0 ], [ 107.3381786, -6.9731133, 0.0 ], [ 107.3378866, -6.9730855, 0.0 ], [ 107.33782, -6.97308, 0.0 ], [ 107.3377066, -6.9730955, 0.0 ], [ 107.3375958, -6.9731125, 0.0 ], [ 107.3373276, -6.9731911, 0.0 ], [ 107.33713, -6.97325, 0.0 ], [ 107.3370557, -6.9732809, 0.0 ], [ 107.3368875, -6.9733533, 0.0 ], [ 107.336613, -6.9736076, 0.0 ], [ 107.3365871, -6.973634, 0.0 ], [ 107.33641, -6.97382, 0.0 ], [ 107.33622, -6.97392, 0.0 ], [ 107.33579, -6.97396, 0.0 ], [ 107.33569, -6.97412, 0.0 ], [ 107.3356534, -6.9742053, 0.0 ], [ 107.33554, -6.97447, 0.0 ], [ 107.3354506, -6.9747383, 0.0 ], [ 107.3354436, -6.9747477, 0.0 ], [ 107.33535, -6.97486, 0.0 ], [ 107.3352589, -6.9749262, 0.0 ], [ 107.3352421, -6.9749361, 0.0 ], [ 107.3350986, -6.975005, 0.0 ], [ 107.334942, -6.9751228, 0.0 ], [ 107.3348622, -6.9751626, 0.0 ], [ 107.3347146, -6.9751985, 0.0 ], [ 107.3342862, -6.9752571, 0.0 ], [ 107.3339433, -6.9753852, 0.0 ], [ 107.3336958, -6.9755063, 0.0 ], [ 107.3334521, -6.9756103, 0.0 ], [ 107.3332952, -6.9756776, 0.0 ], [ 107.3330636, -6.9758095, 0.0 ], [ 107.3327548, -6.976008, 0.0 ], [ 107.332469, -6.9761638, 0.0 ], [ 107.3321113, -6.9762257, 0.0 ], [ 107.3319895, -6.9762283, 0.0 ], [ 107.3315193, -6.9762346, 0.0 ], [ 107.3312995, -6.9762229, 0.0 ], [ 107.3309549, -6.9762298, 0.0 ], [ 107.3308779, -6.9762336, 0.0 ], [ 107.3306789, -6.9762197, 0.0 ], [ 107.33049, -6.97617, 0.0 ], [ 107.3303555, -6.9761252, 0.0 ], [ 107.3302598, -6.9760866, 0.0 ], [ 107.3302445, -6.97608, 0.0 ], [ 107.3301072, -6.9760217, 0.0 ], [ 107.33002, -6.97598, 0.0 ], [ 107.32983, -6.97594, 0.0 ], [ 107.3298202, -6.9759405, 0.0 ], [ 107.3296177, -6.9759508, 0.0 ], [ 107.329558, -6.9759538, 0.0 ], [ 107.3286372, -6.9760036, 0.0 ], [ 107.3277007, -6.9759252, 0.0 ], [ 107.3273073, -6.9757424, 0.0 ], [ 107.3271408, -6.9756678, 0.0 ], [ 107.3269458, -6.9755745, 0.0 ], [ 107.3266602, -6.9754288, 0.0 ], [ 107.3261311, -6.9751821, 0.0 ], [ 107.3260427, -6.9751448, 0.0 ], [ 107.32596, -6.97522, 0.0 ], [ 107.32582, -6.97542, 0.0 ], [ 107.32578, -6.97552, 0.0 ], [ 107.32571, -6.97551, 0.0 ], [ 107.32544, -6.9754, 0.0 ], [ 107.32508, -6.97528, 0.0 ], [ 107.32475, -6.97528, 0.0 ], [ 107.3244, -6.97533, 0.0 ], [ 107.32418, -6.97546, 0.0 ], [ 107.32409, -6.97551, 0.0 ], [ 107.32375, -6.9757, 0.0 ], [ 107.32348, -6.97584, 0.0 ], [ 107.32311, -6.97606, 0.0 ], [ 107.323, -6.97614, 0.0 ], [ 107.32289, -6.97615, 0.0 ], [ 107.3225254, -6.9761318, 0.0 ], [ 107.3225179, -6.9760344, 0.0 ], [ 107.3225145, -6.9760355, 0.0 ], [ 107.3223094, -6.9759921, 0.0 ], [ 107.3221059, -6.9758564, 0.0 ], [ 107.3218981, -6.9757663, 0.0 ], [ 107.3215838, -6.9755591, 0.0 ], [ 107.3213426, -6.9753516, 0.0 ], [ 107.3210887, -6.9751462, 0.0 ], [ 107.320896, -6.9751426, 0.0 ], [ 107.3208503, -6.9751468, 0.0 ], [ 107.3207465, -6.9751563, 0.0 ], [ 107.3206006, -6.9752197, 0.0 ], [ 107.3204648, -6.9752981, 0.0 ], [ 107.3204164, -6.975307, 0.0 ], [ 107.3201834, -6.975326, 0.0 ], [ 107.3198502, -6.9753603, 0.0 ], [ 107.3194841, -6.9754981, 0.0 ], [ 107.3193775, -6.9754917, 0.0 ], [ 107.3189719, -6.9753007, 0.0 ], [ 107.3187295, -6.9752033, 0.0 ], [ 107.3186295, -6.975189, 0.0 ], [ 107.3184385, -6.9751259, 0.0 ], [ 107.3182922, -6.9751058, 0.0 ], [ 107.3180531, -6.9753261, 0.0 ], [ 107.317623, -6.9757387, 0.0 ], [ 107.3174033, -6.9759477, 0.0 ], [ 107.3174001, -6.9759499, 0.0 ], [ 107.3172973, -6.975994, 0.0 ], [ 107.31691, -6.97616, 0.0 ], [ 107.3167664, -6.9761777, 0.0 ], [ 107.3165451, -6.9762812, 0.0 ], [ 107.3162346, -6.9764775, 0.0 ], [ 107.3159205, -6.9766345, 0.0 ], [ 107.3153602, -6.9766631, 0.0 ], [ 107.3141655, -6.9768581, 0.0 ], [ 107.3136149, -6.9770097, 0.0 ], [ 107.31334, -6.97706, 0.0 ], [ 107.31334, -6.9772553, 0.0 ], [ 107.3133116, -6.9773527, 0.0 ], [ 107.3132704, -6.9774573, 0.0 ], [ 107.3132188, -6.9775932, 0.0 ], [ 107.3131361, -6.9777605, 0.0 ], [ 107.313043, -6.9779488, 0.0 ], [ 107.3129083, -6.9781477, 0.0 ], [ 107.3128689, -6.9783192, 0.0 ], [ 107.3128439, -6.978544, 0.0 ], [ 107.3128274, -6.9787011, 0.0 ], [ 107.312755, -6.9788267, 0.0 ], [ 107.312672, -6.9789419, 0.0 ], [ 107.3125762, -6.9790616, 0.0 ], [ 107.3125334, -6.9791258, 0.0 ], [ 107.3123615, -6.9795068, 0.0 ], [ 107.3122692, -6.9798516, 0.0 ], [ 107.3122611, -6.9803316, 0.0 ], [ 107.3121, -6.98082, 0.0 ], [ 107.31194, -6.98099, 0.0 ], [ 107.31172, -6.98135, 0.0 ], [ 107.31159, -6.98168, 0.0 ], [ 107.3114889, -6.9819833, 0.0 ], [ 107.31137, -6.98206, 0.0 ], [ 107.3109, -6.9822, 0.0 ], [ 107.31066, -6.98236, 0.0 ], [ 107.3105, -6.98255, 0.0 ], [ 107.31041, -6.98275, 0.0 ], [ 107.31033, -6.98295, 0.0 ], [ 107.31031, -6.98306, 0.0 ], [ 107.31028, -6.98353, 0.0 ], [ 107.31028, -6.98378, 0.0 ], [ 107.31016, -6.984, 0.0 ], [ 107.31012, -6.98415, 0.0 ], [ 107.31016, -6.98496, 0.0 ], [ 107.31025, -6.98514, 0.0 ], [ 107.31051, -6.98555, 0.0 ], [ 107.31052, -6.98565, 0.0 ], [ 107.31047, -6.98591, 0.0 ], [ 107.31047, -6.98611, 0.0 ], [ 107.31048, -6.98636, 0.0 ], [ 107.3105, -6.98655, 0.0 ], [ 107.31057, -6.98665, 0.0 ], [ 107.3105728, -6.9866528, 0.0 ], [ 107.3105488, -6.9867675, 0.0 ], [ 107.3107705, -6.9872568, 0.0 ], [ 107.3110445, -6.9877772, 0.0 ], [ 107.3111918, -6.9879851, 0.0 ], [ 107.3113493, -6.9881722, 0.0 ], [ 107.3114649, -6.9883073, 0.0 ], [ 107.3115699, -6.988432, 0.0 ], [ 107.3116962, -6.9886296, 0.0 ], [ 107.3118, -6.9889, 0.0 ], [ 107.3117103, -6.9893704, 0.0 ], [ 107.31185, -6.98987, 0.0 ], [ 107.31175, -6.99008, 0.0 ], [ 107.31171, -6.99022, 0.0 ], [ 107.3117116, -6.9902358, 0.0 ], [ 107.31172, -6.99032, 0.0 ], [ 107.31175, -6.99089, 0.0 ], [ 107.31178, -6.99124, 0.0 ], [ 107.3118939, -6.9917493, 0.0 ], [ 107.3118944, -6.9917641, 0.0 ], [ 107.31177, -6.99218, 0.0 ], [ 107.31171, -6.99232, 0.0 ], [ 107.31172, -6.99327, 0.0 ], [ 107.3117195, -6.9932738, 0.0 ], [ 107.31167, -6.99363, 0.0 ], [ 107.31156, -6.99381, 0.0 ], [ 107.31153, -6.99386, 0.0 ], [ 107.31151, -6.99393, 0.0 ], [ 107.31149, -6.99431, 0.0 ], [ 107.31163, -6.99471, 0.0 ], [ 107.3116491, -6.9947721, 0.0 ], [ 107.3116432, -6.9948486, 0.0 ], [ 107.3116846, -6.9950632, 0.0 ], [ 107.31165, -6.99519, 0.0 ], [ 107.31146, -6.99604, 0.0 ], [ 107.31151, -6.99629, 0.0 ], [ 107.31155, -6.99638, 0.0 ], [ 107.31158, -6.99646, 0.0 ], [ 107.31157, -6.99655, 0.0 ], [ 107.31147, -6.99676, 0.0 ], [ 107.31127, -6.99707, 0.0 ], [ 107.31114, -6.99728, 0.0 ], [ 107.31088, -6.99778, 0.0 ], [ 107.31084, -6.99807, 0.0 ], [ 107.31083, -6.99815, 0.0 ], [ 107.31098, -6.99821, 0.0 ], [ 107.31108, -6.9983, 0.0 ], [ 107.3111, -6.99842, 0.0 ], [ 107.3111338, -6.9985299, 0.0 ], [ 107.31118, -6.99868, 0.0 ], [ 107.31127, -6.99874, 0.0 ], [ 107.3113328, -6.9987815, 0.0 ], [ 107.3114076, -6.9989661, 0.0 ], [ 107.3114983, -6.9990922, 0.0 ], [ 107.311703, -6.999284, 0.0 ], [ 107.31114, -6.9996, 0.0 ], [ 107.31106, -6.99974, 0.0 ], [ 107.31106, -6.99987, 0.0 ], [ 107.3111, -7.0, 0.0 ], [ 107.31101, -7.0004, 0.0 ], [ 107.31077, -7.00104, 0.0 ], [ 107.31033, -7.00191, 0.0 ], [ 107.3102467, -7.0020501, 0.0 ], [ 107.31011, -7.00228, 0.0 ], [ 107.30955, -7.00296, 0.0 ], [ 107.3089, -7.00354, 0.0 ], [ 107.3084642, -7.0037555, 0.0 ], [ 107.3080371, -7.0038751, 0.0 ], [ 107.3079036, -7.0039239, 0.0 ], [ 107.3078129, -7.003951, 0.0 ], [ 107.3075088, -7.0040914, 0.0 ], [ 107.30746, -7.0043, 0.0 ], [ 107.30688, -7.00398, 0.0 ], [ 107.30635, -7.00389, 0.0 ], [ 107.30591, -7.00407, 0.0 ], [ 107.30575, -7.00429, 0.0 ], [ 107.30541, -7.00476, 0.0 ], [ 107.30488, -7.00521, 0.0 ], [ 107.30435, -7.00542, 0.0 ], [ 107.30377, -7.00554, 0.0 ], [ 107.30313, -7.00558, 0.0 ], [ 107.30237, -7.00558, 0.0 ], [ 107.30127, -7.00558, 0.0 ], [ 107.30054, -7.00569, 0.0 ], [ 107.29988, -7.00612, 0.0 ], [ 107.29964, -7.00643, 0.0 ], [ 107.2994162, -7.0067936, 0.0 ], [ 107.2994, -7.00682, 0.0 ], [ 107.29919, -7.00703, 0.0 ], [ 107.29858, -7.00749, 0.0 ], [ 107.29842, -7.00768, 0.0 ], [ 107.29814, -7.00814, 0.0 ], [ 107.29774, -7.00855, 0.0 ], [ 107.29732, -7.0088699, 0.0 ], [ 107.29732, -7.00887, 0.0 ], [ 107.29618, -7.00971, 0.0 ], [ 107.29565, -7.01008, 0.0 ], [ 107.2955718, -7.0101696, 0.0 ], [ 107.29524, -7.01055, 0.0 ], [ 107.2948533, -7.0110989, 0.0 ], [ 107.29431, -7.01187, 0.0 ], [ 107.294, -7.01264, 0.0 ], [ 107.293674, -7.0135489, 0.0 ], [ 107.29367, -7.01356, 0.0 ], [ 107.2933, -7.01432, 0.0 ], [ 107.29312, -7.01483, 0.0 ], [ 107.29312, -7.01523, 0.0 ], [ 107.29298, -7.01568, 0.0 ], [ 107.2929, -7.01598, 0.0 ], [ 107.29264, -7.01623, 0.0 ], [ 107.29266, -7.01638, 0.0 ], [ 107.29274, -7.01694, 0.0 ], [ 107.29272, -7.01717, 0.0 ], [ 107.29239, -7.01785, 0.0 ], [ 107.29225, -7.01788, 0.0 ], [ 107.29213, -7.01783, 0.0 ], [ 107.29181, -7.01766, 0.0 ], [ 107.29135, -7.01752, 0.0 ], [ 107.29055, -7.01719, 0.0 ], [ 107.29038, -7.01723, 0.0 ], [ 107.29023, -7.01733, 0.0 ], [ 107.29018, -7.01742, 0.0 ], [ 107.29011, -7.01758, 0.0 ], [ 107.29003, -7.01768, 0.0 ], [ 107.28991, -7.0178, 0.0 ], [ 107.28971, -7.01788, 0.0 ], [ 107.28916, -7.01814, 0.0 ], [ 107.28865, -7.01841, 0.0 ], [ 107.28847, -7.01846, 0.0 ], [ 107.28813, -7.01837, 0.0 ], [ 107.28783, -7.01825, 0.0 ], [ 107.28767, -7.0181, 0.0 ], [ 107.28759, -7.01786, 0.0 ], [ 107.28756, -7.01772, 0.0 ], [ 107.2876, -7.01751, 0.0 ], [ 107.28771, -7.01726, 0.0 ], [ 107.28788, -7.01697, 0.0 ], [ 107.28806, -7.01663, 0.0 ], [ 107.28804, -7.01652, 0.0 ], [ 107.28793, -7.01646, 0.0 ], [ 107.28768, -7.01634, 0.0 ], [ 107.28748, -7.01626, 0.0 ], [ 107.28718, -7.01613, 0.0 ], [ 107.287155, -7.016117, 0.0 ], [ 107.28693, -7.016, 0.0 ], [ 107.28681, -7.0159, 0.0 ], [ 107.28663, -7.01563, 0.0 ], [ 107.28653, -7.0154, 0.0 ], [ 107.28645, -7.01522, 0.0 ], [ 107.2864, -7.01512, 0.0 ], [ 107.2862625, -7.015105, 0.0 ], [ 107.2860096, -7.0152736, 0.0 ], [ 107.2858762, -7.015413, 0.0 ], [ 107.2857567, -7.0154375, 0.0 ], [ 107.2856127, -7.0153616, 0.0 ], [ 107.28538, -7.01511, 0.0 ], [ 107.28514, -7.01474, 0.0 ], [ 107.2850085, -7.0145853, 0.0 ], [ 107.28497, -7.01454, 0.0 ], [ 107.28458, -7.01426, 0.0 ], [ 107.28415, -7.01397, 0.0 ], [ 107.2839613, -7.0138039, 0.0 ], [ 107.2839, -7.01375, 0.0 ], [ 107.28374, -7.01355, 0.0 ], [ 107.28361, -7.01328, 0.0 ], [ 107.28353, -7.01295, 0.0 ], [ 107.28345, -7.01255, 0.0 ], [ 107.28339, -7.01235, 0.0 ], [ 107.28327, -7.01218, 0.0 ], [ 107.283088, -7.0120071, 0.0 ], [ 107.28307, -7.01199, 0.0 ], [ 107.28275, -7.01187, 0.0 ], [ 107.28238, -7.01172, 0.0 ], [ 107.2818, -7.01142, 0.0 ], [ 107.28147, -7.01131, 0.0 ], [ 107.28123, -7.01122, 0.0 ], [ 107.28103, -7.01122, 0.0 ], [ 107.28086, -7.01122, 0.0 ], [ 107.2807, -7.01128, 0.0 ], [ 107.28043, -7.0115, 0.0 ], [ 107.28014, -7.01176, 0.0 ], [ 107.27993, -7.01193, 0.0 ], [ 107.2797887, -7.0119449, 0.0 ], [ 107.27974, -7.01195, 0.0 ], [ 107.27965, -7.01192, 0.0 ], [ 107.27958, -7.01169, 0.0 ], [ 107.27944, -7.01124, 0.0 ], [ 107.27939, -7.01106, 0.0 ], [ 107.27917, -7.01068, 0.0 ], [ 107.27897, -7.01036, 0.0 ], [ 107.27872, -7.01007, 0.0 ], [ 107.27854, -7.00994, 0.0 ], [ 107.27833, -7.00988, 0.0 ], [ 107.27805, -7.00988, 0.0 ], [ 107.27781, -7.00993, 0.0 ], [ 107.2775988, -7.0099883, 0.0 ], [ 107.2774152, -7.0101353, 0.0 ], [ 107.2773439, -7.0102504, 0.0 ], [ 107.2772689, -7.0105712, 0.0 ], [ 107.2772409, -7.0107196, 0.0 ], [ 107.2771981, -7.010782, 0.0 ], [ 107.2770736, -7.0107779, 0.0 ], [ 107.2769582, -7.0106827, 0.0 ], [ 107.2768568, -7.0105063, 0.0 ], [ 107.2768024, -7.0101382, 0.0 ], [ 107.2767376, -7.0096076, 0.0 ], [ 107.2766501, -7.0093354, 0.0 ], [ 107.2765523, -7.0091714, 0.0 ], [ 107.2763636, -7.0088996, 0.0 ], [ 107.27635, -7.00888, 0.0 ], [ 107.276029, -7.0086018, 0.0 ], [ 107.2755114, -7.0084943, 0.0 ], [ 107.2746488, -7.0083072, 0.0 ], [ 107.2742808, -7.0081787, 0.0 ], [ 107.2739718, -7.0079134, 0.0 ], [ 107.2738079, -7.0076655, 0.0 ], [ 107.2737592, -7.0075079, 0.0 ], [ 107.2737924, -7.007436, 0.0 ], [ 107.2739068, -7.0073398, 0.0 ], [ 107.2741267, -7.0072622, 0.0 ], [ 107.274796, -7.0070772, 0.0 ], [ 107.2749151, -7.0069666, 0.0 ], [ 107.2749482, -7.0068708, 0.0 ], [ 107.2749763, -7.006751, 0.0 ], [ 107.2749426, -7.0067034, 0.0 ], [ 107.2747412, -7.0066422, 0.0 ], [ 107.2742188, -7.0065108, 0.0 ], [ 107.2739164, -7.0063496, 0.0 ], [ 107.2737094, -7.0061258, 0.0 ], [ 107.2735214, -7.0058493, 0.0 ], [ 107.2733224, -7.0052954, 0.0 ], [ 107.2732258, -7.0051093, 0.0 ], [ 107.2730337, -7.0049811, 0.0 ], [ 107.2728179, -7.0049152, 0.0 ], [ 107.2725641, -7.0048973, 0.0 ], [ 107.2722628, -7.0049561, 0.0 ], [ 107.2717515, -7.0051547, 0.0 ], [ 107.27126, -7.00538, 0.0 ], [ 107.27098, -7.00546, 0.0 ], [ 107.27082, -7.00549, 0.0 ], [ 107.2706, -7.00546, 0.0 ], [ 107.2702, -7.00537, 0.0 ], [ 107.2701998, -7.00537, 0.0 ], [ 107.26987, -7.00531, 0.0 ], [ 107.26962, -7.00529, 0.0 ], [ 107.26917, -7.00533, 0.0 ], [ 107.26885, -7.00537, 0.0 ], [ 107.2687314, -7.0053932, 0.0 ], [ 107.2684538, -7.0054473, 0.0 ], [ 107.26844, -7.00545, 0.0 ], [ 107.26812, -7.00547, 0.0 ], [ 107.26799, -7.00553, 0.0 ], [ 107.2679334, -7.0056132, 0.0 ], [ 107.2679337, -7.0056658, 0.0 ], [ 107.2679533, -7.0057614, 0.0 ], [ 107.2680548, -7.0059761, 0.0 ], [ 107.2683157, -7.0064676, 0.0 ], [ 107.2684268, -7.0066679, 0.0 ], [ 107.2684181, -7.0068401, 0.0 ], [ 107.2682753, -7.007013, 0.0 ], [ 107.2679315, -7.007206, 0.0 ], [ 107.2675, -7.00735, 0.0 ], [ 107.2672, -7.00733, 0.0 ], [ 107.2670183, -7.0072741, 0.0 ], [ 107.26694, -7.00725, 0.0 ], [ 107.26666, -7.00711, 0.0 ], [ 107.2661, -7.00682, 0.0 ], [ 107.26574, -7.00671, 0.0 ], [ 107.26547, -7.00669, 0.0 ], [ 107.26528, -7.00672, 0.0 ], [ 107.26508, -7.00682, 0.0 ], [ 107.26491, -7.00693, 0.0 ], [ 107.26474, -7.00711, 0.0 ], [ 107.2646569, -7.0072392, 0.0 ], [ 107.26465, -7.00725, 0.0 ], [ 107.26455, -7.00746, 0.0 ], [ 107.2645049, -7.0076553, 0.0 ], [ 107.2644781, -7.008825, 0.0 ], [ 107.2644549, -7.008983, 0.0 ], [ 107.2643738, -7.0090456, 0.0 ], [ 107.2642493, -7.0090318, 0.0 ], [ 107.2641293, -7.008975, 0.0 ], [ 107.2639273, -7.0087799, 0.0 ], [ 107.263639, -7.0084373, 0.0 ], [ 107.26348, -7.00826, 0.0 ], [ 107.2634124, -7.0082291, 0.0 ], [ 107.2630044, -7.0080094, 0.0 ], [ 107.2626877, -7.0078627, 0.0 ], [ 107.2625723, -7.0077628, 0.0 ], [ 107.2625669, -7.0076241, 0.0 ], [ 107.2626377, -7.0074181, 0.0 ], [ 107.2627274, -7.0071641, 0.0 ], [ 107.2627554, -7.0070062, 0.0 ], [ 107.2627267, -7.0068681, 0.0 ], [ 107.26269, -7.00678, 0.0 ], [ 107.26258, -7.00664, 0.0 ], [ 107.2623512, -7.0065776, 0.0 ], [ 107.2620623, -7.0065854, 0.0 ], [ 107.2618982, -7.006583, 0.0 ], [ 107.2615, -7.00665, 0.0 ], [ 107.26121, -7.00664, 0.0 ], [ 107.26099, -7.0066, 0.0 ], [ 107.2608791, -7.0065885, 0.0 ], [ 107.2607, -7.00657, 0.0 ], [ 107.2603599, -7.0065064, 0.0 ], [ 107.2601336, -7.0065381, 0.0 ], [ 107.2599332, -7.0066531, 0.0 ], [ 107.2598921, -7.0067153, 0.0 ], [ 107.259893, -7.0069013, 0.0 ], [ 107.2598675, -7.0073285, 0.0 ], [ 107.2598409, -7.0075353, 0.0 ], [ 107.2596835, -7.0077702, 0.0 ], [ 107.2594018, -7.0079782, 0.0 ], [ 107.2592781, -7.0080615, 0.0 ], [ 107.2591265, -7.0080691, 0.0 ], [ 107.2590436, -7.0080282, 0.0 ], [ 107.258849, -7.0077053, 0.0 ], [ 107.2587235, -7.0074098, 0.0 ], [ 107.2582653, -7.0067645, 0.0 ], [ 107.2577651, -7.0059678, 0.0 ], [ 107.2572575, -7.0050748, 0.0 ], [ 107.2570353, -7.0047384, 0.0 ], [ 107.2568763, -7.0046565, 0.0 ], [ 107.25669, -7.004616, 0.0 ], [ 107.25646, -7.00468, 0.0 ], [ 107.25631, -7.00477, 0.0 ], [ 107.25619, -7.00491, 0.0 ], [ 107.25593, -7.00516, 0.0 ], [ 107.25572, -7.00537, 0.0 ], [ 107.25532, -7.00578, 0.0 ], [ 107.25519, -7.00597, 0.0 ], [ 107.25499, -7.00625, 0.0 ], [ 107.25482, -7.00648, 0.0 ], [ 107.25464, -7.00657, 0.0 ], [ 107.2544198, -7.0066055, 0.0 ], [ 107.25433, -7.00662, 0.0 ], [ 107.25398, -7.00665, 0.0 ], [ 107.2538554, -7.0066376, 0.0 ], [ 107.2536941, -7.0066969, 0.0 ], [ 107.2536323, -7.0067454, 0.0 ], [ 107.2536257, -7.0068143, 0.0 ], [ 107.2536539, -7.0069313, 0.0 ], [ 107.2537029, -7.0070963, 0.0 ], [ 107.2537868, -7.007337, 0.0 ], [ 107.2537874, -7.0074541, 0.0 ], [ 107.2537464, -7.0075232, 0.0 ], [ 107.2536083, -7.0074963, 0.0 ], [ 107.2534354, -7.00738, 0.0 ], [ 107.2532685, -7.0071807, 0.0 ], [ 107.2531123, -7.0070039, 0.0 ], [ 107.2531, -7.00699, 0.0 ], [ 107.25285, -7.00678, 0.0 ], [ 107.2526753, -7.0067671, 0.0 ], [ 107.25258, -7.00676, 0.0 ], [ 107.25239, -7.0068, 0.0 ], [ 107.25228, -7.00693, 0.0 ], [ 107.25221, -7.00711, 0.0 ], [ 107.2521939, -7.0072385, 0.0 ], [ 107.2524535, -7.0082045, 0.0 ], [ 107.252585, -7.008314, 0.0 ], [ 107.2528402, -7.0083335, 0.0 ], [ 107.2532325, -7.0081938, 0.0 ], [ 107.2534943, -7.0081512, 0.0 ], [ 107.2537839, -7.0081636, 0.0 ], [ 107.2541498, -7.0082652, 0.0 ], [ 107.2544887, -7.0084909, 0.0 ], [ 107.2546342, -7.0086417, 0.0 ], [ 107.2546693, -7.0087724, 0.0 ], [ 107.2546491, -7.0088827, 0.0 ], [ 107.2541743, -7.0090572, 0.0 ], [ 107.2534861, -7.0093085, 0.0 ], [ 107.2530603, -7.0095338, 0.0 ], [ 107.2531293, -7.0095191, 0.0 ], [ 107.25289, -7.00974, 0.0 ], [ 107.25272, -7.00999, 0.0 ], [ 107.25266, -7.01015, 0.0 ], [ 107.25262, -7.0103, 0.0 ], [ 107.25261, -7.01057, 0.0 ], [ 107.2526265, -7.0110063, 0.0 ], [ 107.2526225, -7.0119533, 0.0 ], [ 107.252597, -7.0130907, 0.0 ], [ 107.25259, -7.01335, 0.0 ], [ 107.2526, -7.01378, 0.0 ], [ 107.25271, -7.01425, 0.0 ], [ 107.2526482, -7.0145395, 0.0 ], [ 107.2525559, -7.0146459, 0.0 ], [ 107.2523265, -7.0147043, 0.0 ], [ 107.2521229, -7.0146259, 0.0 ], [ 107.2518039, -7.0144376, 0.0 ], [ 107.2513564, -7.0141617, 0.0 ], [ 107.2511087, -7.0140879, 0.0 ], [ 107.2507326, -7.0139705, 0.0 ], [ 107.2506131, -7.0139137, 0.0 ], [ 107.2505863, -7.0138476, 0.0 ], [ 107.2506077, -7.0137151, 0.0 ], [ 107.2507216, -7.0135071, 0.0 ], [ 107.2511431, -7.0129711, 0.0 ], [ 107.2512924, -7.0127894, 0.0 ], [ 107.2513536, -7.0126479, 0.0 ], [ 107.2513442, -7.0125332, 0.0 ], [ 107.2512868, -7.0124268, 0.0 ], [ 107.2510912, -7.0122916, 0.0 ], [ 107.2509673, -7.0122481, 0.0 ], [ 107.2508481, -7.0122663, 0.0 ], [ 107.250738, -7.0123242, 0.0 ], [ 107.2506149, -7.012444, 0.0 ], [ 107.2504793, -7.0127271, 0.0 ], [ 107.2502651, -7.0132092, 0.0 ], [ 107.2501513, -7.013426, 0.0 ], [ 107.2498707, -7.0138643, 0.0 ], [ 107.2495197, -7.0143559, 0.0 ], [ 107.2493874, -7.0144051, 0.0 ], [ 107.2492326, -7.0143793, 0.0 ], [ 107.2490155, -7.0142259, 0.0 ], [ 107.2485012, -7.0138444, 0.0 ], [ 107.2481689, -7.0136341, 0.0 ], [ 107.2476001, -7.0132898, 0.0 ], [ 107.2476, -7.0132898, 0.0 ], [ 107.24717, -7.01313, 0.0 ], [ 107.24679, -7.01299, 0.0 ], [ 107.24641, -7.01286, 0.0 ], [ 107.24603, -7.01269, 0.0 ], [ 107.24579, -7.01264, 0.0 ], [ 107.24563, -7.01269, 0.0 ], [ 107.24551, -7.01285, 0.0 ], [ 107.24533, -7.01314, 0.0 ], [ 107.24524, -7.01349, 0.0 ], [ 107.24511, -7.01394, 0.0 ], [ 107.24502, -7.01437, 0.0 ], [ 107.24486, -7.01469, 0.0 ], [ 107.24469, -7.01485, 0.0 ], [ 107.24451, -7.0148802, 0.0 ], [ 107.24414, -7.01474, 0.0 ], [ 107.2439, -7.01453, 0.0 ], [ 107.24369, -7.01424, 0.0 ], [ 107.24359, -7.01402, 0.0 ], [ 107.24353, -7.01372, 0.0 ], [ 107.24342, -7.0135, 0.0 ], [ 107.24329, -7.01338, 0.0 ], [ 107.24317, -7.01334, 0.0 ], [ 107.24305, -7.01338, 0.0 ], [ 107.24299, -7.01359, 0.0 ], [ 107.24291, -7.01397, 0.0 ], [ 107.24288, -7.01438, 0.0 ], [ 107.24283, -7.01461, 0.0 ], [ 107.24263, -7.01474, 0.0 ], [ 107.24237, -7.01493, 0.0 ], [ 107.2419945, -7.0151681, 0.0 ], [ 107.24196, -7.01519, 0.0 ], [ 107.24163, -7.01529, 0.0 ], [ 107.24135, -7.01538, 0.0 ], [ 107.24119, -7.0154, 0.0 ], [ 107.24103, -7.01536, 0.0 ], [ 107.2409, -7.01524, 0.0 ], [ 107.24078, -7.01506, 0.0 ], [ 107.24062, -7.01474, 0.0 ], [ 107.24047, -7.01438, 0.0 ], [ 107.24035, -7.01399, 0.0 ], [ 107.24026, -7.01371, 0.0 ], [ 107.23988, -7.01341, 0.0 ], [ 107.23954, -7.01324, 0.0 ], [ 107.23899, -7.01292, 0.0 ], [ 107.2388851, -7.0128353, 0.0 ], [ 107.23873, -7.01271, 0.0 ], [ 107.23861, -7.0125, 0.0 ], [ 107.23861, -7.01221, 0.0 ], [ 107.23874, -7.01198, 0.0 ], [ 107.23881, -7.01165, 0.0 ], [ 107.23875, -7.01147, 0.0 ], [ 107.23863, -7.01134, 0.0 ], [ 107.2384, -7.01124, 0.0 ], [ 107.23806, -7.0111, 0.0 ], [ 107.23772, -7.01089, 0.0 ], [ 107.23746, -7.01063, 0.0 ], [ 107.23723, -7.01055, 0.0 ], [ 107.2370573, -7.0105829, 0.0 ], [ 107.23702, -7.01059, 0.0 ], [ 107.23673, -7.0107, 0.0 ], [ 107.23639, -7.01079, 0.0 ], [ 107.23605, -7.011, 0.0 ], [ 107.23578, -7.01128, 0.0 ], [ 107.23557, -7.01164, 0.0 ], [ 107.2354, -7.01196, 0.0 ], [ 107.23519, -7.0122, 0.0 ], [ 107.2350028, -7.0122407, 0.0 ], [ 107.23496, -7.01225, 0.0 ], [ 107.23476, -7.01225, 0.0 ], [ 107.23436, -7.01219, 0.0 ], [ 107.23407, -7.01215, 0.0 ], [ 107.23387, -7.01217, 0.0 ], [ 107.23365, -7.01222, 0.0 ], [ 107.23342, -7.01231, 0.0 ], [ 107.23317, -7.01239, 0.0 ], [ 107.23304, -7.01241, 0.0 ], [ 107.23288, -7.01228, 0.0 ], [ 107.23277, -7.01208, 0.0 ], [ 107.23263, -7.0118, 0.0 ], [ 107.23244, -7.0114, 0.0 ], [ 107.23229, -7.01117, 0.0 ], [ 107.23207, -7.01119, 0.0 ], [ 107.23172, -7.01125, 0.0 ], [ 107.23158, -7.01124, 0.0 ], [ 107.23148, -7.01114, 0.0 ], [ 107.23144, -7.01105, 0.0 ], [ 107.23142, -7.01087, 0.0 ], [ 107.23143, -7.01051, 0.0 ], [ 107.23149, -7.01013, 0.0 ], [ 107.23169, -7.0097, 0.0 ], [ 107.23186, -7.00944, 0.0 ], [ 107.23192, -7.00907, 0.0 ], [ 107.2318, -7.00876, 0.0 ], [ 107.23164, -7.00859, 0.0 ], [ 107.23142, -7.00849, 0.0 ], [ 107.23119, -7.00845, 0.0 ], [ 107.23099, -7.00849, 0.0 ], [ 107.23082, -7.00861, 0.0 ], [ 107.23069, -7.00885, 0.0 ], [ 107.23061, -7.00946, 0.0 ], [ 107.23062, -7.00998, 0.0 ], [ 107.23063, -7.01059, 0.0 ], [ 107.23058, -7.01088, 0.0 ], [ 107.2304, -7.01093, 0.0 ], [ 107.23017, -7.01087, 0.0 ], [ 107.22992, -7.01068, 0.0 ], [ 107.22965, -7.01037, 0.0 ], [ 107.2294, -7.01011, 0.0 ], [ 107.22906, -7.00969, 0.0 ], [ 107.22874, -7.0094, 0.0 ], [ 107.22839, -7.00928, 0.0 ], [ 107.22808, -7.00924, 0.0 ], [ 107.22771, -7.00924, 0.0 ], [ 107.22727, -7.00927, 0.0 ], [ 107.22677, -7.00929, 0.0 ], [ 107.2266, -7.00937, 0.0 ], [ 107.22645, -7.00986, 0.0 ], [ 107.22626, -7.01042, 0.0 ], [ 107.2261248, -7.0106905, 0.0 ], [ 107.22607, -7.0108, 0.0 ], [ 107.22594, -7.01091, 0.0 ], [ 107.22578, -7.01088, 0.0 ], [ 107.22566, -7.01076, 0.0 ], [ 107.22549, -7.01051, 0.0 ], [ 107.22524, -7.01021, 0.0 ], [ 107.2249725, -7.0100218, 0.0 ], [ 107.22497, -7.01002, 0.0 ], [ 107.22468, -7.01, 0.0 ], [ 107.22439, -7.01004, 0.0 ], [ 107.22424, -7.01017, 0.0 ], [ 107.22412, -7.01035, 0.0 ], [ 107.2241, -7.01066, 0.0 ], [ 107.224098, -7.0106839, 0.0 ], [ 107.22406, -7.01114, 0.0 ], [ 107.224, -7.01166, 0.0 ], [ 107.22392, -7.01215, 0.0 ], [ 107.22378, -7.0125, 0.0 ], [ 107.22346, -7.01274, 0.0 ], [ 107.22302, -7.0129, 0.0 ], [ 107.22223, -7.01317, 0.0 ], [ 107.22157, -7.01346, 0.0 ], [ 107.22095, -7.0137, 0.0 ], [ 107.22046, -7.01391, 0.0 ], [ 107.22027, -7.01406, 0.0 ], [ 107.22022, -7.01425, 0.0 ], [ 107.22022, -7.01445, 0.0 ], [ 107.22023, -7.01466, 0.0 ], [ 107.22034, -7.01488, 0.0 ], [ 107.22057, -7.01509, 0.0 ], [ 107.22081, -7.01527, 0.0 ], [ 107.22105, -7.01528, 0.0 ], [ 107.22119, -7.01519, 0.0 ], [ 107.22134, -7.01502, 0.0 ], [ 107.22149, -7.01477, 0.0 ], [ 107.22163, -7.01467, 0.0 ], [ 107.22182, -7.01459, 0.0 ], [ 107.22204, -7.0146, 0.0 ], [ 107.22225, -7.01472, 0.0 ], [ 107.2224, -7.0149, 0.0 ], [ 107.22245, -7.0151, 0.0 ], [ 107.22244, -7.01528, 0.0 ], [ 107.22236, -7.01555, 0.0 ], [ 107.22208, -7.01595, 0.0 ], [ 107.22178, -7.01638, 0.0 ], [ 107.22144, -7.01686, 0.0 ], [ 107.2212, -7.0171, 0.0 ], [ 107.22102, -7.01716, 0.0 ], [ 107.22075, -7.01722, 0.0 ], [ 107.21998, -7.01722, 0.0 ], [ 107.2194, -7.01727, 0.0 ], [ 107.21876, -7.01736, 0.0 ], [ 107.21842, -7.01744, 0.0 ], [ 107.21808, -7.01769, 0.0 ], [ 107.2178, -7.018, 0.0 ], [ 107.21781, -7.0182, 0.0 ], [ 107.21789, -7.01837, 0.0 ], [ 107.21808, -7.01846, 0.0 ], [ 107.21829, -7.01854, 0.0 ], [ 107.21853, -7.01856, 0.0 ], [ 107.21881, -7.01846, 0.0 ], [ 107.21905, -7.01837, 0.0 ], [ 107.21924, -7.01836, 0.0 ], [ 107.21944, -7.01841, 0.0 ], [ 107.2196, -7.01861, 0.0 ], [ 107.21978, -7.01889, 0.0 ], [ 107.21999, -7.01903, 0.0 ], [ 107.2202, -7.01906, 0.0 ], [ 107.22037, -7.01898, 0.0 ], [ 107.2206, -7.0188, 0.0 ], [ 107.2207, -7.01872, 0.0 ], [ 107.22093, -7.01867, 0.0 ], [ 107.22117, -7.01871, 0.0 ], [ 107.22142, -7.01883, 0.0 ], [ 107.22191, -7.01914, 0.0 ], [ 107.22231, -7.01948, 0.0 ], [ 107.22246, -7.01955, 0.0 ], [ 107.22262, -7.01946, 0.0 ], [ 107.22277, -7.01939, 0.0 ], [ 107.22297, -7.01934, 0.0 ], [ 107.22316, -7.01937, 0.0 ], [ 107.22327, -7.01951, 0.0 ], [ 107.22325, -7.01985, 0.0 ], [ 107.22315, -7.02006, 0.0 ], [ 107.22274, -7.02021, 0.0 ], [ 107.22217, -7.02032, 0.0 ], [ 107.22157, -7.02041, 0.0 ], [ 107.2211, -7.0205, 0.0 ], [ 107.22078, -7.02052, 0.0 ], [ 107.2205, -7.02048, 0.0 ], [ 107.22029, -7.02037, 0.0 ], [ 107.22, -7.02013, 0.0 ], [ 107.2197, -7.01992, 0.0 ], [ 107.2194, -7.01985, 0.0 ], [ 107.21907, -7.0199, 0.0 ], [ 107.21876, -7.01988, 0.0 ], [ 107.21811, -7.01954, 0.0 ], [ 107.21731, -7.01914, 0.0 ], [ 107.21687, -7.01887, 0.0 ], [ 107.21662, -7.01862, 0.0 ], [ 107.21643, -7.01828, 0.0 ], [ 107.21631, -7.01792, 0.0 ], [ 107.21611, -7.01752, 0.0 ], [ 107.21594, -7.0171, 0.0 ], [ 107.21578, -7.01672, 0.0 ], [ 107.21549, -7.01639, 0.0 ], [ 107.21531, -7.01625, 0.0 ], [ 107.2151266, -7.0162247, 0.0 ], [ 107.21502, -7.01621, 0.0 ], [ 107.21466, -7.01628, 0.0 ], [ 107.21428, -7.01652, 0.0 ], [ 107.21395, -7.01685, 0.0 ], [ 107.21377, -7.01721, 0.0 ], [ 107.21382, -7.01766, 0.0 ], [ 107.21376, -7.01816, 0.0 ], [ 107.21361, -7.01847, 0.0 ], [ 107.21332, -7.01873, 0.0 ], [ 107.21315, -7.01902, 0.0 ], [ 107.21303, -7.01937, 0.0 ], [ 107.21297, -7.02003, 0.0 ], [ 107.2128, -7.02076, 0.0 ], [ 107.21259, -7.02121, 0.0 ], [ 107.21214, -7.02142, 0.0 ], [ 107.21156, -7.0216, 0.0 ], [ 107.21115, -7.02165, 0.0 ], [ 107.2107, -7.02166, 0.0 ], [ 107.2103, -7.0216, 0.0 ], [ 107.20998, -7.02155, 0.0 ], [ 107.20962, -7.0214, 0.0 ], [ 107.20925, -7.02128, 0.0 ], [ 107.20868, -7.0211, 0.0 ], [ 107.20839, -7.02095, 0.0 ], [ 107.20834, -7.02074, 0.0 ], [ 107.20832, -7.02049, 0.0 ], [ 107.20843, -7.02025, 0.0 ], [ 107.20862, -7.02001, 0.0 ], [ 107.20886, -7.01975, 0.0 ], [ 107.20893, -7.0196, 0.0 ], [ 107.20891, -7.01947, 0.0 ], [ 107.20886, -7.01927, 0.0 ], [ 107.20879, -7.01911, 0.0 ], [ 107.20876, -7.01891, 0.0 ], [ 107.20875, -7.0187, 0.0 ], [ 107.20875, -7.01856, 0.0 ], [ 107.20871, -7.01845, 0.0 ], [ 107.20864, -7.01841, 0.0 ], [ 107.20839, -7.01837, 0.0 ], [ 107.20808, -7.01839, 0.0 ], [ 107.20777, -7.01839, 0.0 ], [ 107.20752, -7.01838, 0.0 ], [ 107.20726, -7.01827, 0.0 ], [ 107.20714, -7.01813, 0.0 ], [ 107.20706, -7.0178, 0.0 ], [ 107.20703, -7.01744, 0.0 ], [ 107.20702, -7.01715, 0.0 ], [ 107.20702, -7.01698, 0.0 ], [ 107.2071, -7.01687, 0.0 ], [ 107.20727, -7.01679, 0.0 ], [ 107.20744, -7.01676, 0.0 ], [ 107.20769, -7.01676, 0.0 ], [ 107.20802, -7.01675, 0.0 ], [ 107.2084, -7.01674, 0.0 ], [ 107.20859, -7.01669, 0.0 ], [ 107.20871, -7.0166, 0.0 ], [ 107.20879, -7.0164, 0.0 ], [ 107.20878, -7.01608, 0.0 ], [ 107.20875, -7.01563, 0.0 ], [ 107.20873, -7.01512, 0.0 ], [ 107.20873, -7.01448, 0.0 ], [ 107.20869, -7.0142, 0.0 ], [ 107.20854, -7.01379, 0.0 ], [ 107.20839, -7.01361, 0.0 ], [ 107.20808, -7.01348, 0.0 ], [ 107.20766, -7.01344, 0.0 ], [ 107.20729, -7.01343, 0.0 ], [ 107.20683, -7.01348, 0.0 ], [ 107.20635, -7.01351, 0.0 ], [ 107.20615, -7.01349, 0.0 ], [ 107.20599, -7.01342, 0.0 ], [ 107.20591, -7.01336, 0.0 ], [ 107.20586, -7.01324, 0.0 ], [ 107.20585, -7.01311, 0.0 ], [ 107.20586, -7.01295, 0.0 ], [ 107.20588, -7.01277, 0.0 ], [ 107.20592, -7.01257, 0.0 ], [ 107.20592, -7.01239, 0.0 ], [ 107.20583, -7.01215, 0.0 ], [ 107.20575, -7.01195, 0.0 ], [ 107.20569, -7.01168, 0.0 ], [ 107.20569, -7.0114, 0.0 ], [ 107.20575, -7.01115, 0.0 ], [ 107.20581, -7.01082, 0.0 ], [ 107.20588, -7.01059, 0.0 ], [ 107.20594, -7.01033, 0.0 ], [ 107.20599, -7.01003, 0.0 ], [ 107.20602, -7.00978, 0.0 ], [ 107.20607, -7.00958, 0.0 ], [ 107.20608, -7.00936, 0.0 ], [ 107.20608, -7.00917, 0.0 ], [ 107.206, -7.00902, 0.0 ], [ 107.20591, -7.0089, 0.0 ], [ 107.20562, -7.00881, 0.0 ], [ 107.2055808, -7.00881, 0.0 ], [ 107.20532, -7.00881, 0.0 ], [ 107.20498, -7.0089, 0.0 ], [ 107.20469, -7.00905, 0.0 ], [ 107.20446, -7.00916, 0.0 ], [ 107.20421, -7.00918, 0.0 ], [ 107.20389, -7.00921, 0.0 ], [ 107.20366, -7.00925, 0.0 ], [ 107.20343, -7.00932, 0.0 ], [ 107.20306, -7.00943, 0.0 ], [ 107.20258, -7.00956, 0.0 ], [ 107.20227, -7.00964, 0.0 ], [ 107.20189, -7.00964, 0.0 ], [ 107.20144, -7.00955, 0.0 ], [ 107.20115, -7.00946, 0.0 ], [ 107.20097, -7.00945, 0.0 ], [ 107.20075, -7.00949, 0.0 ], [ 107.20058, -7.00954, 0.0 ], [ 107.20037, -7.0096, 0.0 ], [ 107.2002, -7.0096, 0.0 ], [ 107.2, -7.00945, 0.0 ], [ 107.19985, -7.00915, 0.0 ], [ 107.19969, -7.00885, 0.0 ], [ 107.19954, -7.00846, 0.0 ], [ 107.1992, -7.0082, 0.0 ], [ 107.19891, -7.00804, 0.0 ], [ 107.19869, -7.00795, 0.0 ], [ 107.1984478, -7.00795, 0.0 ], [ 107.19843, -7.00795, 0.0 ], [ 107.19826, -7.00803, 0.0 ], [ 107.19811, -7.00814, 0.0 ], [ 107.1980722, -7.0083194, 0.0 ], [ 107.19803, -7.00852, 0.0 ], [ 107.19794, -7.00909, 0.0 ], [ 107.19791, -7.00953, 0.0 ], [ 107.19785, -7.0098, 0.0 ], [ 107.19776, -7.01011, 0.0 ], [ 107.19762, -7.01052, 0.0 ], [ 107.1975, -7.01093, 0.0 ], [ 107.19734, -7.01136, 0.0 ], [ 107.1972, -7.01177, 0.0 ], [ 107.19711, -7.01196, 0.0 ], [ 107.19711, -7.01215, 0.0 ], [ 107.19718, -7.01238, 0.0 ], [ 107.19724, -7.0128, 0.0 ], [ 107.19726, -7.01307, 0.0 ], [ 107.19723, -7.01326, 0.0 ], [ 107.19718, -7.01359, 0.0 ], [ 107.1971, -7.01407, 0.0 ], [ 107.19701, -7.01452, 0.0 ], [ 107.19688, -7.015, 0.0 ], [ 107.19677, -7.01553, 0.0 ], [ 107.19666, -7.01602, 0.0 ], [ 107.19655, -7.01656, 0.0 ], [ 107.19648, -7.01689, 0.0 ], [ 107.19639, -7.01712, 0.0 ], [ 107.19626, -7.01728, 0.0 ], [ 107.19601, -7.01741, 0.0 ], [ 107.19582, -7.01752, 0.0 ], [ 107.19564, -7.01761, 0.0 ], [ 107.19543, -7.01768, 0.0 ], [ 107.19508, -7.01777, 0.0 ], [ 107.19475, -7.01793, 0.0 ], [ 107.19445, -7.01812, 0.0 ], [ 107.19411, -7.01837, 0.0 ], [ 107.194106, -7.0183728, 0.0 ], [ 107.1941062, -7.0183728, 0.0 ], [ 107.194106, -7.0183729, 0.0 ], [ 107.1940246, -7.018433, 0.0 ], [ 107.1941735, -7.018414, 0.0 ], [ 107.1942364, -7.0184373, 0.0 ], [ 107.1943595, -7.018483, 0.0 ], [ 107.194429, -7.0188296, 0.0 ], [ 107.194427, -7.0188529, 0.0 ], [ 107.1944198, -7.0189372, 0.0 ], [ 107.1943941, -7.019237, 0.0 ], [ 107.194357, -7.019554, 0.0 ], [ 107.194379, -7.019952, 0.0 ], [ 107.1947002, -7.020086, 0.0 ], [ 107.1948309, -7.0201329, 0.0 ], [ 107.1950308, -7.0202045, 0.0 ], [ 107.1950528, -7.0202128, 0.0 ], [ 107.1953999, -7.020344, 0.0 ], [ 107.1954945, -7.0204732, 0.0 ], [ 107.1955298, -7.0205213, 0.0 ], [ 107.1955811, -7.0205914, 0.0 ], [ 107.1955951, -7.0207432, 0.0 ], [ 107.1956105, -7.0209106, 0.0 ], [ 107.195629, -7.021112, 0.0 ], [ 107.1956181, -7.0211352, 0.0 ], [ 107.1954678, -7.0214544, 0.0 ], [ 107.195386, -7.0216281, 0.0 ], [ 107.1953208, -7.0216786, 0.0 ], [ 107.1952359, -7.0217446, 0.0 ], [ 107.1951276, -7.0218288, 0.0 ], [ 107.1950862, -7.0218384, 0.0 ], [ 107.1950101, -7.021856, 0.0 ], [ 107.1947081, -7.0218939, 0.0 ], [ 107.1942452, -7.0219122, 0.0 ], [ 107.1941466, -7.0219161, 0.0 ], [ 107.1937339, -7.0220736, 0.0 ], [ 107.1934579, -7.0224403, 0.0 ], [ 107.1933673, -7.0227788, 0.0 ], [ 107.1933962, -7.023271, 0.0 ], [ 107.1933008, -7.023609, 0.0 ], [ 107.1931522, -7.023917, 0.0 ], [ 107.1931539, -7.0242689, 0.0 ], [ 107.193362, -7.0244939, 0.0 ], [ 107.1936461, -7.024755, 0.0 ], [ 107.1936852, -7.0249829, 0.0 ], [ 107.1936479, -7.025117, 0.0 ], [ 107.1934611, -7.0253981, 0.0 ], [ 107.1933869, -7.025778, 0.0 ], [ 107.193596, -7.026093, 0.0 ], [ 107.1939376, -7.0264849, 0.0 ], [ 107.1940386, -7.0266622, 0.0 ], [ 107.194056, -7.026844, 0.0 ], [ 107.1939785, -7.0270641, 0.0 ], [ 107.1938279, -7.027285, 0.0 ], [ 107.1934899, -7.0275491, 0.0 ], [ 107.1931693, -7.0275801, 0.0 ], [ 107.1926589, -7.027553, 0.0 ], [ 107.1923874, -7.0276289, 0.0 ], [ 107.1918513, -7.0278499, 0.0 ], [ 107.1914285, -7.0281102, 0.0 ], [ 107.1912679, -7.028463, 0.0 ], [ 107.1910271, -7.029386, 0.0 ], [ 107.1909529, -7.0298569, 0.0 ], [ 107.190918, -7.030173, 0.0 ], [ 107.1909382, -7.0304811, 0.0 ], [ 107.1910149, -7.030932, 0.0 ], [ 107.1910552, -7.031348, 0.0 ], [ 107.1910761, -7.031854, 0.0 ], [ 107.1910071, -7.0322785, 0.0 ], [ 107.1907813, -7.0326066, 0.0 ], [ 107.1906053, -7.0328936, 0.0 ], [ 107.1904601, -7.0331949, 0.0 ], [ 107.1902549, -7.03363, 0.0 ], [ 107.1901239, -7.033965, 0.0 ], [ 107.1900878, -7.034453, 0.0 ], [ 107.1900338, -7.034986, 0.0 ], [ 107.1898841, -7.035267, 0.0 ], [ 107.189586, -7.035829, 0.0 ], [ 107.18938, -7.036264, 0.0 ], [ 107.189213, -7.036871, 0.0 ], [ 107.189177, -7.0371871, 0.0 ], [ 107.1891303, -7.0374592, 0.0 ], [ 107.1890669, -7.0378291, 0.0 ], [ 107.1890652, -7.0378445, 0.0 ], [ 107.1890308, -7.038155, 0.0 ], [ 107.189033, -7.038643, 0.0 ], [ 107.188978, -7.039077, 0.0 ], [ 107.1888469, -7.03934, 0.0 ], [ 107.188641, -7.039639, 0.0 ], [ 107.1884919, -7.040092, 0.0 ], [ 107.1883249, -7.0405991, 0.0 ], [ 107.1882698, -7.040979, 0.0 ], [ 107.1882158, -7.041567, 0.0 ], [ 107.1881241, -7.04192, 0.0 ], [ 107.1880572, -7.0423601, 0.0 ], [ 107.1880373, -7.0424912, 0.0 ], [ 107.1881196, -7.0426754, 0.0 ], [ 107.1882769, -7.0428311, 0.0 ], [ 107.1885441, -7.042993, 0.0 ], [ 107.1890169, -7.0432351, 0.0 ], [ 107.1891691, -7.043515, 0.0 ], [ 107.1891914, -7.0436659, 0.0 ], [ 107.1892432, -7.0440164, 0.0 ], [ 107.1892635, -7.0441537, 0.0 ], [ 107.1891763, -7.0444499, 0.0 ], [ 107.1890812, -7.0445778, 0.0 ], [ 107.1890593, -7.0446072, 0.0 ], [ 107.1889182, -7.0446392, 0.0 ], [ 107.1886589, -7.0445817, 0.0 ], [ 107.1880456, -7.0443783, 0.0 ], [ 107.1877201, -7.044389, 0.0 ], [ 107.1873439, -7.044509, 0.0 ], [ 107.1870414, -7.044728, 0.0 ], [ 107.1867706, -7.0451967, 0.0 ], [ 107.1867577, -7.0452334, 0.0 ], [ 107.1866174, -7.0456321, 0.0 ], [ 107.1867185, -7.0459121, 0.0 ], [ 107.1869686, -7.0460107, 0.0 ], [ 107.1874426, -7.0459399, 0.0 ], [ 107.187551, -7.045928, 0.0 ], [ 107.1879166, -7.0458878, 0.0 ], [ 107.1881553, -7.0459321, 0.0 ], [ 107.188179, -7.0459365, 0.0 ], [ 107.1884233, -7.0461286, 0.0 ], [ 107.188447, -7.046519, 0.0 ], [ 107.1883274, -7.0467878, 0.0 ], [ 107.1880653, -7.0470441, 0.0 ], [ 107.1877151, -7.047237, 0.0 ], [ 107.187169, -7.0475561, 0.0 ], [ 107.186832, -7.047991, 0.0 ], [ 107.1866639, -7.0483899, 0.0 ], [ 107.186568, -7.0485579, 0.0 ], [ 107.1865122, -7.0486556, 0.0 ], [ 107.1864101, -7.0488346, 0.0 ], [ 107.1861161, -7.0492238, 0.0 ], [ 107.1860424, -7.0493061, 0.0 ], [ 107.1859658, -7.0493917, 0.0 ], [ 107.1857829, -7.049596, 0.0 ], [ 107.185653, -7.050202, 0.0 ], [ 107.1856739, -7.0505551, 0.0 ], [ 107.1857518, -7.0508577, 0.0 ], [ 107.1858293, -7.0510523, 0.0 ], [ 107.1860405, -7.0511966, 0.0 ], [ 107.1863711, -7.0512265, 0.0 ], [ 107.1865723, -7.0512447, 0.0 ], [ 107.1868571, -7.0512568, 0.0 ], [ 107.1870549, -7.0513801, 0.0 ], [ 107.1869069, -7.0515678, 0.0 ], [ 107.1868549, -7.0515951, 0.0 ], [ 107.1867005, -7.0516761, 0.0 ], [ 107.1865047, -7.051728, 0.0 ], [ 107.1861718, -7.0517833, 0.0 ], [ 107.1859281, -7.0518045, 0.0 ], [ 107.185761, -7.051819, 0.0 ], [ 107.1856186, -7.0518315, 0.0 ], [ 107.18551, -7.0518353, 0.0 ], [ 107.1854831, -7.0518363, 0.0 ], [ 107.1853779, -7.0518401, 0.0 ], [ 107.1850759, -7.051877, 0.0 ], [ 107.184775, -7.052087, 0.0 ], [ 107.1847241, -7.052158, 0.0 ], [ 107.1845471, -7.0524051, 0.0 ], [ 107.1844762, -7.052504, 0.0 ], [ 107.184213, -7.0527851, 0.0 ], [ 107.1841664, -7.0530529, 0.0 ], [ 107.184105, -7.0538979, 0.0 ], [ 107.184027, -7.0548655, 0.0 ], [ 107.1840866, -7.0549916, 0.0 ], [ 107.1840911, -7.0549948, 0.0 ], [ 107.184186, -7.055063, 0.0 ], [ 107.1842307, -7.0551335, 0.0 ], [ 107.1842605, -7.0551804, 0.0 ], [ 107.1842316, -7.0553154, 0.0 ], [ 107.1840096, -7.055645, 0.0 ], [ 107.1837789, -7.055941, 0.0 ], [ 107.183682, -7.056178, 0.0 ], [ 107.1834762, -7.056631, 0.0 ], [ 107.18329, -7.0570649, 0.0 ], [ 107.1829705, -7.0575786, 0.0 ], [ 107.1828918, -7.0576275, 0.0 ], [ 107.1826296, -7.0577904, 0.0 ], [ 107.182628, -7.0577914, 0.0 ], [ 107.1822299, -7.0578977, 0.0 ], [ 107.1819817, -7.0579631, 0.0 ], [ 107.1819357, -7.0581269, 0.0 ], [ 107.1820068, -7.0583368, 0.0 ], [ 107.1821712, -7.0585572, 0.0 ], [ 107.1825235, -7.058646, 0.0 ], [ 107.182847, -7.05866, 0.0 ], [ 107.1832028, -7.058575, 0.0 ], [ 107.1837112, -7.0585011, 0.0 ], [ 107.1837879, -7.0584917, 0.0 ], [ 107.1840308, -7.0584622, 0.0 ], [ 107.18423, -7.0584938, 0.0 ], [ 107.1842814, -7.0585332, 0.0 ], [ 107.184353, -7.0585881, 0.0 ], [ 107.1846991, -7.0592002, 0.0 ], [ 107.1847149, -7.059228, 0.0 ], [ 107.1848575, -7.059329, 0.0 ], [ 107.1851619, -7.0593275, 0.0 ], [ 107.1852479, -7.0592642, 0.0 ], [ 107.1853136, -7.0592159, 0.0 ], [ 107.1854122, -7.059089, 0.0 ], [ 107.1854597, -7.059015, 0.0 ], [ 107.185581, -7.058826, 0.0 ], [ 107.1857628, -7.0585235, 0.0 ], [ 107.185856, -7.0582231, 0.0 ], [ 107.1859205, -7.0581241, 0.0 ], [ 107.18595, -7.0580789, 0.0 ], [ 107.1861051, -7.0580559, 0.0 ], [ 107.1862873, -7.0580855, 0.0 ], [ 107.1863381, -7.0581446, 0.0 ], [ 107.1865686, -7.0584129, 0.0 ], [ 107.1867858, -7.0588116, 0.0 ], [ 107.1869891, -7.0591241, 0.0 ], [ 107.1869969, -7.059136, 0.0 ], [ 107.187169, -7.059569, 0.0 ], [ 107.1872755, -7.0598363, 0.0 ], [ 107.1872842, -7.059858, 0.0 ], [ 107.1874939, -7.0601042, 0.0 ], [ 107.1875678, -7.060191, 0.0 ], [ 107.1876951, -7.060268, 0.0 ], [ 107.1876968, -7.060269, 0.0 ], [ 107.1877029, -7.0602727, 0.0 ], [ 107.1878364, -7.0603535, 0.0 ], [ 107.1881404, -7.060346, 0.0 ], [ 107.1881756, -7.0603451, 0.0 ], [ 107.188202, -7.0603306, 0.0 ], [ 107.188229, -7.0603158, 0.0 ], [ 107.188383, -7.0602312, 0.0 ], [ 107.1883963, -7.0602197, 0.0 ], [ 107.1884363, -7.060185, 0.0 ], [ 107.1885535, -7.0600833, 0.0 ], [ 107.1887029, -7.0599446, 0.0 ], [ 107.1888311, -7.059887, 0.0 ], [ 107.1889846, -7.0598414, 0.0 ], [ 107.1891967, -7.0598584, 0.0 ], [ 107.1894821, -7.0600046, 0.0 ], [ 107.1896051, -7.060109, 0.0 ], [ 107.1897208, -7.060359, 0.0 ], [ 107.1897391, -7.0606221, 0.0 ], [ 107.1896479, -7.0610671, 0.0 ], [ 107.1896271, -7.0611973, 0.0 ], [ 107.1895929, -7.061411, 0.0 ], [ 107.1895948, -7.061603, 0.0 ], [ 107.1896511, -7.0617089, 0.0 ], [ 107.1898834, -7.0618577, 0.0 ], [ 107.1900641, -7.0619118, 0.0 ], [ 107.1901842, -7.0619478, 0.0 ], [ 107.190383, -7.0618648, 0.0 ], [ 107.1904841, -7.0617233, 0.0 ], [ 107.1905369, -7.0616493, 0.0 ], [ 107.190742, -7.06118, 0.0 ], [ 107.1909791, -7.061125, 0.0 ], [ 107.1911002, -7.061097, 0.0 ], [ 107.1913063, -7.0610959, 0.0 ], [ 107.1914494, -7.0610951, 0.0 ], [ 107.191459, -7.061095, 0.0 ], [ 107.1917155, -7.0610569, 0.0 ], [ 107.1917862, -7.0610011, 0.0 ], [ 107.1918227, -7.0609024, 0.0 ], [ 107.1917787, -7.0607331, 0.0 ], [ 107.1916791, -7.0605333, 0.0 ], [ 107.1914432, -7.060211, 0.0 ], [ 107.1911498, -7.059722, 0.0 ], [ 107.1909601, -7.059325, 0.0 ], [ 107.1909339, -7.0590272, 0.0 ], [ 107.1910001, -7.0588686, 0.0 ], [ 107.1911582, -7.0587937, 0.0 ], [ 107.1913886, -7.0588198, 0.0 ], [ 107.1915769, -7.0588511, 0.0 ], [ 107.1920199, -7.0589838, 0.0 ], [ 107.1923796, -7.0590718, 0.0 ], [ 107.192393, -7.059075, 0.0 ], [ 107.1926056, -7.059081, 0.0 ], [ 107.1926909, -7.0590515, 0.0 ], [ 107.192826, -7.0589459, 0.0 ], [ 107.19314, -7.0587516, 0.0 ], [ 107.1932148, -7.0587053, 0.0 ], [ 107.1932962, -7.058655, 0.0 ], [ 107.1933048, -7.0586519, 0.0 ], [ 107.193654, -7.0585261, 0.0 ], [ 107.19405, -7.0584699, 0.0 ], [ 107.1941666, -7.0585377, 0.0 ], [ 107.1943616, -7.0586511, 0.0 ], [ 107.1945794, -7.0588079, 0.0 ], [ 107.1947548, -7.0588565, 0.0 ], [ 107.1949699, -7.0588631, 0.0 ], [ 107.1951197, -7.0588262, 0.0 ], [ 107.1953012, -7.0587311, 0.0 ], [ 107.1954001, -7.0586179, 0.0 ], [ 107.1953812, -7.0585216, 0.0 ], [ 107.195376, -7.0584952, 0.0 ], [ 107.1953236, -7.0584679, 0.0 ], [ 107.1952812, -7.0584457, 0.0 ], [ 107.1951631, -7.058384, 0.0 ], [ 107.1945961, -7.05826, 0.0 ], [ 107.1945441, -7.0581737, 0.0 ], [ 107.1945746, -7.0579455, 0.0 ], [ 107.1946501, -7.057844, 0.0 ], [ 107.194802, -7.0577308, 0.0 ], [ 107.1951613, -7.0576466, 0.0 ], [ 107.1954799, -7.05765, 0.0 ], [ 107.19567, -7.0576632, 0.0 ], [ 107.1962162, -7.057701, 0.0 ], [ 107.1963972, -7.057753, 0.0 ], [ 107.1966573, -7.0578278, 0.0 ], [ 107.1968195, -7.057938, 0.0 ], [ 107.196854, -7.0579615, 0.0 ], [ 107.1972316, -7.0583595, 0.0 ], [ 107.1977334, -7.0587293, 0.0 ], [ 107.1981462, -7.058933, 0.0 ], [ 107.1982947, -7.0589377, 0.0 ], [ 107.1983109, -7.0589382, 0.0 ], [ 107.1984359, -7.0588745, 0.0 ], [ 107.1986086, -7.0587366, 0.0 ], [ 107.198784, -7.058204, 0.0 ], [ 107.198896, -7.057806, 0.0 ], [ 107.198875, -7.057426, 0.0 ], [ 107.1989662, -7.056847, 0.0 ], [ 107.1990964, -7.0566417, 0.0 ], [ 107.1991094, -7.0566211, 0.0 ], [ 107.199296, -7.0564147, 0.0 ], [ 107.1993847, -7.0563538, 0.0 ], [ 107.199473, -7.056293, 0.0 ], [ 107.199774, -7.0560479, 0.0 ], [ 107.2001385, -7.0559483, 0.0 ], [ 107.200235, -7.0559505, 0.0 ], [ 107.2004821, -7.0561071, 0.0 ], [ 107.2005121, -7.0561372, 0.0 ], [ 107.2007081, -7.0563334, 0.0 ], [ 107.2009302, -7.056557, 0.0 ], [ 107.2010445, -7.0566239, 0.0 ], [ 107.2011431, -7.0566471, 0.0 ], [ 107.201472, -7.0566802, 0.0 ], [ 107.2017333, -7.0566622, 0.0 ], [ 107.2020254, -7.0566032, 0.0 ], [ 107.2021585, -7.0565763, 0.0 ], [ 107.2022519, -7.056524, 0.0 ], [ 107.2023581, -7.056054, 0.0 ], [ 107.202317, -7.055738, 0.0 ], [ 107.2022986, -7.0554931, 0.0 ], [ 107.2023427, -7.0553669, 0.0 ], [ 107.2023459, -7.0553576, 0.0 ], [ 107.2025881, -7.0550903, 0.0 ], [ 107.2026847, -7.0549395, 0.0 ], [ 107.2027132, -7.0547896, 0.0 ], [ 107.2027379, -7.05466, 0.0 ], [ 107.2027659, -7.0544771, 0.0 ], [ 107.202791, -7.0543142, 0.0 ], [ 107.2029539, -7.0541711, 0.0 ], [ 107.2033402, -7.0541781, 0.0 ], [ 107.2034459, -7.0542721, 0.0 ], [ 107.2035259, -7.0543431, 0.0 ], [ 107.2036508, -7.0545636, 0.0 ], [ 107.2037049, -7.0547726, 0.0 ], [ 107.203689, -7.0549668, 0.0 ], [ 107.2036882, -7.054976, 0.0 ], [ 107.2035774, -7.0552566, 0.0 ], [ 107.2035754, -7.055457, 0.0 ], [ 107.2036627, -7.0558132, 0.0 ], [ 107.2036704, -7.055884, 0.0 ], [ 107.2037182, -7.0563232, 0.0 ], [ 107.2037185, -7.05633, 0.0 ], [ 107.2037232, -7.0564533, 0.0 ], [ 107.203731, -7.0566576, 0.0 ], [ 107.2037876, -7.0568171, 0.0 ], [ 107.2037925, -7.0568219, 0.0 ], [ 107.2037995, -7.0568286, 0.0 ], [ 107.2039259, -7.0569503, 0.0 ], [ 107.2041849, -7.0570676, 0.0 ], [ 107.2047619, -7.057084, 0.0 ], [ 107.2048828, -7.0570538, 0.0 ], [ 107.204918, -7.057045, 0.0 ], [ 107.2051695, -7.0568846, 0.0 ], [ 107.2051751, -7.0568811, 0.0 ], [ 107.2052102, -7.0568365, 0.0 ], [ 107.2052413, -7.0567969, 0.0 ], [ 107.2052777, -7.0567506, 0.0 ], [ 107.2052791, -7.0567489, 0.0 ], [ 107.2052853, -7.056741, 0.0 ], [ 107.2053019, -7.0567199, 0.0 ], [ 107.2053072, -7.0567132, 0.0 ], [ 107.205382, -7.056618, 0.0 ], [ 107.2055061, -7.0563598, 0.0 ], [ 107.2055203, -7.0562787, 0.0 ], [ 107.2055585, -7.0560611, 0.0 ], [ 107.2055768, -7.0559569, 0.0 ], [ 107.2055883, -7.0558873, 0.0 ], [ 107.2056072, -7.0557725, 0.0 ], [ 107.2056131, -7.055737, 0.0 ], [ 107.2056702, -7.0556876, 0.0 ], [ 107.2056843, -7.0556754, 0.0 ], [ 107.2058359, -7.0556372, 0.0 ], [ 107.2059103, -7.0556627, 0.0 ], [ 107.20594, -7.0556728, 0.0 ], [ 107.206053, -7.0557114, 0.0 ], [ 107.2060851, -7.0557299, 0.0 ], [ 107.2065679, -7.0560071, 0.0 ], [ 107.2071926, -7.0563169, 0.0 ], [ 107.2073451, -7.0563736, 0.0 ], [ 107.2074521, -7.0564134, 0.0 ], [ 107.2078388, -7.0564217, 0.0 ], [ 107.2080014, -7.0563522, 0.0 ], [ 107.2081205, -7.0562194, 0.0 ], [ 107.2081691, -7.0559895, 0.0 ], [ 107.2082052, -7.0558187, 0.0 ], [ 107.2082552, -7.0553573, 0.0 ], [ 107.208297, -7.055158, 0.0 ], [ 107.2085196, -7.0547345, 0.0 ], [ 107.2088513, -7.0543101, 0.0 ], [ 107.2090941, -7.054097, 0.0 ], [ 107.209481, -7.054113, 0.0 ], [ 107.209641, -7.0542607, 0.0 ], [ 107.2097061, -7.0543209, 0.0 ], [ 107.2096887, -7.0546662, 0.0 ], [ 107.2098694, -7.0550265, 0.0 ], [ 107.2099314, -7.0552593, 0.0 ], [ 107.2099256, -7.0553556, 0.0 ], [ 107.209913, -7.055566, 0.0 ], [ 107.2098926, -7.055678, 0.0 ], [ 107.2098551, -7.055883, 0.0 ], [ 107.2099659, -7.056226, 0.0 ], [ 107.2101732, -7.0562551, 0.0 ], [ 107.210273, -7.056269, 0.0 ], [ 107.2104901, -7.056042, 0.0 ], [ 107.2107039, -7.0557963, 0.0 ], [ 107.2107659, -7.055725, 0.0 ], [ 107.2110218, -7.055425, 0.0 ], [ 107.2112289, -7.0551891, 0.0 ], [ 107.2113028, -7.0551283, 0.0 ], [ 107.211505, -7.0549621, 0.0 ], [ 107.2120353, -7.0546751, 0.0 ], [ 107.2120781, -7.0546519, 0.0 ], [ 107.212495, -7.0547671, 0.0 ], [ 107.2127239, -7.055028, 0.0 ], [ 107.2128442, -7.0552659, 0.0 ], [ 107.2128741, -7.05557, 0.0 ], [ 107.2129461, -7.0560309, 0.0 ], [ 107.2132555, -7.0561672, 0.0 ], [ 107.2133932, -7.0562279, 0.0 ], [ 107.2138669, -7.055999, 0.0 ], [ 107.2144044, -7.0556364, 0.0 ], [ 107.2144598, -7.0555989, 0.0 ], [ 107.214796, -7.055642, 0.0 ], [ 107.2149761, -7.055949, 0.0 ], [ 107.2150295, -7.0564183, 0.0 ], [ 107.2151404, -7.0565579, 0.0 ], [ 107.2153964, -7.0566417, 0.0 ], [ 107.2156571, -7.0566855, 0.0 ], [ 107.2160061, -7.0567594, 0.0 ], [ 107.2160735, -7.0567737, 0.0 ], [ 107.2162387, -7.0567529, 0.0 ], [ 107.2168217, -7.0565316, 0.0 ], [ 107.2168312, -7.056528, 0.0 ], [ 107.216838, -7.0565346, 0.0 ], [ 107.2170799, -7.0567701, 0.0 ], [ 107.2171088, -7.0569158, 0.0 ], [ 107.2170655, -7.0571153, 0.0 ], [ 107.2170219, -7.0571959, 0.0 ], [ 107.216939, -7.0573917, 0.0 ], [ 107.2168615, -7.0575747, 0.0 ], [ 107.2168138, -7.0577223, 0.0 ], [ 107.2168059, -7.0577464, 0.0 ], [ 107.2168139, -7.057864, 0.0 ], [ 107.2169788, -7.0579979, 0.0 ], [ 107.2171241, -7.0580413, 0.0 ], [ 107.2173442, -7.058107, 0.0 ], [ 107.2177899, -7.058204, 0.0 ], [ 107.2181369, -7.058356, 0.0 ], [ 107.2183403, -7.0584129, 0.0 ], [ 107.2184603, -7.0583882, 0.0 ], [ 107.2185339, -7.058373, 0.0 ], [ 107.218772, -7.0582414, 0.0 ], [ 107.218908, -7.058045, 0.0 ], [ 107.219065, -7.057737, 0.0 ], [ 107.2191918, -7.0575527, 0.0 ], [ 107.2192521, -7.057465, 0.0 ], [ 107.2194992, -7.0572381, 0.0 ], [ 107.2198697, -7.0570646, 0.0 ], [ 107.2200203, -7.0570577, 0.0 ], [ 107.2201712, -7.0571123, 0.0 ], [ 107.2202427, -7.0572808, 0.0 ], [ 107.2202864, -7.0573961, 0.0 ], [ 107.220366, -7.0575355, 0.0 ], [ 107.2203765, -7.0575537, 0.0 ], [ 107.2204023, -7.0575355, 0.0 ], [ 107.2204575, -7.0574963, 0.0 ], [ 107.2204867, -7.0574755, 0.0 ], [ 107.2207035, -7.0573213, 0.0 ], [ 107.220756, -7.0572734, 0.0 ], [ 107.2210399, -7.0570145, 0.0 ], [ 107.22107, -7.0569934, 0.0 ], [ 107.2212707, -7.0568528, 0.0 ], [ 107.221497, -7.0567859, 0.0 ], [ 107.2218504, -7.0567783, 0.0 ], [ 107.2218978, -7.0567942, 0.0 ], [ 107.2219561, -7.0568138, 0.0 ], [ 107.2219716, -7.0568443, 0.0 ], [ 107.2220345, -7.0569684, 0.0 ], [ 107.2220221, -7.0571097, 0.0 ], [ 107.2220218, -7.0571129, 0.0 ], [ 107.222018, -7.0571195, 0.0 ], [ 107.2219233, -7.0572855, 0.0 ], [ 107.2218928, -7.0573388, 0.0 ], [ 107.2216866, -7.0575628, 0.0 ], [ 107.2215524, -7.0576674, 0.0 ], [ 107.2215491, -7.0576699, 0.0 ], [ 107.2215459, -7.0576725, 0.0 ], [ 107.2214987, -7.0577917, 0.0 ], [ 107.2215332, -7.0578887, 0.0 ], [ 107.2215336, -7.0578898, 0.0 ], [ 107.2215338, -7.0578903, 0.0 ], [ 107.2215339, -7.0578903, 0.0 ], [ 107.2215983, -7.0579305, 0.0 ], [ 107.2216658, -7.0579725, 0.0 ], [ 107.2217684, -7.0579853, 0.0 ], [ 107.2221078, -7.0577181, 0.0 ], [ 107.2222158, -7.0576315, 0.0 ], [ 107.2222202, -7.0576279, 0.0 ], [ 107.2222681, -7.0576244, 0.0 ], [ 107.2223228, -7.0576204, 0.0 ], [ 107.2223342, -7.0576196, 0.0 ], [ 107.222426, -7.057674, 0.0 ], [ 107.2224904, -7.0578492, 0.0 ], [ 107.2225179, -7.0579858, 0.0 ], [ 107.2225588, -7.0581889, 0.0 ], [ 107.2226123, -7.058276, 0.0 ], [ 107.2230001, -7.0583085, 0.0 ], [ 107.2230087, -7.0583092, 0.0 ], [ 107.2230173, -7.05831, 0.0 ], [ 107.2233524, -7.0583029, 0.0 ], [ 107.2234879, -7.0582532, 0.0 ], [ 107.2237772, -7.0577743, 0.0 ], [ 107.2240074, -7.0571041, 0.0 ], [ 107.2240283, -7.0569511, 0.0 ], [ 107.2239779, -7.0568438, 0.0 ], [ 107.2238626, -7.0567967, 0.0 ], [ 107.2236475, -7.0567087, 0.0 ], [ 107.2234981, -7.0566558, 0.0 ], [ 107.2234441, -7.0565792, 0.0 ], [ 107.2234419, -7.0564377, 0.0 ], [ 107.2234713, -7.0562915, 0.0 ], [ 107.223525, -7.0560246, 0.0 ], [ 107.2235398, -7.0559543, 0.0 ], [ 107.2235869, -7.055616, 0.0 ], [ 107.2235692, -7.0553591, 0.0 ], [ 107.2235688, -7.0553541, 0.0 ], [ 107.2235022, -7.0551644, 0.0 ], [ 107.2233646, -7.0549935, 0.0 ], [ 107.2231539, -7.054872, 0.0 ], [ 107.2230714, -7.0548735, 0.0 ], [ 107.2228079, -7.0548783, 0.0 ], [ 107.2226014, -7.054882, 0.0 ], [ 107.2225201, -7.0548234, 0.0 ], [ 107.2224849, -7.054686, 0.0 ], [ 107.2227499, -7.0544446, 0.0 ], [ 107.2228917, -7.0543153, 0.0 ], [ 107.2230516, -7.0541422, 0.0 ], [ 107.2231024, -7.0540872, 0.0 ], [ 107.2231072, -7.0540779, 0.0 ], [ 107.2231858, -7.0539263, 0.0 ], [ 107.2231915, -7.0538001, 0.0 ], [ 107.2231537, -7.0537368, 0.0 ], [ 107.2231061, -7.0536569, 0.0 ], [ 107.2230165, -7.0535984, 0.0 ], [ 107.2227522, -7.0536311, 0.0 ], [ 107.2224305, -7.0536949, 0.0 ], [ 107.2223674, -7.0536768, 0.0 ], [ 107.2223161, -7.0534131, 0.0 ], [ 107.2223523, -7.0529187, 0.0 ], [ 107.2223573, -7.0528506, 0.0 ], [ 107.2224016, -7.0527309, 0.0 ], [ 107.2225152, -7.0526399, 0.0 ], [ 107.2226452, -7.0525761, 0.0 ], [ 107.222669, -7.0525138, 0.0 ], [ 107.2226954, -7.0524449, 0.0 ], [ 107.2226452, -7.0522045, 0.0 ], [ 107.2226354, -7.0521299, 0.0 ], [ 107.222862, -7.0521794, 0.0 ], [ 107.2233043, -7.0522762, 0.0 ], [ 107.2235704, -7.0523509, 0.0 ], [ 107.2236874, -7.0523553, 0.0 ], [ 107.2238329, -7.0523609, 0.0 ], [ 107.2239586, -7.0523219, 0.0 ], [ 107.224029, -7.0522372, 0.0 ], [ 107.2240302, -7.0521223, 0.0 ], [ 107.2238968, -7.0518914, 0.0 ], [ 107.2237644, -7.0517558, 0.0 ], [ 107.2236787, -7.05173, 0.0 ], [ 107.2234672, -7.051666, 0.0 ], [ 107.2232878, -7.051619, 0.0 ], [ 107.2232236, -7.0516022, 0.0 ], [ 107.2230455, -7.0514949, 0.0 ], [ 107.2229326, -7.0513377, 0.0 ], [ 107.2229305, -7.051332, 0.0 ], [ 107.2229284, -7.0513263, 0.0 ], [ 107.2228131, -7.0510184, 0.0 ], [ 107.2227709, -7.0507737, 0.0 ], [ 107.2227686, -7.0506041, 0.0 ], [ 107.2227869, -7.0503615, 0.0 ], [ 107.2227996, -7.0503164, 0.0 ], [ 107.2228175, -7.0502835, 0.0 ], [ 107.2228403, -7.0502416, 0.0 ], [ 107.22296, -7.0502086, 0.0 ], [ 107.2229718, -7.0502111, 0.0 ], [ 107.2230515, -7.0502283, 0.0 ], [ 107.2232711, -7.0503554, 0.0 ], [ 107.2233038, -7.0503744, 0.0 ], [ 107.2233441, -7.0503977, 0.0 ], [ 107.2233907, -7.0504219, 0.0 ], [ 107.2235241, -7.0504909, 0.0 ], [ 107.2235503, -7.0505044, 0.0 ], [ 107.2236533, -7.0505132, 0.0 ], [ 107.2238155, -7.0503586, 0.0 ], [ 107.2239202, -7.0502397, 0.0 ], [ 107.2239278, -7.0502349, 0.0 ], [ 107.2239355, -7.0502301, 0.0 ], [ 107.224049, -7.0502003, 0.0 ], [ 107.2240837, -7.0501911, 0.0 ], [ 107.224113, -7.0501879, 0.0 ], [ 107.224277, -7.0501698, 0.0 ], [ 107.2243607, -7.0501368, 0.0 ], [ 107.2244391, -7.0500896, 0.0 ], [ 107.224489, -7.0500084, 0.0 ], [ 107.2244919, -7.0499355, 0.0 ], [ 107.2244849, -7.0496693, 0.0 ], [ 107.2244553, -7.0494329, 0.0 ], [ 107.2244387, -7.0491958, 0.0 ], [ 107.2244456, -7.0491427, 0.0 ], [ 107.2245663, -7.0491042, 0.0 ], [ 107.2246959, -7.0491044, 0.0 ], [ 107.2247018, -7.0491073, 0.0 ], [ 107.2251581, -7.0493277, 0.0 ], [ 107.2255689, -7.0494664, 0.0 ], [ 107.2261653, -7.0494324, 0.0 ], [ 107.2263254, -7.0494251, 0.0 ], [ 107.2265208, -7.0494161, 0.0 ], [ 107.2267463, -7.0494505, 0.0 ], [ 107.2267962, -7.0494582, 0.0 ], [ 107.22688, -7.0495069, 0.0 ], [ 107.2271341, -7.0496548, 0.0 ], [ 107.2271425, -7.0496597, 0.0 ], [ 107.2271509, -7.0496646, 0.0 ], [ 107.2271752, -7.0496729, 0.0 ], [ 107.227641, -7.0498323, 0.0 ], [ 107.2276824, -7.0498464, 0.0 ], [ 107.2277086, -7.0498572, 0.0 ], [ 107.2279025, -7.0499364, 0.0 ], [ 107.2284638, -7.0504182, 0.0 ], [ 107.2285815, -7.0505133, 0.0 ], [ 107.2286507, -7.0505075, 0.0 ], [ 107.2287369, -7.0502218, 0.0 ], [ 107.2288158, -7.04996, 0.0 ], [ 107.2288893, -7.049727, 0.0 ], [ 107.2290369, -7.0495156, 0.0 ], [ 107.2291689, -7.0494334, 0.0 ], [ 107.2293401, -7.0494318, 0.0 ], [ 107.2293704, -7.0494441, 0.0 ], [ 107.2294607, -7.0494807, 0.0 ], [ 107.2294903, -7.0495308, 0.0 ], [ 107.2295396, -7.0496142, 0.0 ], [ 107.229433, -7.0500057, 0.0 ], [ 107.2294071, -7.0501008, 0.0 ], [ 107.22939, -7.0501634, 0.0 ], [ 107.2293869, -7.050298, 0.0 ], [ 107.2295166, -7.0507208, 0.0 ], [ 107.229537, -7.0507875, 0.0 ], [ 107.2296249, -7.0510609, 0.0 ], [ 107.2296626, -7.0511179, 0.0 ], [ 107.2296919, -7.051162, 0.0 ], [ 107.2297887, -7.0511712, 0.0 ], [ 107.2299235, -7.0510939, 0.0 ], [ 107.2300769, -7.0507711, 0.0 ], [ 107.230251, -7.0504048, 0.0 ], [ 107.2303573, -7.0502143, 0.0 ], [ 107.2306298, -7.0499864, 0.0 ], [ 107.2310101, -7.04982, 0.0 ], [ 107.2310875, -7.0497861, 0.0 ], [ 107.2314195, -7.0497594, 0.0 ], [ 107.2315572, -7.0497483, 0.0 ], [ 107.2316639, -7.0497538, 0.0 ], [ 107.2317985, -7.0497607, 0.0 ], [ 107.232006, -7.0498555, 0.0 ], [ 107.2321577, -7.0500134, 0.0 ], [ 107.2322532, -7.0501481, 0.0 ], [ 107.2323317, -7.0501907, 0.0 ], [ 107.2324496, -7.0501149, 0.0 ], [ 107.2325104, -7.0500005, 0.0 ], [ 107.232532, -7.0499599, 0.0 ], [ 107.2326403, -7.0497564, 0.0 ], [ 107.2327374, -7.0495462, 0.0 ], [ 107.2328498, -7.0494308, 0.0 ], [ 107.2328792, -7.0494006, 0.0 ], [ 107.2330098, -7.0493457, 0.0 ], [ 107.2330205, -7.049357, 0.0 ], [ 107.2332402, -7.0495875, 0.0 ], [ 107.2333138, -7.0496648, 0.0 ], [ 107.2333908, -7.0497808, 0.0 ], [ 107.2335429, -7.0499214, 0.0 ], [ 107.2337323, -7.0499894, 0.0 ], [ 107.2340536, -7.0499934, 0.0 ], [ 107.2342599, -7.0499196, 0.0 ], [ 107.2343772, -7.0498263, 0.0 ], [ 107.2343901, -7.0498161, 0.0 ], [ 107.2344183, -7.049711, 0.0 ], [ 107.2341372, -7.0491474, 0.0 ], [ 107.2341111, -7.0490951, 0.0 ], [ 107.2339499, -7.0487683, 0.0 ], [ 107.2339471, -7.0487547, 0.0 ], [ 107.2339136, -7.048593, 0.0 ], [ 107.233946, -7.0484897, 0.0 ], [ 107.2339501, -7.0484767, 0.0 ], [ 107.2339667, -7.0484623, 0.0 ], [ 107.2340373, -7.0484013, 0.0 ], [ 107.2341958, -7.0483782, 0.0 ], [ 107.2344709, -7.0485476, 0.0 ], [ 107.2346346, -7.0486483, 0.0 ], [ 107.2348126, -7.048734, 0.0 ], [ 107.2352604, -7.0487965, 0.0 ], [ 107.235277, -7.0487988, 0.0 ], [ 107.2353855, -7.0487783, 0.0 ], [ 107.2358489, -7.0483763, 0.0 ], [ 107.2360196, -7.0482282, 0.0 ], [ 107.2360972, -7.0481609, 0.0 ], [ 107.2362938, -7.0480179, 0.0 ], [ 107.2363483, -7.0480023, 0.0 ], [ 107.2365649, -7.0479401, 0.0 ], [ 107.2366055, -7.0479285, 0.0 ], [ 107.2369954, -7.047972, 0.0 ], [ 107.2370011, -7.0479727, 0.0 ], [ 107.2371077, -7.0479801, 0.0 ], [ 107.2373104, -7.0477782, 0.0 ], [ 107.2373898, -7.0476591, 0.0 ], [ 107.2374133, -7.0476101, 0.0 ], [ 107.2374817, -7.0472192, 0.0 ], [ 107.2375161, -7.0470075, 0.0 ], [ 107.2376202, -7.0468353, 0.0 ], [ 107.2377483, -7.0467288, 0.0 ], [ 107.2378507, -7.0467089, 0.0 ], [ 107.2380547, -7.0469967, 0.0 ], [ 107.2380559, -7.0469977, 0.0 ], [ 107.2381355, -7.0470653, 0.0 ], [ 107.2385955, -7.046967, 0.0 ], [ 107.2387133, -7.0469418, 0.0 ], [ 107.2389327, -7.0468948, 0.0 ], [ 107.2389752, -7.0468896, 0.0 ], [ 107.2390927, -7.0468752, 0.0 ], [ 107.2393474, -7.0470326, 0.0 ], [ 107.2393677, -7.0470451, 0.0 ], [ 107.2393688, -7.0470458, 0.0 ], [ 107.239509, -7.0471362, 0.0 ], [ 107.2396002, -7.0471313, 0.0 ], [ 107.2396643, -7.0470805, 0.0 ], [ 107.2397367, -7.0470231, 0.0 ], [ 107.2398601, -7.0469253, 0.0 ], [ 107.2400024, -7.0468232, 0.0 ], [ 107.2400484, -7.0467901, 0.0 ], [ 107.2401298, -7.0467468, 0.0 ], [ 107.2402491, -7.0467236, 0.0 ], [ 107.2403332, -7.0467647, 0.0 ], [ 107.2405184, -7.0469525, 0.0 ], [ 107.2405231, -7.0469587, 0.0 ], [ 107.2407768, -7.0472963, 0.0 ], [ 107.2408184, -7.0473567, 0.0 ], [ 107.2411103, -7.0476669, 0.0 ], [ 107.2412086, -7.0476853, 0.0 ], [ 107.2412289, -7.047689, 0.0 ], [ 107.2416258, -7.0477632, 0.0 ], [ 107.2417036, -7.0477777, 0.0 ], [ 107.2422039, -7.0478712, 0.0 ], [ 107.2423382, -7.0479033, 0.0 ], [ 107.2425321, -7.0479498, 0.0 ], [ 107.2426456, -7.0480101, 0.0 ], [ 107.2427034, -7.0481546, 0.0 ], [ 107.2426809, -7.0482793, 0.0 ], [ 107.2426749, -7.0482885, 0.0 ], [ 107.2426626, -7.0483073, 0.0 ], [ 107.2425371, -7.0483599, 0.0 ], [ 107.2422761, -7.0484116, 0.0 ], [ 107.242197, -7.0484651, 0.0 ], [ 107.2421835, -7.0484903, 0.0 ], [ 107.2421819, -7.0485354, 0.0 ], [ 107.2421813, -7.0485548, 0.0 ], [ 107.2422008, -7.0485753, 0.0 ], [ 107.2423035, -7.048683, 0.0 ], [ 107.2424631, -7.0487489, 0.0 ], [ 107.2425026, -7.0487652, 0.0 ], [ 107.2425345, -7.0487678, 0.0 ], [ 107.2428458, -7.048794, 0.0 ], [ 107.2430845, -7.0487497, 0.0 ], [ 107.2432832, -7.0487128, 0.0 ], [ 107.2432954, -7.0487111, 0.0 ], [ 107.2433988, -7.048697, 0.0 ], [ 107.2434713, -7.0487594, 0.0 ], [ 107.2435707, -7.048845, 0.0 ], [ 107.2435875, -7.0488595, 0.0 ], [ 107.2436844, -7.0489648, 0.0 ], [ 107.2437762, -7.0490503, 0.0 ], [ 107.2438791, -7.0491462, 0.0 ], [ 107.2440936, -7.049272, 0.0 ], [ 107.2441469, -7.0492914, 0.0 ], [ 107.2442941, -7.049345, 0.0 ], [ 107.2444919, -7.0493826, 0.0 ], [ 107.2446644, -7.0493838, 0.0 ], [ 107.244686, -7.049384, 0.0 ], [ 107.2447222, -7.0493846, 0.0 ], [ 107.2450289, -7.0493511, 0.0 ], [ 107.245375, -7.0491288, 0.0 ], [ 107.2455127, -7.0491498, 0.0 ], [ 107.2455921, -7.0492183, 0.0 ], [ 107.245643, -7.049342, 0.0 ], [ 107.2456534, -7.0495585, 0.0 ], [ 107.2455802, -7.050035, 0.0 ], [ 107.24554, -7.0502391, 0.0 ], [ 107.2455087, -7.0503981, 0.0 ], [ 107.2455486, -7.050443, 0.0 ], [ 107.2455543, -7.0504451, 0.0 ], [ 107.2455601, -7.0504472, 0.0 ], [ 107.2456913, -7.0504538, 0.0 ], [ 107.2458607, -7.0504051, 0.0 ], [ 107.2459776, -7.0502942, 0.0 ], [ 107.2459982, -7.0502747, 0.0 ], [ 107.2463537, -7.0499171, 0.0 ], [ 107.2463538, -7.0499172, 0.0 ], [ 107.2465142, -7.0499781, 0.0 ], [ 107.2467462, -7.0501309, 0.0 ], [ 107.2468176, -7.050178, 0.0 ], [ 107.2472317, -7.0504208, 0.0 ], [ 107.2472481, -7.0504304, 0.0 ], [ 107.2472631, -7.0504273, 0.0 ], [ 107.2473891, -7.0504016, 0.0 ], [ 107.2477035, -7.0502514, 0.0 ], [ 107.2478641, -7.050179, 0.0 ], [ 107.248267, -7.0499974, 0.0 ], [ 107.2483379, -7.0499654, 0.0 ], [ 107.2484981, -7.0500145, 0.0 ], [ 107.2486441, -7.0501282, 0.0 ], [ 107.2487762, -7.0502449, 0.0 ], [ 107.2490244, -7.0504642, 0.0 ], [ 107.2491523, -7.050412, 0.0 ], [ 107.2492646, -7.0503064, 0.0 ], [ 107.2493139, -7.05026, 0.0 ], [ 107.2496002, -7.0498598, 0.0 ], [ 107.2497008, -7.049542, 0.0 ], [ 107.2497838, -7.0493356, 0.0 ], [ 107.2499987, -7.0490805, 0.0 ], [ 107.2501078, -7.0490485, 0.0 ], [ 107.2501091, -7.0490481, 0.0 ], [ 107.2502198, -7.049089, 0.0 ], [ 107.2505085, -7.0492969, 0.0 ], [ 107.2506686, -7.0493615, 0.0 ], [ 107.2507506, -7.0493946, 0.0 ], [ 107.2511694, -7.0494695, 0.0 ], [ 107.2513891, -7.049526, 0.0 ], [ 107.2514076, -7.0495308, 0.0 ], [ 107.2516059, -7.0495657, 0.0 ], [ 107.2516431, -7.04955, 0.0 ], [ 107.2517899, -7.049488, 0.0 ], [ 107.2519847, -7.0493368, 0.0 ], [ 107.2520571, -7.049186, 0.0 ], [ 107.2520703, -7.049119, 0.0 ], [ 107.2521149, -7.0488918, 0.0 ], [ 107.2520725, -7.0487483, 0.0 ], [ 107.2520713, -7.0487441, 0.0 ], [ 107.2519651, -7.0483913, 0.0 ], [ 107.2520807, -7.0482665, 0.0 ], [ 107.2521674, -7.0482581, 0.0 ], [ 107.2521732, -7.0482575, 0.0 ], [ 107.2522189, -7.0482852, 0.0 ], [ 107.2522734, -7.0483183, 0.0 ], [ 107.2523128, -7.0483421, 0.0 ], [ 107.2524683, -7.0485088, 0.0 ], [ 107.2527492, -7.0487816, 0.0 ], [ 107.2528803, -7.0489087, 0.0 ], [ 107.2530951, -7.0491171, 0.0 ], [ 107.2531798, -7.0491993, 0.0 ], [ 107.2532245, -7.0492427, 0.0 ], [ 107.2533849, -7.0495538, 0.0 ], [ 107.2536656, -7.050089, 0.0 ], [ 107.2536769, -7.0501105, 0.0 ], [ 107.2538754, -7.0503885, 0.0 ], [ 107.2538994, -7.0504156, 0.0 ], [ 107.2539809, -7.0505073, 0.0 ], [ 107.2539792, -7.0505711, 0.0 ], [ 107.2540259, -7.0507724, 0.0 ], [ 107.254087, -7.0510849, 0.0 ], [ 107.2541221, -7.0512821, 0.0 ], [ 107.2542167, -7.0513788, 0.0 ], [ 107.2543048, -7.0514495, 0.0 ], [ 107.2545616, -7.0516554, 0.0 ], [ 107.254567, -7.0516598, 0.0 ], [ 107.2545258, -7.051784, 0.0 ], [ 107.2545254, -7.0517852, 0.0 ], [ 107.254525, -7.0517864, 0.0 ], [ 107.2543123, -7.0522616, 0.0 ], [ 107.2542066, -7.0525708, 0.0 ], [ 107.2542705, -7.052688, 0.0 ], [ 107.2544178, -7.0528247, 0.0 ], [ 107.2544895, -7.0528653, 0.0 ], [ 107.2546706, -7.0529679, 0.0 ], [ 107.2547294, -7.052984, 0.0 ], [ 107.254951, -7.0530446, 0.0 ], [ 107.2552856, -7.053066, 0.0 ], [ 107.2552858, -7.053066, 0.0 ], [ 107.2557585, -7.0531013, 0.0 ], [ 107.2559628, -7.0531926, 0.0 ], [ 107.256052, -7.0533014, 0.0 ], [ 107.2560535, -7.0533032, 0.0 ], [ 107.256055, -7.0533051, 0.0 ], [ 107.2560602, -7.0533132, 0.0 ], [ 107.2563377, -7.0537457, 0.0 ], [ 107.2564205, -7.0537613, 0.0 ], [ 107.2564499, -7.0537669, 0.0 ], [ 107.2564684, -7.0537624, 0.0 ], [ 107.2565331, -7.0537467, 0.0 ], [ 107.2566233, -7.0537249, 0.0 ], [ 107.256801, -7.0536104, 0.0 ], [ 107.2571326, -7.0532983, 0.0 ], [ 107.2571334, -7.0532975, 0.0 ], [ 107.2571342, -7.0532968, 0.0 ], [ 107.2571713, -7.0532657, 0.0 ], [ 107.2573423, -7.0531225, 0.0 ], [ 107.2574173, -7.0531567, 0.0 ], [ 107.2574822, -7.0532779, 0.0 ], [ 107.2574963, -7.0534561, 0.0 ], [ 107.2575337, -7.054061, 0.0 ], [ 107.2576008, -7.0541716, 0.0 ], [ 107.2576662, -7.0542794, 0.0 ], [ 107.2577596, -7.0544668, 0.0 ], [ 107.2577796, -7.0545069, 0.0 ], [ 107.2577851, -7.054693, 0.0 ], [ 107.2578029, -7.0548948, 0.0 ], [ 107.2578176, -7.0550614, 0.0 ], [ 107.2578902, -7.0553679, 0.0 ], [ 107.2578972, -7.0554087, 0.0 ], [ 107.2579461, -7.0556951, 0.0 ], [ 107.2578697, -7.0557853, 0.0 ], [ 107.2577732, -7.0558289, 0.0 ], [ 107.2577363, -7.0558457, 0.0 ], [ 107.2575949, -7.0559283, 0.0 ], [ 107.2575436, -7.0560441, 0.0 ], [ 107.2575156, -7.0561215, 0.0 ], [ 107.2573602, -7.0565504, 0.0 ], [ 107.2573574, -7.0565539, 0.0 ], [ 107.257096, -7.056867, 0.0 ], [ 107.2570391, -7.0569502, 0.0 ], [ 107.2568863, -7.0571736, 0.0 ], [ 107.256765, -7.0572391, 0.0 ], [ 107.2567059, -7.057272, 0.0 ], [ 107.256537, -7.0573662, 0.0 ], [ 107.2564406, -7.0574873, 0.0 ], [ 107.2564447, -7.0575744, 0.0 ], [ 107.2565274, -7.0576695, 0.0 ], [ 107.2566516, -7.0576985, 0.0 ], [ 107.2567244, -7.0576924, 0.0 ], [ 107.2568299, -7.0576835, 0.0 ], [ 107.2569332, -7.0576747, 0.0 ], [ 107.2571172, -7.0577144, 0.0 ], [ 107.257255, -7.0577396, 0.0 ], [ 107.2573417, -7.0577555, 0.0 ], [ 107.2574926, -7.0576871, 0.0 ], [ 107.2576498, -7.0576484, 0.0 ], [ 107.2577943, -7.0576989, 0.0 ], [ 107.2579959, -7.0578293, 0.0 ], [ 107.2580569, -7.0579265, 0.0 ], [ 107.2580667, -7.0579421, 0.0 ], [ 107.2580436, -7.0580636, 0.0 ], [ 107.2580052, -7.0581223, 0.0 ], [ 107.2579455, -7.0582137, 0.0 ], [ 107.2579064, -7.0582822, 0.0 ], [ 107.2577687, -7.0585234, 0.0 ], [ 107.2578564, -7.0586347, 0.0 ], [ 107.2580049, -7.0587175, 0.0 ], [ 107.258221, -7.0587589, 0.0 ], [ 107.2583772, -7.0587622, 0.0 ], [ 107.2587232, -7.0587695, 0.0 ], [ 107.2588943, -7.0587635, 0.0 ], [ 107.2592295, -7.0587518, 0.0 ], [ 107.2592772, -7.0587502, 0.0 ], [ 107.2595819, -7.0586598, 0.0 ], [ 107.2600599, -7.0585322, 0.0 ], [ 107.260193, -7.0586081, 0.0 ], [ 107.260271, -7.0587182, 0.0 ], [ 107.2602548, -7.0588144, 0.0 ], [ 107.260228, -7.0588442, 0.0 ], [ 107.2601531, -7.0589271, 0.0 ], [ 107.2600851, -7.05899, 0.0 ], [ 107.2597901, -7.0592628, 0.0 ], [ 107.2596903, -7.0594917, 0.0 ], [ 107.2596627, -7.0595864, 0.0 ], [ 107.2594992, -7.0601456, 0.0 ], [ 107.2594655, -7.0603509, 0.0 ], [ 107.2595056, -7.0604249, 0.0 ], [ 107.2595333, -7.0604762, 0.0 ], [ 107.2596994, -7.0605903, 0.0 ], [ 107.2598903, -7.0606442, 0.0 ], [ 107.2602006, -7.0606459, 0.0 ], [ 107.2602041, -7.0606459, 0.0 ], [ 107.2606449, -7.0606523, 0.0 ], [ 107.260828, -7.0607199, 0.0 ], [ 107.2608325, -7.0607216, 0.0 ], [ 107.2610427, -7.060877, 0.0 ], [ 107.2613786, -7.0611442, 0.0 ], [ 107.2615116, -7.0611111, 0.0 ], [ 107.2616742, -7.0609933, 0.0 ], [ 107.2617374, -7.0609544, 0.0 ], [ 107.2619109, -7.0608477, 0.0 ], [ 107.2620622, -7.0608553, 0.0 ], [ 107.2622367, -7.0609356, 0.0 ], [ 107.2623009, -7.0609877, 0.0 ], [ 107.2624504, -7.0611093, 0.0 ], [ 107.2625722, -7.0611537, 0.0 ], [ 107.2628257, -7.0611286, 0.0 ], [ 107.2629913, -7.0610445, 0.0 ], [ 107.26304, -7.0610199, 0.0 ], [ 107.2633912, -7.0608354, 0.0 ], [ 107.2633918, -7.060835, 0.0 ], [ 107.2633938, -7.0608361, 0.0 ], [ 107.2634889, -7.0608932, 0.0 ], [ 107.2635957, -7.0610457, 0.0 ], [ 107.2636278, -7.0610877, 0.0 ], [ 107.2638192, -7.0613381, 0.0 ], [ 107.2642239, -7.0615429, 0.0 ], [ 107.2643138, -7.0616965, 0.0 ], [ 107.2643146, -7.0618116, 0.0 ], [ 107.2643081, -7.0620475, 0.0 ], [ 107.2643887, -7.0621649, 0.0 ], [ 107.2643967, -7.0621721, 0.0 ], [ 107.2644046, -7.0621793, 0.0 ], [ 107.2647338, -7.0625266, 0.0 ], [ 107.264748, -7.0625358, 0.0 ], [ 107.2647763, -7.0625544, 0.0 ], [ 107.264995, -7.0626418, 0.0 ], [ 107.2651643, -7.0627096, 0.0 ], [ 107.2654087, -7.062908, 0.0 ], [ 107.2655106, -7.0630868, 0.0 ], [ 107.2655263, -7.0631142, 0.0 ], [ 107.2655302, -7.0632037, 0.0 ], [ 107.2655336, -7.0632802, 0.0 ], [ 107.2654744, -7.0635485, 0.0 ], [ 107.2654538, -7.0636888, 0.0 ], [ 107.2655486, -7.0638679, 0.0 ], [ 107.2658449, -7.0643774, 0.0 ], [ 107.2659213, -7.0646718, 0.0 ], [ 107.265941, -7.0647479, 0.0 ], [ 107.2659143, -7.0649122, 0.0 ], [ 107.2658121, -7.0651398, 0.0 ], [ 107.2657502, -7.065317, 0.0 ], [ 107.2657899, -7.0653811, 0.0 ], [ 107.2658263, -7.0654397, 0.0 ], [ 107.2661186, -7.0657357, 0.0 ], [ 107.2661931, -7.0658985, 0.0 ], [ 107.2661969, -7.0660685, 0.0 ], [ 107.2661816, -7.0663548, 0.0 ], [ 107.2661703, -7.0665688, 0.0 ], [ 107.2661597, -7.0667675, 0.0 ], [ 107.2661553, -7.0668509, 0.0 ], [ 107.2662524, -7.0669056, 0.0 ], [ 107.266311, -7.0669168, 0.0 ], [ 107.2664023, -7.0669342, 0.0 ], [ 107.2665487, -7.066962, 0.0 ], [ 107.2668415, -7.0670481, 0.0 ], [ 107.2668811, -7.0670597, 0.0 ], [ 107.2670008, -7.0671814, 0.0 ], [ 107.2672808, -7.067408, 0.0 ], [ 107.2675047, -7.0674316, 0.0 ], [ 107.2676524, -7.0675141, 0.0 ], [ 107.2677571, -7.0676475, 0.0 ], [ 107.2678068, -7.0678288, 0.0 ], [ 107.2678952, -7.0684205, 0.0 ], [ 107.2680457, -7.0686404, 0.0 ], [ 107.2680728, -7.0686674, 0.0 ], [ 107.2682096, -7.0688036, 0.0 ], [ 107.2684156, -7.0689064, 0.0 ], [ 107.2684759, -7.0689427, 0.0 ], [ 107.2687561, -7.0691113, 0.0 ], [ 107.2688761, -7.069267, 0.0 ], [ 107.2689297, -7.0694631, 0.0 ], [ 107.2689281, -7.0695062, 0.0 ], [ 107.2689196, -7.0697328, 0.0 ], [ 107.2689143, -7.0698175, 0.0 ], [ 107.2689448, -7.0698683, 0.0 ], [ 107.2690448, -7.0698745, 0.0 ], [ 107.269363, -7.0698156, 0.0 ], [ 107.2697747, -7.0697749, 0.0 ], [ 107.2699736, -7.0698358, 0.0 ], [ 107.2700976, -7.0699616, 0.0 ], [ 107.2702237, -7.0701906, 0.0 ], [ 107.2702674, -7.0703548, 0.0 ], [ 107.270302, -7.0704846, 0.0 ], [ 107.2703266, -7.0709747, 0.0 ], [ 107.2703282, -7.0710069, 0.0 ], [ 107.2703288, -7.0710169, 0.0 ], [ 107.2703295, -7.071027, 0.0 ], [ 107.2703676, -7.0711266, 0.0 ], [ 107.2703731, -7.0711409, 0.0 ], [ 107.2703825, -7.0711654, 0.0 ], [ 107.2703845, -7.0711672, 0.0 ], [ 107.2705002, -7.0712647, 0.0 ], [ 107.270687, -7.0713245, 0.0 ], [ 107.2709313, -7.0714343, 0.0 ], [ 107.2709563, -7.0714549, 0.0 ], [ 107.271212, -7.0716656, 0.0 ], [ 107.2715018, -7.0719535, 0.0 ], [ 107.2715961, -7.0720473, 0.0 ], [ 107.2717004, -7.0722586, 0.0 ], [ 107.2718327, -7.0725035, 0.0 ], [ 107.2718476, -7.0725312, 0.0 ], [ 107.271996, -7.0726931, 0.0 ], [ 107.272099, -7.0727082, 0.0 ], [ 107.2722698, -7.0726527, 0.0 ], [ 107.2725703, -7.0725516, 0.0 ], [ 107.2726496, -7.0725249, 0.0 ], [ 107.2727331, -7.0725733, 0.0 ], [ 107.2728602, -7.072647, 0.0 ], [ 107.2730093, -7.0727688, 0.0 ], [ 107.2734996, -7.0731696, 0.0 ], [ 107.2737678, -7.0733585, 0.0 ], [ 107.2742737, -7.0734008, 0.0 ], [ 107.2745448, -7.0734702, 0.0 ], [ 107.2748565, -7.0736221, 0.0 ], [ 107.274982, -7.0737739, 0.0 ], [ 107.275122, -7.0740683, 0.0 ], [ 107.2751097, -7.0742483, 0.0 ], [ 107.2750472, -7.074796, 0.0 ], [ 107.275175, -7.0748595, 0.0 ], [ 107.2752777, -7.0748693, 0.0 ], [ 107.2754012, -7.0748812, 0.0 ], [ 107.2758111, -7.0749547, 0.0 ], [ 107.2761603, -7.0750963, 0.0 ], [ 107.2763732, -7.0751827, 0.0 ], [ 107.276891, -7.0753842, 0.0 ], [ 107.2774595, -7.0755898, 0.0 ], [ 107.277511, -7.0756084, 0.0 ], [ 107.2776669, -7.0756648, 0.0 ], [ 107.2777661, -7.0757172, 0.0 ], [ 107.27778, -7.0757246, 0.0 ], [ 107.2783434, -7.0760367, 0.0 ], [ 107.278589, -7.0761834, 0.0 ], [ 107.2789087, -7.076442, 0.0 ], [ 107.2790077, -7.0764943, 0.0 ], [ 107.2791909, -7.0765912, 0.0 ], [ 107.2796832, -7.0767636, 0.0 ], [ 107.2799712, -7.0768755, 0.0 ], [ 107.2802538, -7.0769929, 0.0 ], [ 107.2803216, -7.0770356, 0.0 ], [ 107.2804758, -7.0771014, 0.0 ], [ 107.2805135, -7.0771174, 0.0 ], [ 107.280539, -7.0771193, 0.0 ], [ 107.2807544, -7.077135, 0.0 ], [ 107.281215, -7.0770837, 0.0 ], [ 107.2817074, -7.0769056, 0.0 ], [ 107.2818065, -7.0769093, 0.0 ], [ 107.2820685, -7.0769625, 0.0 ], [ 107.2820771, -7.0769667, 0.0 ], [ 107.2820858, -7.076971, 0.0 ], [ 107.282202, -7.0770682, 0.0 ], [ 107.2823154, -7.0772252, 0.0 ], [ 107.2823276, -7.0772811, 0.0 ], [ 107.2823419, -7.0775262, 0.0 ], [ 107.2823801, -7.0776913, 0.0 ], [ 107.2824357, -7.0778191, 0.0 ], [ 107.282598, -7.0780525, 0.0 ], [ 107.2827803, -7.0781978, 0.0 ], [ 107.2827905, -7.0782059, 0.0 ], [ 107.2828386, -7.0782189, 0.0 ], [ 107.2829387, -7.078246, 0.0 ], [ 107.2834507, -7.0783786, 0.0 ], [ 107.2835428, -7.0784024, 0.0 ], [ 107.2836492, -7.07843, 0.0 ], [ 107.2836758, -7.0784408, 0.0 ], [ 107.2838608, -7.0785617, 0.0 ], [ 107.2839446, -7.0787072, 0.0 ], [ 107.2839289, -7.0788194, 0.0 ], [ 107.2838444, -7.0789308, 0.0 ], [ 107.2835203, -7.0792194, 0.0 ], [ 107.2830777, -7.0795884, 0.0 ], [ 107.2830395, -7.0796643, 0.0 ], [ 107.2830275, -7.0796882, 0.0 ], [ 107.2831001, -7.0797247, 0.0 ], [ 107.2832923, -7.0797124, 0.0 ], [ 107.2841301, -7.0796313, 0.0 ], [ 107.2842239, -7.0796796, 0.0 ], [ 107.2842364, -7.0797293, 0.0 ], [ 107.2842469, -7.0797709, 0.0 ], [ 107.2842657, -7.0801006, 0.0 ], [ 107.2842769, -7.0802963, 0.0 ], [ 107.2843617, -7.0803844, 0.0 ], [ 107.2844071, -7.0804315, 0.0 ], [ 107.2846021, -7.0806569, 0.0 ], [ 107.2845917, -7.0807625, 0.0 ], [ 107.2844823, -7.0809869, 0.0 ], [ 107.284195, -7.0814478, 0.0 ], [ 107.2840611, -7.0817299, 0.0 ], [ 107.2839785, -7.0818707, 0.0 ], [ 107.2838775, -7.0820429, 0.0 ], [ 107.2840205, -7.0822872, 0.0 ], [ 107.2841042, -7.082375, 0.0 ], [ 107.2841943, -7.0824696, 0.0 ], [ 107.2844747, -7.0827475, 0.0 ], [ 107.2845149, -7.0829126, 0.0 ], [ 107.2845619, -7.083274, 0.0 ], [ 107.2848825, -7.0838538, 0.0 ], [ 107.2850597, -7.0842261, 0.0 ], [ 107.2853418, -7.0847894, 0.0 ], [ 107.2854257, -7.0850023, 0.0 ], [ 107.2854262, -7.0850034, 0.0 ], [ 107.2854266, -7.0850045, 0.0 ], [ 107.2855002, -7.0851215, 0.0 ], [ 107.2855745, -7.0851957, 0.0 ], [ 107.2857013, -7.0852704, 0.0 ], [ 107.2857945, -7.0853482, 0.0 ], [ 107.2858704, -7.0854114, 0.0 ], [ 107.2860457, -7.0854732, 0.0 ], [ 107.2863099, -7.0854818, 0.0 ], [ 107.2865835, -7.0853815, 0.0 ], [ 107.2868532, -7.0851757, 0.0 ], [ 107.2869192, -7.0851419, 0.0 ], [ 107.2870739, -7.0850625, 0.0 ], [ 107.2872572, -7.0850762, 0.0 ], [ 107.2875298, -7.0850965, 0.0 ], [ 107.2883235, -7.0851662, 0.0 ], [ 107.2886279, -7.0852603, 0.0 ], [ 107.2889467, -7.0853376, 0.0 ], [ 107.2893188, -7.0855823, 0.0 ], [ 107.2894564, -7.0856557, 0.0 ], [ 107.2898751, -7.0859281, 0.0 ], [ 107.2902089, -7.0862062, 0.0 ], [ 107.2904674, -7.08643, 0.0 ], [ 107.2906763, -7.0865932, 0.0 ], [ 107.2906975, -7.0866098, 0.0 ], [ 107.2909451, -7.0868165, 0.0 ], [ 107.290985, -7.0868409, 0.0 ], [ 107.2911908, -7.087012, 0.0 ], [ 107.2914739, -7.086985, 0.0 ], [ 107.291481, -7.0869776, 0.0 ], [ 107.2915031, -7.0869541, 0.0 ], [ 107.2917139, -7.0867297, 0.0 ], [ 107.2919102, -7.0865208, 0.0 ], [ 107.2926623, -7.0864295, 0.0 ], [ 107.2926788, -7.0864308, 0.0 ], [ 107.2928963, -7.0864479, 0.0 ], [ 107.2929929, -7.0864223, 0.0 ], [ 107.2931715, -7.0863321, 0.0 ], [ 107.2932785, -7.0862693, 0.0 ], [ 107.2933251, -7.086242, 0.0 ], [ 107.2934333, -7.08614, 0.0 ], [ 107.2934356, -7.0861377, 0.0 ], [ 107.2935186, -7.086047, 0.0 ], [ 107.2937957, -7.0856017, 0.0 ], [ 107.2940117, -7.0853528, 0.0 ], [ 107.294228, -7.0851763, 0.0 ], [ 107.2946239, -7.0849228, 0.0 ], [ 107.2950155, -7.0846317, 0.0 ], [ 107.2950345, -7.08461, 0.0 ], [ 107.295252, -7.0843621, 0.0 ], [ 107.2953645, -7.0840931, 0.0 ], [ 107.2954973, -7.0837518, 0.0 ], [ 107.295776, -7.0834195, 0.0 ], [ 107.2959856, -7.0833366, 0.0 ], [ 107.2962618, -7.0832586, 0.0 ], [ 107.2964051, -7.0832528, 0.0 ], [ 107.2966512, -7.0833005, 0.0 ], [ 107.2968667, -7.0833493, 0.0 ], [ 107.2970279, -7.0833858, 0.0 ], [ 107.2973637, -7.0834222, 0.0 ], [ 107.2980716, -7.083499, 0.0 ], [ 107.2983908, -7.0836968, 0.0 ], [ 107.2984497, -7.0838171, 0.0 ], [ 107.2986896, -7.0843066, 0.0 ], [ 107.2987975, -7.0844771, 0.0 ], [ 107.2989981, -7.0847942, 0.0 ], [ 107.2991102, -7.0849483, 0.0 ], [ 107.2992343, -7.085119, 0.0 ], [ 107.2994719, -7.0857088, 0.0 ], [ 107.2995846, -7.0860627, 0.0 ], [ 107.2996158, -7.0861608, 0.0 ], [ 107.2997166, -7.0863267, 0.0 ], [ 107.2998726, -7.0864478, 0.0 ], [ 107.3000153, -7.0864795, 0.0 ], [ 107.3001171, -7.0865021, 0.0 ], [ 107.3004054, -7.0864452, 0.0 ], [ 107.3004371, -7.0864311, 0.0 ], [ 107.3009814, -7.0861873, 0.0 ], [ 107.3014457, -7.0857859, 0.0 ], [ 107.3019434, -7.0854064, 0.0 ], [ 107.3023749, -7.085116, 0.0 ], [ 107.3025963, -7.0849819, 0.0 ], [ 107.3027739, -7.0849699, 0.0 ], [ 107.302967, -7.0850435, 0.0 ], [ 107.3031187, -7.0851012, 0.0 ], [ 107.3031866, -7.0851453, 0.0 ], [ 107.3034751, -7.0853323, 0.0 ], [ 107.3037606, -7.0854114, 0.0 ], [ 107.3039865, -7.0854739, 0.0 ], [ 107.3044423, -7.0856047, 0.0 ], [ 107.3047257, -7.0858083, 0.0 ], [ 107.3049676, -7.086186, 0.0 ], [ 107.305085, -7.0864406, 0.0 ], [ 107.3051788, -7.0866257, 0.0 ], [ 107.3052721, -7.0867026, 0.0 ], [ 107.3056057, -7.0868324, 0.0 ], [ 107.3057839, -7.0868625, 0.0 ], [ 107.3061176, -7.0870155, 0.0 ], [ 107.30649, -7.0871683, 0.0 ], [ 107.3067158, -7.0873451, 0.0 ], [ 107.306845, -7.0875578, 0.0 ], [ 107.3068627, -7.0875951, 0.0 ], [ 107.3070238, -7.0879348, 0.0 ], [ 107.3070681, -7.0882392, 0.0 ], [ 107.3070695, -7.0885196, 0.0 ], [ 107.3070044, -7.0889343, 0.0 ], [ 107.3069018, -7.0891542, 0.0 ], [ 107.3067993, -7.0894046, 0.0 ], [ 107.3067881, -7.0896179, 0.0 ], [ 107.3067782, -7.0900812, 0.0 ], [ 107.306786, -7.0904224, 0.0 ], [ 107.3069116, -7.0906209, 0.0 ], [ 107.3071026, -7.0908012, 0.0 ], [ 107.307276, -7.0909298, 0.0 ], [ 107.3075962, -7.0910317, 0.0 ], [ 107.3082448, -7.0911493, 0.0 ], [ 107.3087981, -7.0912242, 0.0 ], [ 107.3093168, -7.0912734, 0.0 ], [ 107.3097322, -7.0914181, 0.0 ], [ 107.3101654, -7.0916489, 0.0 ], [ 107.3105814, -7.0919057, 0.0 ], [ 107.3107726, -7.0921291, 0.0 ], [ 107.3108168, -7.0923274, 0.0 ], [ 107.3107921, -7.0925691, 0.0 ], [ 107.3107658, -7.092619, 0.0 ], [ 107.3106551, -7.0928287, 0.0 ], [ 107.3104751, -7.0931143, 0.0 ], [ 107.3103813, -7.0933737, 0.0 ], [ 107.3103482, -7.09365, 0.0 ], [ 107.3103774, -7.0941108, 0.0 ], [ 107.3103788, -7.0943835, 0.0 ], [ 107.3103543, -7.0945966, 0.0 ], [ 107.3102877, -7.0949378, 0.0 ], [ 107.310267, -7.0950512, 0.0 ], [ 107.3102379, -7.0952108, 0.0 ], [ 107.3102302, -7.0953812, 0.0 ], [ 107.310308, -7.0955854, 0.0 ], [ 107.3104109, -7.0956786, 0.0 ], [ 107.3107188, -7.095839, 0.0 ], [ 107.3112828, -7.0960151, 0.0 ], [ 107.3117957, -7.0961915, 0.0 ], [ 107.3122658, -7.0963596, 0.0 ], [ 107.3127536, -7.0966384, 0.0 ], [ 107.3134546, -7.0969161, 0.0 ], [ 107.3138651, -7.0971015, 0.0 ], [ 107.3141388, -7.0972365, 0.0 ], [ 107.3142932, -7.0973976, 0.0 ], [ 107.3144319, -7.0978316, 0.0 ], [ 107.3145756, -7.0982732, 0.0 ], [ 107.3146716, -7.0985681, 0.0 ], [ 107.314796, -7.0989223, 0.0 ], [ 107.3148936, -7.0991038, 0.0 ], [ 107.3150771, -7.0993592, 0.0 ], [ 107.3157898, -7.100195, 0.0 ], [ 107.3161298, -7.1006548, 0.0 ], [ 107.3163726, -7.1009832, 0.0 ], [ 107.3166794, -7.1013925, 0.0 ], [ 107.3175147, -7.1025825, 0.0 ], [ 107.3179964, -7.1030692, 0.0 ], [ 107.3181818, -7.1032892, 0.0 ], [ 107.3182621, -7.103536, 0.0 ], [ 107.3182445, -7.1042356, 0.0 ], [ 107.318206, -7.1049563, 0.0 ], [ 107.3182308, -7.1053579, 0.0 ], [ 107.3184312, -7.105609, 0.0 ], [ 107.3187181, -7.1058662, 0.0 ], [ 107.3190376, -7.1060237, 0.0 ], [ 107.3192777, -7.1062215, 0.0 ], [ 107.3196111, -7.106505, 0.0 ], [ 107.3202935, -7.1071011, 0.0 ], [ 107.3206131, -7.1071778, 0.0 ], [ 107.3207388, -7.1071843, 0.0 ], [ 107.3209531, -7.1071549, 0.0 ], [ 107.3211623, -7.1071176, 0.0 ], [ 107.3213596, -7.1070843, 0.0 ], [ 107.3214995, -7.1070621, 0.0 ], [ 107.3216215, -7.10704, 0.0 ], [ 107.3217184, -7.1070251, 0.0 ], [ 107.3218689, -7.1070163, 0.0 ], [ 107.3220882, -7.1069946, 0.0 ], [ 107.3225988, -7.1069531, 0.0 ], [ 107.3229276, -7.1069141, 0.0 ], [ 107.3233842, -7.1068327, 0.0 ], [ 107.323678, -7.1067893, 0.0 ], [ 107.3238, -7.10676, 0.0 ], [ 107.3239038, -7.1067021, 0.0 ], [ 107.3239611, -7.1066659, 0.0 ], [ 107.3240326, -7.106601, 0.0 ], [ 107.3241005, -7.1065433, 0.0 ], [ 107.3241757, -7.1064963, 0.0 ], [ 107.324258, -7.1064349, 0.0 ], [ 107.3243368, -7.106395, 0.0 ], [ 107.3244751, -7.1063271, 0.0 ], [ 107.3246502, -7.1062678, 0.0 ], [ 107.3248182, -7.1061781, 0.0 ], [ 107.3249347, -7.1061144, 0.0 ], [ 107.3250606, -7.1060238, 0.0 ], [ 107.3251524, -7.105987, 0.0 ], [ 107.32525, -7.1059636, 0.0 ], [ 107.3254088, -7.1059475, 0.0 ], [ 107.3258626, -7.1059107, 0.0 ], [ 107.3259946, -7.1058929, 0.0 ], [ 107.3264187, -7.1058597, 0.0 ], [ 107.3265605, -7.105867, 0.0 ], [ 107.3267882, -7.1056537, 0.0 ], [ 107.3267818, -7.1043837, 0.0 ], [ 107.3275233, -7.1031894, 0.0 ], [ 107.3275641, -7.1031235, 0.0 ], [ 107.3286802, -7.1013256, 0.0 ], [ 107.3305933, -7.098224, 0.0 ], [ 107.3319441, -7.0984297, 0.0 ], [ 107.3328021, -7.0985603, 0.0 ], [ 107.3336569, -7.098505, 0.0 ], [ 107.3338469, -7.098358, 0.0 ], [ 107.334349, -7.0979693, 0.0 ], [ 107.3356735, -7.096944, 0.0 ], [ 107.337141, -7.0958079, 0.0 ], [ 107.3375892, -7.0973556, 0.0 ], [ 107.3388092, -7.0969202, 0.0 ], [ 107.3391262, -7.0970457, 0.0 ], [ 107.3403646, -7.0975361, 0.0 ], [ 107.3412038, -7.0978076, 0.0 ], [ 107.3412115, -7.0978101, 0.0 ], [ 107.3414206, -7.0978778, 0.0 ], [ 107.3447827, -7.0986536, 0.0 ], [ 107.3450386, -7.0986297, 0.0 ], [ 107.3461033, -7.0985302, 0.0 ], [ 107.3463707, -7.0985052, 0.0 ], [ 107.3473389, -7.0984147, 0.0 ], [ 107.3481268, -7.0991027, 0.0 ], [ 107.3483165, -7.0992683, 0.0 ], [ 107.3494283, -7.0986507, 0.0 ], [ 107.3504745, -7.0978343, 0.0 ], [ 107.3504921, -7.0978205, 0.0 ], [ 107.3524461, -7.0976899, 0.0 ], [ 107.3535356, -7.0982655, 0.0 ], [ 107.3535776, -7.0982876, 0.0 ], [ 107.3547057, -7.0982392, 0.0 ], [ 107.3551766, -7.0979296, 0.0 ], [ 107.3551856, -7.0979153, 0.0 ], [ 107.3552579, -7.0978289, 0.0 ], [ 107.3553012, -7.0978004, 0.0 ], [ 107.3553402, -7.0977821, 0.0 ], [ 107.3554032, -7.0977437, 0.0 ], [ 107.3554595, -7.0977122, 0.0 ], [ 107.355545, -7.0976684, 0.0 ], [ 107.3556047, -7.0976422, 0.0 ], [ 107.3557036, -7.097602, 0.0 ], [ 107.3557953, -7.0975145, 0.0 ], [ 107.3558427, -7.0974186, 0.0 ], [ 107.3558663, -7.0973408, 0.0 ], [ 107.3558959, -7.0972749, 0.0 ], [ 107.3559465, -7.0972298, 0.0 ], [ 107.3560181, -7.0971816, 0.0 ], [ 107.3561316, -7.0971481, 0.0 ], [ 107.3563522, -7.0970936, 0.0 ], [ 107.356535, -7.0970176, 0.0 ], [ 107.356851, -7.0967858, 0.0 ], [ 107.3572938, -7.0962175, 0.0 ], [ 107.3586694, -7.0933944, 0.0 ], [ 107.3589819, -7.0902561, 0.0 ], [ 107.3616588, -7.0921251, 0.0 ], [ 107.3617374, -7.0922188, 0.0 ], [ 107.3619828, -7.0924567, 0.0 ], [ 107.3621657, -7.0926519, 0.0 ], [ 107.3623247, -7.0928424, 0.0 ], [ 107.3624208, -7.0929184, 0.0 ], [ 107.3625456, -7.0929752, 0.0 ], [ 107.3627133, -7.0930078, 0.0 ], [ 107.3630769, -7.0930593, 0.0 ], [ 107.3632087, -7.0930873, 0.0 ], [ 107.3633334, -7.0931321, 0.0 ], [ 107.3634294, -7.093177, 0.0 ], [ 107.3635789, -7.0932315, 0.0 ], [ 107.3636583, -7.09331, 0.0 ], [ 107.3636948, -7.093439, 0.0 ], [ 107.3637097, -7.0935393, 0.0 ], [ 107.3637068, -7.0936326, 0.0 ], [ 107.3637408, -7.0940055, 0.0 ], [ 107.3636951, -7.0942568, 0.0 ], [ 107.363619, -7.0945346, 0.0 ], [ 107.3635866, -7.0947452, 0.0 ], [ 107.3635586, -7.0948937, 0.0 ], [ 107.3635358, -7.0951138, 0.0 ], [ 107.3635369, -7.0953242, 0.0 ], [ 107.3635427, -7.0955203, 0.0 ], [ 107.3635724, -7.0957162, 0.0 ], [ 107.3636357, -7.0959216, 0.0 ], [ 107.3637271, -7.0960072, 0.0 ], [ 107.3638135, -7.0960594, 0.0 ], [ 107.3639046, -7.0960828, 0.0 ], [ 107.3640008, -7.0960853, 0.0 ], [ 107.3641353, -7.0960775, 0.0 ], [ 107.3643374, -7.0960203, 0.0 ], [ 107.3646014, -7.095963, 0.0 ], [ 107.364825, -7.095892, 0.0 ], [ 107.3649703, -7.0958301, 0.0 ], [ 107.3650696, -7.0957798, 0.0 ], [ 107.3651556, -7.095743, 0.0 ], [ 107.365234, -7.0957101, 0.0 ], [ 107.3652703, -7.0956984, 0.0 ], [ 107.365317, -7.0956876, 0.0 ], [ 107.3653641, -7.0956884, 0.0 ], [ 107.3654254, -7.0957015, 0.0 ], [ 107.3654555, -7.095715, 0.0 ], [ 107.3656112, -7.0953632, 0.0 ], [ 107.3658705, -7.0949264, 0.0 ], [ 107.3662355, -7.0943246, 0.0 ], [ 107.3667822, -7.0932574, 0.0 ], [ 107.3670489, -7.0923658, 0.0 ], [ 107.3669662, -7.0913502, 0.0 ], [ 107.3670108, -7.0905952, 0.0 ], [ 107.3673259, -7.0896937, 0.0 ], [ 107.3675267, -7.0891798, 0.0 ], [ 107.3676697, -7.088734, 0.0 ], [ 107.3679567, -7.0880262, 0.0 ], [ 107.3681362, -7.0871447, 0.0 ], [ 107.3682634, -7.0864522, 0.0 ], [ 107.3685991, -7.0857925, 0.0 ], [ 107.3689932, -7.0852002, 0.0 ], [ 107.3692426, -7.0847151, 0.0 ], [ 107.3693989, -7.0840224, 0.0 ], [ 107.3693271, -7.0832487, 0.0 ], [ 107.3692546, -7.0828104, 0.0 ], [ 107.3693, -7.08257, 0.0 ], [ 107.36921, -7.08211, 0.0 ], [ 107.3691747, -7.0819722, 0.0 ], [ 107.36889, -7.08086, 0.0 ], [ 107.36871, -7.08046, 0.0 ], [ 107.36828, -7.07995, 0.0 ], [ 107.3680986, -7.0797686, 0.0 ], [ 107.36773, -7.0794, 0.0 ], [ 107.36768, -7.07933, 0.0 ], [ 107.36739, -7.07897, 0.0 ], [ 107.36721, -7.07872, 0.0 ], [ 107.36695, -7.07824, 0.0 ], [ 107.3666, -7.07758, 0.0 ], [ 107.3662824, -7.0769449, 0.0 ], [ 107.36621, -7.0768, 0.0 ], [ 107.36615, -7.07668, 0.0 ], [ 107.36582, -7.07624, 0.0 ], [ 107.36542, -7.07576, 0.0 ], [ 107.36497, -7.07532, 0.0 ], [ 107.36495, -7.0752, 0.0 ], [ 107.365, -7.07501, 0.0 ], [ 107.36503, -7.07477, 0.0 ], [ 107.36496, -7.07444, 0.0 ], [ 107.36484, -7.07418, 0.0 ], [ 107.36455, -7.07334, 0.0 ], [ 107.36439, -7.07248, 0.0 ], [ 107.36394, -7.07148, 0.0 ], [ 107.363934, -7.0714323, 0.0 ], [ 107.3638588, -7.0708326, 0.0 ], [ 107.3639219, -7.0699033, 0.0 ], [ 107.3639187, -7.069284, 0.0 ], [ 107.3639301, -7.0686599, 0.0 ], [ 107.3639333, -7.0684313, 0.0 ], [ 107.3639361, -7.0682271, 0.0 ], [ 107.3639372, -7.068147, 0.0 ], [ 107.3639353, -7.0677793, 0.0 ], [ 107.3638339, -7.0676682, 0.0 ], [ 107.364, -7.06739, 0.0 ], [ 107.36396, -7.06725, 0.0 ], [ 107.36388, -7.06715, 0.0 ], [ 107.36357, -7.06707, 0.0 ], [ 107.36328, -7.06701, 0.0 ], [ 107.36311, -7.06692, 0.0 ], [ 107.36299, -7.06686, 0.0 ], [ 107.36278, -7.06666, 0.0 ], [ 107.36262, -7.06652, 0.0 ], [ 107.36248, -7.06638, 0.0 ], [ 107.36241, -7.06628, 0.0 ], [ 107.36231, -7.06611, 0.0 ], [ 107.36218, -7.06593, 0.0 ], [ 107.36213, -7.06586, 0.0 ], [ 107.36203, -7.06572, 0.0 ], [ 107.36191, -7.06562, 0.0 ], [ 107.36181, -7.06552, 0.0 ], [ 107.36172, -7.06542, 0.0 ], [ 107.3617817, -7.0652259, 0.0 ], [ 107.3618871, -7.0650125, 0.0 ], [ 107.3620511, -7.0648665, 0.0 ], [ 107.362302, -7.0646911, 0.0 ], [ 107.3625627, -7.0645349, 0.0 ], [ 107.3628236, -7.0643981, 0.0 ], [ 107.3631136, -7.0642902, 0.0 ], [ 107.3634328, -7.0642015, 0.0 ], [ 107.3636163, -7.0640941, 0.0 ], [ 107.3637321, -7.0640162, 0.0 ], [ 107.3637609, -7.0639483, 0.0 ], [ 107.3637896, -7.0638804, 0.0 ], [ 107.363828, -7.0638125, 0.0 ], [ 107.3638078, -7.0636577, 0.0 ], [ 107.363749, -7.0635129, 0.0 ], [ 107.3637579, -7.063358, 0.0 ], [ 107.36368, -7.06312, 0.0 ], [ 107.36368, -7.06284, 0.0 ], [ 107.3637794, -7.0621084, 0.0 ], [ 107.363898, -7.061624, 0.0 ], [ 107.3641004, -7.0609577, 0.0 ], [ 107.3642799, -7.0605335, 0.0 ], [ 107.3644354, -7.0601577, 0.0 ], [ 107.3646397, -7.0598664, 0.0 ], [ 107.3647719, -7.0596722, 0.0 ], [ 107.3648441, -7.0595751, 0.0 ], [ 107.365061, -7.0593804, 0.0 ], [ 107.3653021, -7.0591615, 0.0 ], [ 107.3655311, -7.0589668, 0.0 ], [ 107.3657725, -7.0588204, 0.0 ], [ 107.3659896, -7.0586621, 0.0 ], [ 107.3661344, -7.0585525, 0.0 ], [ 107.3663272, -7.0583822, 0.0 ], [ 107.3665317, -7.058115, 0.0 ], [ 107.3669533, -7.0576895, 0.0 ], [ 107.36723, -7.05718, 0.0 ], [ 107.36734, -7.05714, 0.0 ], [ 107.36765, -7.05692, 0.0 ], [ 107.3679, -7.05675, 0.0 ], [ 107.36798, -7.05673, 0.0 ], [ 107.36793, -7.05627, 0.0 ], [ 107.36792, -7.0561, 0.0 ], [ 107.368, -7.05574, 0.0 ], [ 107.36807, -7.05559, 0.0 ], [ 107.36818, -7.05546, 0.0 ], [ 107.36837, -7.05523, 0.0 ], [ 107.36864, -7.05489, 0.0 ], [ 107.3689227, -7.0544984, 0.0 ], [ 107.3690187, -7.0543286, 0.0 ], [ 107.3691511, -7.0541828, 0.0 ], [ 107.36925, -7.05403, 0.0 ], [ 107.36929, -7.05394, 0.0 ], [ 107.36943, -7.05334, 0.0 ], [ 107.36948, -7.05289, 0.0 ] ] ] ] } },
{ "type": "Feature", "properties": { "kd_propinsi": "32", "kd_dati2": "17", "kd_kecamatan": "016", "nama_kecamatan": "Saguling", "id_kecamatan": 16 }, "geometry": { "type": "MultiPolygon", "coordinates": [ [ [ [ 107.4374565, -6.8942146, 0.0 ], [ 107.4373648, -6.8931794, 0.0 ], [ 107.4383249, -6.8926006, 0.0 ], [ 107.4390841, -6.892174, 0.0 ], [ 107.4393991, -6.8917497, 0.0 ], [ 107.4398191, -6.8911558, 0.0 ], [ 107.440304, -6.8908574, 0.0 ], [ 107.4405777, -6.8906235, 0.0 ], [ 107.4407237, -6.8902212, 0.0 ], [ 107.4408691, -6.8897132, 0.0 ], [ 107.440952, -6.8893746, 0.0 ], [ 107.4411209, -6.8893103, 0.0 ], [ 107.4415656, -6.8894348, 0.0 ], [ 107.4419896, -6.8896229, 0.0 ], [ 107.4423496, -6.8897267, 0.0 ], [ 107.4427721, -6.8896189, 0.0 ], [ 107.4431303, -6.8893634, 0.0 ], [ 107.4433599, -6.8887705, 0.0 ], [ 107.4435487, -6.8884736, 0.0 ], [ 107.4438861, -6.8882816, 0.0 ], [ 107.4442879, -6.8882796, 0.0 ], [ 107.4447111, -6.8883197, 0.0 ], [ 107.4450702, -6.8882333, 0.0 ], [ 107.4454285, -6.887999, 0.0 ], [ 107.4456818, -6.887892, 0.0 ], [ 107.4459782, -6.8879539, 0.0 ], [ 107.446148, -6.8880798, 0.0 ], [ 107.4463608, -6.8883324, 0.0 ], [ 107.4465103, -6.8886064, 0.0 ], [ 107.4466802, -6.8887535, 0.0 ], [ 107.44704, -6.888815, 0.0 ], [ 107.4473779, -6.8887076, 0.0 ], [ 107.4477154, -6.8885368, 0.0 ], [ 107.4480114, -6.8885141, 0.0 ], [ 107.4482235, -6.8886399, 0.0 ], [ 107.4483093, -6.8888719, 0.0 ], [ 107.448416, -6.8890616, 0.0 ], [ 107.4486281, -6.8891873, 0.0 ], [ 107.4490726, -6.8892485, 0.0 ], [ 107.4494314, -6.8891198, 0.0 ], [ 107.4501262, -6.8885033, 0.0 ], [ 107.4509272, -6.8879919, 0.0 ], [ 107.4512214, -6.8876311, 0.0 ], [ 107.4514522, -6.8872706, 0.0 ], [ 107.4517896, -6.8870787, 0.0 ], [ 107.4521702, -6.8870556, 0.0 ], [ 107.4528026, -6.8868981, 0.0 ], [ 107.4535528, -6.8869426, 0.0 ], [ 107.4534659, -6.8858388, 0.0 ], [ 107.4534654, -6.8858322, 0.0 ], [ 107.4535376, -6.8851898, 0.0 ], [ 107.4537988, -6.8845465, 0.0 ], [ 107.4538331, -6.8838665, 0.0 ], [ 107.4537544, -6.8832627, 0.0 ], [ 107.4533351, -6.8825473, 0.0 ], [ 107.4529543, -6.8819828, 0.0 ], [ 107.4527627, -6.8814551, 0.0 ], [ 107.4526383, -6.8804402, 0.0 ], [ 107.4532016, -6.8798265, 0.0 ], [ 107.4537653, -6.8792874, 0.0 ], [ 107.4542113, -6.8790616, 0.0 ], [ 107.4546568, -6.8787465, 0.0 ], [ 107.4550858, -6.8781037, 0.0 ], [ 107.4553521, -6.877715, 0.0 ], [ 107.4557231, -6.8773854, 0.0 ], [ 107.4561251, -6.8773089, 0.0 ], [ 107.4570492, -6.8773041, 0.0 ], [ 107.4579286, -6.8772847, 0.0 ], [ 107.4587469, -6.8769975, 0.0 ], [ 107.4595343, -6.8764869, 0.0 ], [ 107.4602023, -6.8759621, 0.0 ], [ 107.4600962, -6.8747963, 0.0 ], [ 107.4600905, -6.8736975, 0.0 ], [ 107.4601888, -6.8726397, 0.0 ], [ 107.4603086, -6.8717269, 0.0 ], [ 107.4603045, -6.8709391, 0.0 ], [ 107.4598842, -6.869884, 0.0 ], [ 107.4596944, -6.8692837, 0.0 ], [ 107.4597337, -6.8688482, 0.0 ], [ 107.4597313, -6.8683921, 0.0 ], [ 107.4595838, -6.8679367, 0.0 ], [ 107.4595186, -6.8673566, 0.0 ], [ 107.459578, -6.8668172, 0.0 ], [ 107.4596172, -6.8663609, 0.0 ], [ 107.4594612, -6.8654052, 0.0 ], [ 107.4593597, -6.8646921, 0.0 ], [ 107.4593483, -6.8643794, 0.0 ], [ 107.4594741, -6.8641246, 0.0 ], [ 107.4597855, -6.8638101, 0.0 ], [ 107.4600582, -6.8635741, 0.0 ], [ 107.4601844, -6.8633975, 0.0 ], [ 107.4603101, -6.8631134, 0.0 ], [ 107.4603382, -6.8628689, 0.0 ], [ 107.4603462, -6.8625267, 0.0 ], [ 107.4602943, -6.8620514, 0.0 ], [ 107.4602863, -6.8618972, 0.0 ], [ 107.4603188, -6.8617447, 0.0 ], [ 107.4603549, -6.8616222, 0.0 ], [ 107.4603584, -6.861504, 0.0 ], [ 107.4603252, -6.86139, 0.0 ], [ 107.4602184, -6.8612601, 0.0 ], [ 107.4601487, -6.8611789, 0.0 ], [ 107.4601116, -6.8610729, 0.0 ], [ 107.46011, -6.86107, 0.0 ], [ 107.46016, -6.86086, 0.0 ], [ 107.4604323, -6.8605159, 0.0 ], [ 107.460443, -6.8603978, 0.0 ], [ 107.4604476, -6.8603475, 0.0 ], [ 107.4603481, -6.860225, 0.0 ], [ 107.4600112, -6.8598957, 0.0 ], [ 107.4599882, -6.8596814, 0.0 ], [ 107.4599652, -6.8594593, 0.0 ], [ 107.4597585, -6.8592143, 0.0 ], [ 107.4596131, -6.8590459, 0.0 ], [ 107.4596973, -6.8588468, 0.0 ], [ 107.4596743, -6.8586861, 0.0 ], [ 107.4595977, -6.8586631, 0.0 ], [ 107.4594293, -6.8587014, 0.0 ], [ 107.4591154, -6.8588239, 0.0 ], [ 107.4588245, -6.8588315, 0.0 ], [ 107.45872, -6.85875, 0.0 ], [ 107.4585948, -6.8585023, 0.0 ], [ 107.4585405, -6.8584589, 0.0 ], [ 107.4584417, -6.8583798, 0.0 ], [ 107.4582349, -6.8583339, 0.0 ], [ 107.4580512, -6.8583798, 0.0 ], [ 107.457944, -6.8584717, 0.0 ], [ 107.4578598, -6.8586784, 0.0 ], [ 107.4578598, -6.8588775, 0.0 ], [ 107.4577909, -6.8591225, 0.0 ], [ 107.4577679, -6.8593675, 0.0 ], [ 107.457401, -6.8595689, 0.0 ], [ 107.4573774, -6.8595818, 0.0 ], [ 107.4571401, -6.8597197, 0.0 ], [ 107.4570176, -6.859712, 0.0 ], [ 107.4569217, -6.8597391, 0.0 ], [ 107.4567803, -6.8597656, 0.0 ], [ 107.4567357, -6.8597371, 0.0 ], [ 107.4565888, -6.8596431, 0.0 ], [ 107.4563898, -6.8595436, 0.0 ], [ 107.4562673, -6.859444, 0.0 ], [ 107.4560378, -6.8595008, 0.0 ], [ 107.4555877, -6.8593574, 0.0 ], [ 107.4552054, -6.8592897, 0.0 ], [ 107.4551634, -6.8592848, 0.0 ], [ 107.4550022, -6.8592658, 0.0 ], [ 107.4549289, -6.8593104, 0.0 ], [ 107.4547905, -6.8593392, 0.0 ], [ 107.4547242, -6.8593882, 0.0 ], [ 107.4546398, -6.8594092, 0.0 ], [ 107.4545772, -6.8594286, 0.0 ], [ 107.4544844, -6.8594371, 0.0 ], [ 107.454357, -6.8594092, 0.0 ], [ 107.4541977, -6.8593295, 0.0 ], [ 107.4540583, -6.8593136, 0.0 ], [ 107.4540091, -6.8593075, 0.0 ], [ 107.4539284, -6.8593248, 0.0 ], [ 107.4538852, -6.8593075, 0.0 ], [ 107.4538591, -6.859222, 0.0 ], [ 107.4538113, -6.8591623, 0.0 ], [ 107.4536201, -6.8591025, 0.0 ], [ 107.4535507, -6.8590711, 0.0 ], [ 107.4534902, -6.8590682, 0.0 ], [ 107.4534556, -6.8590941, 0.0 ], [ 107.4534568, -6.8591423, 0.0 ], [ 107.4535132, -6.8592037, 0.0 ], [ 107.4535561, -6.859258, 0.0 ], [ 107.4535905, -6.8593325, 0.0 ], [ 107.4536241, -6.8594052, 0.0 ], [ 107.4536201, -6.8594809, 0.0 ], [ 107.4534887, -6.8595566, 0.0 ], [ 107.4533971, -6.8595685, 0.0 ], [ 107.4533056, -6.8595526, 0.0 ], [ 107.453222, -6.8596708, 0.0 ], [ 107.4531845, -6.8597861, 0.0 ], [ 107.4532019, -6.8598991, 0.0 ], [ 107.453182, -6.8600266, 0.0 ], [ 107.4531063, -6.8600584, 0.0 ], [ 107.4529789, -6.8600983, 0.0 ], [ 107.4528818, -6.8601062, 0.0 ], [ 107.4527678, -6.8601022, 0.0 ], [ 107.4526204, -6.8600624, 0.0 ], [ 107.4524118, -6.8600225, 0.0 ], [ 107.4523039, -6.8600233, 0.0 ], [ 107.452007, -6.8604288, 0.0 ], [ 107.4518357, -6.8605244, 0.0 ], [ 107.4517884, -6.8606078, 0.0 ], [ 107.4515928, -6.8608988, 0.0 ], [ 107.4514215, -6.8610064, 0.0 ], [ 107.451339, -6.8610321, 0.0 ], [ 107.4509385, -6.8612815, 0.0 ], [ 107.4509151, -6.8613379, 0.0 ], [ 107.4509003, -6.8613734, 0.0 ], [ 107.4506488, -6.8615361, 0.0 ], [ 107.4506329, -6.8617193, 0.0 ], [ 107.450597, -6.8617592, 0.0 ], [ 107.4504377, -6.8617512, 0.0 ], [ 107.4503975, -6.8617549, 0.0 ], [ 107.4503501, -6.8617592, 0.0 ], [ 107.4502306, -6.8618348, 0.0 ], [ 107.4501509, -6.8619304, 0.0 ], [ 107.450127, -6.8620021, 0.0 ], [ 107.4501111, -6.8621455, 0.0 ], [ 107.4500115, -6.8622929, 0.0 ], [ 107.4499358, -6.8623248, 0.0 ], [ 107.4498403, -6.8623248, 0.0 ], [ 107.4497686, -6.8622929, 0.0 ], [ 107.4497248, -6.8622809, 0.0 ], [ 107.4495853, -6.8622809, 0.0 ], [ 107.4495256, -6.8623048, 0.0 ], [ 107.4494499, -6.8624243, 0.0 ], [ 107.4493981, -6.8624801, 0.0 ], [ 107.4493185, -6.862508, 0.0 ], [ 107.4490994, -6.8625199, 0.0 ], [ 107.4487768, -6.862512, 0.0 ], [ 107.4486573, -6.8624403, 0.0 ], [ 107.4483904, -6.8624761, 0.0 ], [ 107.4483068, -6.8622411, 0.0 ], [ 107.4480638, -6.862261, 0.0 ], [ 107.4478966, -6.8622849, 0.0 ], [ 107.4478172, -6.86216, 0.0 ], [ 107.4477629, -6.8620826, 0.0 ], [ 107.4476974, -6.8619981, 0.0 ], [ 107.4476177, -6.8619743, 0.0 ], [ 107.4475692, -6.8619896, 0.0 ], [ 107.4474839, -6.8621213, 0.0 ], [ 107.4473827, -6.8622092, 0.0 ], [ 107.4472553, -6.8622053, 0.0 ], [ 107.4472437, -6.8621136, 0.0 ], [ 107.4472394, -6.8619981, 0.0 ], [ 107.4472354, -6.8619304, 0.0 ], [ 107.4470123, -6.8618906, 0.0 ], [ 107.446853, -6.8618309, 0.0 ], [ 107.4467455, -6.8617233, 0.0 ], [ 107.4466459, -6.8616835, 0.0 ], [ 107.4465423, -6.8616158, 0.0 ], [ 107.4464467, -6.8616516, 0.0 ], [ 107.446391, -6.8617154, 0.0 ], [ 107.4463711, -6.8618548, 0.0 ], [ 107.4463989, -6.8618508, 0.0 ], [ 107.446391, -6.8619185, 0.0 ], [ 107.44617, -6.86205, 0.0 ], [ 107.44571, -6.8625, 0.0 ], [ 107.4453339, -6.8626701, 0.0 ], [ 107.44529, -6.86269, 0.0 ], [ 107.44461, -6.86268, 0.0 ], [ 107.44386, -6.86264, 0.0 ], [ 107.4433578, -6.8625462, 0.0 ], [ 107.44295, -6.86247, 0.0 ], [ 107.4426249, -6.8624064, 0.0 ], [ 107.4423173, -6.8623462, 0.0 ], [ 107.4421816, -6.8623197, 0.0 ], [ 107.44203, -6.86229, 0.0 ], [ 107.44101, -6.86199, 0.0 ], [ 107.44024, -6.86171, 0.0 ], [ 107.43967, -6.86155, 0.0 ], [ 107.43913, -6.86143, 0.0 ], [ 107.43855, -6.86139, 0.0 ], [ 107.43763, -6.86141, 0.0 ], [ 107.43685, -6.86141, 0.0 ], [ 107.43558, -6.86139, 0.0 ], [ 107.43469, -6.8614, 0.0 ], [ 107.4340271, -6.861328, 0.0 ], [ 107.4337851, -6.8614713, 0.0 ], [ 107.4335967, -6.8616546, 0.0 ], [ 107.433373, -6.86198, 0.0 ], [ 107.4326612, -6.8622986, 0.0 ], [ 107.4316782, -6.8627596, 0.0 ], [ 107.4307969, -6.8633426, 0.0 ], [ 107.4308511, -6.8635256, 0.0 ], [ 107.4307765, -6.8635663, 0.0 ], [ 107.4303562, -6.8632884, 0.0 ], [ 107.4300851, -6.8631257, 0.0 ], [ 107.4299563, -6.8631189, 0.0 ], [ 107.4297529, -6.8631935, 0.0 ], [ 107.42938, -6.8632206, 0.0 ], [ 107.4290885, -6.8632613, 0.0 ], [ 107.4288309, -6.8632545, 0.0 ], [ 107.4287423, -6.8632059, 0.0 ], [ 107.4286953, -6.8632274, 0.0 ], [ 107.4285326, -6.8632206, 0.0 ], [ 107.4283699, -6.8631528, 0.0 ], [ 107.42786, -6.86323, 0.0 ], [ 107.42756, -6.86327, 0.0 ], [ 107.42737, -6.86342, 0.0 ], [ 107.42696, -6.86369, 0.0 ], [ 107.42669, -6.86384, 0.0 ], [ 107.42653, -6.86386, 0.0 ], [ 107.4262074, -6.863668, 0.0 ], [ 107.4260921, -6.8636545, 0.0 ], [ 107.4257803, -6.8635256, 0.0 ], [ 107.4256989, -6.863546, 0.0 ], [ 107.4255145, -6.8635306, 0.0 ], [ 107.4254549, -6.8635256, 0.0 ], [ 107.4252583, -6.8635867, 0.0 ], [ 107.4248312, -6.8637968, 0.0 ], [ 107.4245871, -6.8638443, 0.0 ], [ 107.4245112, -6.863884, 0.0 ], [ 107.4242889, -6.8640002, 0.0 ], [ 107.4239974, -6.864007, 0.0 ], [ 107.4238075, -6.8639324, 0.0 ], [ 107.4236584, -6.8639934, 0.0 ], [ 107.4234347, -6.864007, 0.0 ], [ 107.4232245, -6.8640883, 0.0 ], [ 107.4230618, -6.8640273, 0.0 ], [ 107.42275, -6.8640002, 0.0 ], [ 107.4223975, -6.8640341, 0.0 ], [ 107.42214, -6.86414, 0.0 ], [ 107.4218212, -6.8643459, 0.0 ], [ 107.4217467, -6.8644069, 0.0 ], [ 107.4216644, -6.8645694, 0.0 ], [ 107.4215365, -6.8646849, 0.0 ], [ 107.4213399, -6.8646917, 0.0 ], [ 107.4210687, -6.8647527, 0.0 ], [ 107.4208925, -6.8647527, 0.0 ], [ 107.4205895, -6.8646122, 0.0 ], [ 107.4205264, -6.8646374, 0.0 ], [ 107.4203163, -6.8645561, 0.0 ], [ 107.4198688, -6.8644205, 0.0 ], [ 107.4195434, -6.8642985, 0.0 ], [ 107.419374, -6.8643595, 0.0 ], [ 107.4189875, -6.8643256, 0.0 ], [ 107.4183367, -6.8641358, 0.0 ], [ 107.4181401, -6.8640273, 0.0 ], [ 107.4180181, -6.8640748, 0.0 ], [ 107.4178622, -6.8641154, 0.0 ], [ 107.4176385, -6.8641629, 0.0 ], [ 107.4174622, -6.8643053, 0.0 ], [ 107.4174012, -6.8645154, 0.0 ], [ 107.4172588, -6.8644408, 0.0 ], [ 107.4171492, -6.8644314, 0.0 ], [ 107.4169459, -6.8644139, 0.0 ], [ 107.4168657, -6.8644069, 0.0 ], [ 107.4166691, -6.8644137, 0.0 ], [ 107.4159708, -6.8641493, 0.0 ], [ 107.4158817, -6.8641747, 0.0 ], [ 107.4158149, -6.864129, 0.0 ], [ 107.4156386, -6.8641358, 0.0 ], [ 107.4153607, -6.8641764, 0.0 ], [ 107.4152658, -6.8642985, 0.0 ], [ 107.4148251, -6.8646713, 0.0 ], [ 107.4147302, -6.8646849, 0.0 ], [ 107.4144251, -6.8645425, 0.0 ], [ 107.4141201, -6.8642646, 0.0 ], [ 107.4137269, -6.8642985, 0.0 ], [ 107.4132591, -6.8643053, 0.0 ], [ 107.4131913, -6.8644341, 0.0 ], [ 107.4127304, -6.8644069, 0.0 ], [ 107.4123846, -6.8644544, 0.0 ], [ 107.4120796, -6.8645696, 0.0 ], [ 107.4118218, -6.8646495, 0.0 ], [ 107.41153, -6.86474, 0.0 ], [ 107.4108796, -6.8649357, 0.0 ], [ 107.4105475, -6.8651459, 0.0 ], [ 107.4100187, -6.8654306, 0.0 ], [ 107.4097475, -6.8655255, 0.0 ], [ 107.4094696, -6.865573, 0.0 ], [ 107.4092865, -6.8656543, 0.0 ], [ 107.4089884, -6.8656955, 0.0 ], [ 107.4088866, -6.8658035, 0.0 ], [ 107.4087025, -6.8657886, 0.0 ], [ 107.4086289, -6.8658441, 0.0 ], [ 107.4084934, -6.8658712, 0.0 ], [ 107.4080183, -6.8659206, 0.0 ], [ 107.4079714, -6.8659255, 0.0 ], [ 107.4077748, -6.865695, 0.0 ], [ 107.4075172, -6.8656679, 0.0 ], [ 107.4072257, -6.8656408, 0.0 ], [ 107.4071507, -6.8655831, 0.0 ], [ 107.4070054, -6.8655874, 0.0 ], [ 107.40636, -6.86538, 0.0 ], [ 107.40556, -6.86487, 0.0 ], [ 107.4049, -6.86446, 0.0 ], [ 107.40417, -6.86407, 0.0 ], [ 107.40328, -6.86367, 0.0 ], [ 107.40262, -6.86334, 0.0 ], [ 107.40216, -6.86323, 0.0 ], [ 107.40172, -6.86322, 0.0 ], [ 107.40099, -6.86337, 0.0 ], [ 107.40003, -6.86358, 0.0 ], [ 107.39926, -6.8638, 0.0 ], [ 107.39868, -6.86396, 0.0 ], [ 107.39788, -6.86434, 0.0 ], [ 107.39738, -6.8646699, 0.0 ], [ 107.39665, -6.86516, 0.0 ], [ 107.39631, -6.86547, 0.0 ], [ 107.3959, -6.86594, 0.0 ], [ 107.39545, -6.8665, 0.0 ], [ 107.39468, -6.86729, 0.0 ], [ 107.39406, -6.86791, 0.0 ], [ 107.39333, -6.86856, 0.0 ], [ 107.39258, -6.86926, 0.0 ], [ 107.3925781, -6.8692623, 0.0 ], [ 107.39207, -6.86986, 0.0 ], [ 107.39189, -6.87024, 0.0 ], [ 107.3918201, -6.870546, 0.0 ], [ 107.39181, -6.87059, 0.0 ], [ 107.3918, -6.87091, 0.0 ], [ 107.39189, -6.87127, 0.0 ], [ 107.39208, -6.8716, 0.0 ], [ 107.39239, -6.87195, 0.0 ], [ 107.39269, -6.87229, 0.0 ], [ 107.39278, -6.87256, 0.0 ], [ 107.3928, -6.87293, 0.0 ], [ 107.39279, -6.87363, 0.0 ], [ 107.39271, -6.87402, 0.0 ], [ 107.39262, -6.87446, 0.0 ], [ 107.39262, -6.87462, 0.0 ], [ 107.39262, -6.87476, 0.0 ], [ 107.39261, -6.87492, 0.0 ], [ 107.39257, -6.875, 0.0 ], [ 107.39244, -6.87533, 0.0 ], [ 107.39213, -6.8763, 0.0 ], [ 107.392052, -6.8765917, 0.0 ], [ 107.39182, -6.87746, 0.0 ], [ 107.39141, -6.87851, 0.0 ], [ 107.39109, -6.87886, 0.0 ], [ 107.39038, -6.87942, 0.0 ], [ 107.38965, -6.87986, 0.0 ], [ 107.38873, -6.88004, 0.0 ], [ 107.38769, -6.88029, 0.0 ], [ 107.3867251, -6.8803249, 0.0 ], [ 107.38658, -6.8803302, 0.0 ], [ 107.38551, -6.88052, 0.0 ], [ 107.38423, -6.88094, 0.0 ], [ 107.384001, -6.8810073, 0.0 ], [ 107.38297, -6.88131, 0.0 ], [ 107.38176, -6.88161, 0.0 ], [ 107.3816408, -6.8816144, 0.0 ], [ 107.38094, -6.88164, 0.0 ], [ 107.3801, -6.88154, 0.0 ], [ 107.37893, -6.88127, 0.0 ], [ 107.37798, -6.88094, 0.0 ], [ 107.3776082, -6.8807435, 0.0 ], [ 107.3769647, -6.8804034, 0.0 ], [ 107.37675, -6.88029, 0.0 ], [ 107.37601, -6.87989, 0.0 ], [ 107.37548, -6.87966, 0.0 ], [ 107.375, -6.87954, 0.0 ], [ 107.37386, -6.8795, 0.0 ], [ 107.37209, -6.87932, 0.0 ], [ 107.37073, -6.87894, 0.0 ], [ 107.37006, -6.8787302, 0.0 ], [ 107.36864, -6.87828, 0.0 ], [ 107.3679563, -6.8781174, 0.0 ], [ 107.3671947, -6.877904, 0.0 ], [ 107.366782, -6.8777883, 0.0 ], [ 107.365009, -6.8780926, 0.0 ], [ 107.3630939, -6.87958, 0.0 ], [ 107.3608823, -6.8810461, 0.0 ], [ 107.3606646, -6.8811674, 0.0 ], [ 107.3604273, -6.8812478, 0.0 ], [ 107.3591855, -6.8816683, 0.0 ], [ 107.3561249, -6.8827279, 0.0 ], [ 107.3558006, -6.8827214, 0.0 ], [ 107.3549866, -6.8822983, 0.0 ], [ 107.35406, -6.88146, 0.0 ], [ 107.35341, -6.88136, 0.0 ], [ 107.352808, -6.8815242, 0.0 ], [ 107.3523087, -6.8815544, 0.0 ], [ 107.3521717, -6.8816977, 0.0 ], [ 107.35209, -6.88172, 0.0 ], [ 107.35095, -6.88254, 0.0 ], [ 107.3504, -6.88345, 0.0 ], [ 107.35013, -6.8837, 0.0 ], [ 107.3499, -6.88395, 0.0 ], [ 107.34981, -6.88404, 0.0 ], [ 107.34957, -6.8844, 0.0 ], [ 107.34933, -6.88498, 0.0 ], [ 107.34926, -6.88519, 0.0 ], [ 107.34903, -6.8856, 0.0 ], [ 107.34888, -6.88582, 0.0 ], [ 107.34884, -6.88588, 0.0 ], [ 107.34868, -6.88608, 0.0 ], [ 107.34854, -6.88625, 0.0 ], [ 107.34831, -6.88645, 0.0 ], [ 107.3481, -6.88669, 0.0 ], [ 107.34783, -6.88698, 0.0 ], [ 107.34767, -6.88715, 0.0 ], [ 107.3474, -6.88739, 0.0 ], [ 107.34715, -6.88759, 0.0 ], [ 107.34693, -6.88772, 0.0 ], [ 107.34664, -6.88795, 0.0 ], [ 107.34656, -6.888, 0.0 ], [ 107.34626, -6.88824, 0.0 ], [ 107.34592, -6.88842, 0.0 ], [ 107.34587, -6.88845, 0.0 ], [ 107.34562, -6.8887, 0.0 ], [ 107.34546, -6.88899, 0.0 ], [ 107.34545, -6.88905, 0.0 ], [ 107.3454, -6.88931, 0.0 ], [ 107.34539, -6.88952, 0.0 ], [ 107.34537, -6.88968, 0.0 ], [ 107.34537, -6.88977, 0.0 ], [ 107.34537, -6.88989, 0.0 ], [ 107.3454, -6.89008, 0.0 ], [ 107.34543, -6.89026, 0.0 ], [ 107.34543, -6.89035, 0.0 ], [ 107.34542, -6.89044, 0.0 ], [ 107.3454, -6.89052, 0.0 ], [ 107.34537, -6.89063, 0.0 ], [ 107.3451946, -6.8909841, 0.0 ], [ 107.3453143, -6.8910845, 0.0 ], [ 107.3453864, -6.8911737, 0.0 ], [ 107.345548, -6.8912445, 0.0 ], [ 107.3456922, -6.8914228, 0.0 ], [ 107.3458493, -6.8915471, 0.0 ], [ 107.345872, -6.8915651, 0.0 ], [ 107.3460159, -6.8916897, 0.0 ], [ 107.3463399, -6.8920104, 0.0 ], [ 107.34658, -6.8921762, 0.0 ], [ 107.3471, -6.89222, 0.0 ], [ 107.3475901, -6.8921298, 0.0 ], [ 107.34807, -6.8922, 0.0 ], [ 107.348254, -6.8922084, 0.0 ], [ 107.3484289, -6.8921513, 0.0 ], [ 107.3484681, -6.8921828, 0.0 ], [ 107.3485256, -6.8922291, 0.0 ], [ 107.3486642, -6.892213, 0.0 ], [ 107.3486657, -6.8925086, 0.0 ], [ 107.348587, -6.8926144, 0.0 ], [ 107.3485824, -6.8926688, 0.0 ], [ 107.3485324, -6.8927402, 0.0 ], [ 107.3484809, -6.8927573, 0.0 ], [ 107.3483763, -6.8928981, 0.0 ], [ 107.3483611, -6.89294, 0.0 ], [ 107.3483264, -6.8929652, 0.0 ], [ 107.3482578, -6.8930576, 0.0 ], [ 107.3482504, -6.8930757, 0.0 ], [ 107.3482399, -6.8931547, 0.0 ], [ 107.348254, -6.8932046, 0.0 ], [ 107.3482683, -6.893222, 0.0 ], [ 107.3482709, -6.8932642, 0.0 ], [ 107.3486012, -6.8944301, 0.0 ], [ 107.3487263, -6.8946003, 0.0 ], [ 107.3489357, -6.8947425, 0.0 ], [ 107.3491427, -6.8949388, 0.0 ], [ 107.3492391, -6.8951851, 0.0 ], [ 107.3492177, -6.8954813, 0.0 ], [ 107.3492998, -6.8958489, 0.0 ], [ 107.3492498, -6.8959917, 0.0 ], [ 107.349157, -6.8960916, 0.0 ], [ 107.34914, -6.8961251, 0.0 ], [ 107.3490944, -6.8968362, 0.0 ], [ 107.3490953, -6.896839, 0.0 ], [ 107.349168, -6.8970534, 0.0 ], [ 107.3491327, -6.897161, 0.0 ], [ 107.3492052, -6.8973218, 0.0 ], [ 107.3492416, -6.8974469, 0.0 ], [ 107.3492421, -6.8975543, 0.0 ], [ 107.3493323, -6.8976792, 0.0 ], [ 107.3493665, -6.8977635, 0.0 ], [ 107.3494565, -6.8978747, 0.0 ], [ 107.3496201, -6.8979284, 0.0 ], [ 107.3498137, -6.8980711, 0.0 ], [ 107.3500611, -6.8979956, 0.0 ], [ 107.3500921, -6.8979583, 0.0 ], [ 107.3501521, -6.8979678, 0.0 ], [ 107.3501646, -6.897964, 0.0 ], [ 107.3502492, -6.8978727, 0.0 ], [ 107.3503527, -6.8978655, 0.0 ], [ 107.3504348, -6.8976728, 0.0 ], [ 107.3505418, -6.8976942, 0.0 ], [ 107.3507381, -6.89753, 0.0 ], [ 107.3510023, -6.8974765, 0.0 ], [ 107.3511843, -6.8975372, 0.0 ], [ 107.3513628, -6.8976407, 0.0 ], [ 107.351442, -6.8976682, 0.0 ], [ 107.3517962, -6.8975918, 0.0 ], [ 107.3518161, -6.8975991, 0.0 ], [ 107.35183, -6.89759, 0.0 ], [ 107.3520552, -6.897505, 0.0 ], [ 107.3522265, -6.8976014, 0.0 ], [ 107.3524192, -6.8978263, 0.0 ], [ 107.3525727, -6.898044, 0.0 ], [ 107.352637, -6.8982367, 0.0 ], [ 107.3526762, -6.898458, 0.0 ], [ 107.3526881, -6.8985268, 0.0 ], [ 107.3528967, -6.8990261, 0.0 ], [ 107.3529832, -6.8991255, 0.0 ], [ 107.3531295, -6.8992968, 0.0 ], [ 107.3531328, -6.8993217, 0.0 ], [ 107.3537307, -6.9000208, 0.0 ], [ 107.3540639, -6.9002304, 0.0 ], [ 107.354136, -6.9002033, 0.0 ], [ 107.3542038, -6.9002212, 0.0 ], [ 107.3544037, -6.9003854, 0.0 ], [ 107.3545072, -6.9004568, 0.0 ], [ 107.3546371, -6.9004815, 0.0 ], [ 107.354832, -6.9004211, 0.0 ], [ 107.3550319, -6.9004496, 0.0 ], [ 107.3552408, -6.9004984, 0.0 ], [ 107.3553246, -6.900471, 0.0 ], [ 107.3556279, -6.9005139, 0.0 ], [ 107.3558278, -6.9005924, 0.0 ], [ 107.3559242, -6.9006067, 0.0 ], [ 107.3559742, -6.9006102, 0.0 ], [ 107.3560277, -6.9006495, 0.0 ], [ 107.3562347, -6.9006709, 0.0 ], [ 107.3562882, -6.9007494, 0.0 ], [ 107.3563698, -6.9007932, 0.0 ], [ 107.356406, -6.9007744, 0.0 ], [ 107.3565309, -6.9009029, 0.0 ], [ 107.3567273, -6.901192, 0.0 ], [ 107.3566987, -6.9012705, 0.0 ], [ 107.3567094, -6.9013348, 0.0 ], [ 107.3567559, -6.9013954, 0.0 ], [ 107.3568093, -6.9014133, 0.0 ], [ 107.3568058, -6.9016881, 0.0 ], [ 107.3568022, -6.9019166, 0.0 ], [ 107.3569129, -6.9020843, 0.0 ], [ 107.3569181, -6.9020971, 0.0 ], [ 107.3576623, -6.9025876, 0.0 ], [ 107.3589113, -6.9025272, 0.0 ], [ 107.3590472, -6.9024841, 0.0 ], [ 107.3593506, -6.9024162, 0.0 ], [ 107.3593435, -6.9022592, 0.0 ], [ 107.3595219, -6.9023163, 0.0 ], [ 107.3597504, -6.9023913, 0.0 ], [ 107.3599003, -6.9024519, 0.0 ], [ 107.3600002, -6.9025483, 0.0 ], [ 107.3601001, -6.902634, 0.0 ], [ 107.3601751, -6.902741, 0.0 ], [ 107.3602144, -6.9028767, 0.0 ], [ 107.3602179, -6.9029802, 0.0 ], [ 107.3602536, -6.9030337, 0.0 ], [ 107.3603, -6.9031729, 0.0 ], [ 107.3602786, -6.9033585, 0.0 ], [ 107.3603168, -6.9035149, 0.0 ], [ 107.3603821, -6.9039617, 0.0 ], [ 107.3603609, -6.9040839, 0.0 ], [ 107.3604065, -6.9042736, 0.0 ], [ 107.3608228, -6.9050955, 0.0 ], [ 107.3609398, -6.905115, 0.0 ], [ 107.3612971, -6.9049342, 0.0 ], [ 107.3616646, -6.904489, 0.0 ], [ 107.3617733, -6.9044613, 0.0 ], [ 107.3617955, -6.9043829, 0.0 ], [ 107.3619454, -6.9042901, 0.0 ], [ 107.3621096, -6.9043186, 0.0 ], [ 107.3622095, -6.9043008, 0.0 ], [ 107.3624487, -6.90444, 0.0 ], [ 107.3624772, -6.9045685, 0.0 ], [ 107.36252, -6.90472, 0.0 ], [ 107.3624986, -6.9049861, 0.0 ], [ 107.3624308, -6.9051003, 0.0 ], [ 107.3622916, -6.905243, 0.0 ], [ 107.3622845, -6.9053251, 0.0 ], [ 107.3622381, -6.9054429, 0.0 ], [ 107.3621631, -6.9054572, 0.0 ], [ 107.3621453, -6.9055036, 0.0 ], [ 107.3621167, -6.9056357, 0.0 ], [ 107.3620275, -6.9056963, 0.0 ], [ 107.3619847, -6.9057963, 0.0 ], [ 107.361983, -6.9058606, 0.0 ], [ 107.3619347, -6.9058998, 0.0 ], [ 107.3619395, -6.9059637, 0.0 ], [ 107.3618205, -6.9060818, 0.0 ], [ 107.3618098, -6.9062388, 0.0 ], [ 107.3617562, -6.9063531, 0.0 ], [ 107.3617455, -6.9066279, 0.0 ], [ 107.3618598, -6.9068064, 0.0 ], [ 107.3618598, -6.9069277, 0.0 ], [ 107.3618954, -6.9069848, 0.0 ], [ 107.36205, -6.90712, 0.0 ], [ 107.3620648, -6.9071408, 0.0 ], [ 107.3620937, -6.9071812, 0.0 ], [ 107.3620703, -6.9072739, 0.0 ], [ 107.3621167, -6.9073631, 0.0 ], [ 107.3622488, -6.9074167, 0.0 ], [ 107.3623559, -6.907638, 0.0 ], [ 107.3623416, -6.9076737, 0.0 ], [ 107.3624415, -6.9078307, 0.0 ], [ 107.3625165, -6.9079913, 0.0 ], [ 107.3624951, -6.9081234, 0.0 ], [ 107.3625557, -6.9082162, 0.0 ], [ 107.3626021, -6.9082305, 0.0 ], [ 107.36267, -6.908309, 0.0 ], [ 107.3626878, -6.9083554, 0.0 ], [ 107.3628984, -6.9085267, 0.0 ], [ 107.3635, -6.90887, 0.0 ], [ 107.36401, -6.90937, 0.0 ], [ 107.36428, -6.90967, 0.0 ], [ 107.3644331, -6.9098937, 0.0 ], [ 107.3645299, -6.9103602, 0.0 ], [ 107.3650344, -6.9105727, 0.0 ], [ 107.3652513, -6.9108729, 0.0 ], [ 107.3655512, -6.9110865, 0.0 ], [ 107.3656115, -6.9111294, 0.0 ], [ 107.3658986, -6.9111136, 0.0 ], [ 107.3659501, -6.9110896, 0.0 ], [ 107.366271, -6.9109396, 0.0 ], [ 107.3665297, -6.9109957, 0.0 ], [ 107.3667743, -6.9110949, 0.0 ], [ 107.3667772, -6.9110959, 0.0 ], [ 107.3671626, -6.9112222, 0.0 ], [ 107.3673933, -6.9114075, 0.0 ], [ 107.3674519, -6.9116512, 0.0 ], [ 107.3674828, -6.9120815, 0.0 ], [ 107.367428, -6.9126126, 0.0 ], [ 107.3675159, -6.9129566, 0.0 ], [ 107.3678906, -6.9132417, 0.0 ], [ 107.3688233, -6.9135152, 0.0 ], [ 107.3696627, -6.9132759, 0.0 ], [ 107.3707721, -6.9132367, 0.0 ], [ 107.3714119, -6.9134352, 0.0 ], [ 107.3719855, -6.9138355, 0.0 ], [ 107.3724258, -6.9144717, 0.0 ], [ 107.3726303, -6.9150419, 0.0 ], [ 107.3733068, -6.9158449, 0.0 ], [ 107.3740156, -6.916379, 0.0 ], [ 107.3742876, -6.9169824, 0.0 ], [ 107.374492, -6.917519, 0.0 ], [ 107.3751662, -6.9176473, 0.0 ], [ 107.3757768, -6.917716, 0.0 ], [ 107.3766026, -6.9177477, 0.0 ], [ 107.3777514, -6.9177779, 0.0 ], [ 107.3785411, -6.9177739, 0.0 ], [ 107.3796191, -6.9177324, 0.0 ], [ 107.3796142, -6.9173245, 0.0 ], [ 107.3800035, -6.9164229, 0.0 ], [ 107.3806742, -6.9155199, 0.0 ], [ 107.3821362, -6.9153439, 0.0 ], [ 107.3835451, -6.9157867, 0.0 ], [ 107.3843384, -6.9169073, 0.0 ], [ 107.386088, -6.9179668, 0.0 ], [ 107.3874968, -6.9184095, 0.0 ], [ 107.3889037, -6.9184587, 0.0 ], [ 107.3898006, -6.9177795, 0.0 ], [ 107.3901328, -6.9167095, 0.0 ], [ 107.3905207, -6.9155268, 0.0 ], [ 107.391305, -6.9148481, 0.0 ], [ 107.3926516, -6.9141104, 0.0 ], [ 107.3932089, -6.9130393, 0.0 ], [ 107.3935397, -6.9116882, 0.0 ], [ 107.3938873, -6.9113021, 0.0 ], [ 107.3940992, -6.9110669, 0.0 ], [ 107.3952227, -6.9107239, 0.0 ], [ 107.3960684, -6.911057, 0.0 ], [ 107.3964248, -6.9113213, 0.0 ], [ 107.3971979, -6.9118947, 0.0 ], [ 107.3982689, -6.9122829, 0.0 ], [ 107.3984222, -6.9133361, 0.0 ], [ 107.3987439, -6.9142845, 0.0 ], [ 107.3986783, -6.9152349, 0.0 ], [ 107.3981555, -6.9162931, 0.0 ], [ 107.3973508, -6.9173176, 0.0 ], [ 107.3966523, -6.9184471, 0.0 ], [ 107.3961639, -6.9193644, 0.0 ], [ 107.3959217, -6.9202101, 0.0 ], [ 107.3959269, -6.9212305, 0.0 ], [ 107.3966353, -6.9220714, 0.0 ], [ 107.3974468, -6.922384, 0.0 ], [ 107.3985385, -6.9224137, 0.0 ], [ 107.3994879, -6.9221626, 0.0 ], [ 107.4002956, -6.9217362, 0.0 ], [ 107.4011373, -6.9210634, 0.0 ], [ 107.4026417, -6.9191558, 0.0 ], [ 107.4033772, -6.918378, 0.0 ], [ 107.4039734, -6.9179175, 0.0 ], [ 107.4039985, -6.9174319, 0.0 ], [ 107.4042273, -6.916629, 0.0 ], [ 107.4044831, -6.9160328, 0.0 ], [ 107.4055908, -6.9149926, 0.0 ], [ 107.4063643, -6.9144197, 0.0 ], [ 107.4073193, -6.9138976, 0.0 ], [ 107.4081969, -6.9134276, 0.0 ], [ 107.4088674, -6.9129587, 0.0 ], [ 107.4092787, -6.9124135, 0.0 ], [ 107.4095599, -6.9117137, 0.0 ], [ 107.4096444, -6.9114213, 0.0 ], [ 107.4098142, -6.9108331, 0.0 ], [ 107.4100949, -6.9100299, 0.0 ], [ 107.410429, -6.9095626, 0.0 ], [ 107.4107111, -6.9090698, 0.0 ], [ 107.4112005, -6.9086018, 0.0 ], [ 107.4114826, -6.9080831, 0.0 ], [ 107.4115523, -6.9077132, 0.0 ], [ 107.4132574, -6.907845, 0.0 ], [ 107.414771, -6.9082688, 0.0 ], [ 107.4164577, -6.9087781, 0.0 ], [ 107.4178005, -6.9095913, 0.0 ], [ 107.4187113, -6.9103634, 0.0 ], [ 107.4194934, -6.9113088, 0.0 ], [ 107.4198024, -6.9114978, 0.0 ], [ 107.4204031, -6.9118652, 0.0 ], [ 107.4210081, -6.9119485, 0.0 ], [ 107.4217841, -6.9116856, 0.0 ], [ 107.4218501, -6.9115132, 0.0 ], [ 107.4220824, -6.9109073, 0.0 ], [ 107.422293, -6.9098705, 0.0 ], [ 107.4226336, -6.9089194, 0.0 ], [ 107.4231481, -6.9081831, 0.0 ], [ 107.42388, -6.9077479, 0.0 ], [ 107.4244387, -6.9072272, 0.0 ], [ 107.4247798, -6.9063624, 0.0 ], [ 107.4251633, -6.9053679, 0.0 ], [ 107.4256361, -6.9049339, 0.0 ], [ 107.4261964, -6.9047153, 0.0 ], [ 107.4272764, -6.9047961, 0.0 ], [ 107.4288743, -6.9048311, 0.0 ], [ 107.4303416, -6.904651, 0.0 ], [ 107.4309869, -6.904173, 0.0 ], [ 107.4314593, -6.9036528, 0.0 ], [ 107.4322768, -6.9030876, 0.0 ], [ 107.433355, -6.9028232, 0.0 ], [ 107.4346068, -6.9027305, 0.0 ], [ 107.4357284, -6.902509, 0.0 ], [ 107.4363303, -6.9019881, 0.0 ], [ 107.4364984, -6.901081, 0.0 ], [ 107.4361477, -6.9000471, 0.0 ], [ 107.4356255, -6.899273, 0.0 ], [ 107.4354931, -6.8987126, 0.0 ], [ 107.4354907, -6.898238, 0.0 ], [ 107.4357908, -6.8978049, 0.0 ], [ 107.436609, -6.8973692, 0.0 ], [ 107.4370388, -6.8969786, 0.0 ], [ 107.437295, -6.8964163, 0.0 ], [ 107.437421, -6.8957252, 0.0 ], [ 107.4374565, -6.8942146, 0.0 ] ] ] ] } }
]
}
